ARM GAS  /tmp/ccMJcgml.s 			page 1


   1              		.cpu cortex-m0plus
   2              		.arch armv6s-m
   3              		.fpu softvfp
   4              		.eabi_attribute 20, 1
   5              		.eabi_attribute 21, 1
   6              		.eabi_attribute 23, 3
   7              		.eabi_attribute 24, 1
   8              		.eabi_attribute 25, 1
   9              		.eabi_attribute 26, 1
  10              		.eabi_attribute 30, 4
  11              		.eabi_attribute 34, 0
  12              		.eabi_attribute 18, 4
  13              		.file	"queue.c"
  14              		.text
  15              	.Ltext0:
  16              		.cfi_sections	.debug_frame
  17              		.file 1 "Middlewares/Third_Party/FreeRTOS/Source/queue.c"
  18              		.section	.text.prvIsQueueEmpty,"ax",%progbits
  19              		.align	1
  20              		.syntax unified
  21              		.code	16
  22              		.thumb_func
  24              	prvIsQueueEmpty:
  25              	.LVL0:
  26              	.LFB29:
   1:Middlewares/Third_Party/FreeRTOS/Source/queue.c **** /*
   2:Middlewares/Third_Party/FreeRTOS/Source/queue.c ****  * FreeRTOS Kernel V10.5.1
   3:Middlewares/Third_Party/FreeRTOS/Source/queue.c ****  * Copyright (C) 2021 Amazon.com, Inc. or its affiliates.  All Rights Reserved.
   4:Middlewares/Third_Party/FreeRTOS/Source/queue.c ****  *
   5:Middlewares/Third_Party/FreeRTOS/Source/queue.c ****  * SPDX-License-Identifier: MIT
   6:Middlewares/Third_Party/FreeRTOS/Source/queue.c ****  *
   7:Middlewares/Third_Party/FreeRTOS/Source/queue.c ****  * Permission is hereby granted, free of charge, to any person obtaining a copy of
   8:Middlewares/Third_Party/FreeRTOS/Source/queue.c ****  * this software and associated documentation files (the "Software"), to deal in
   9:Middlewares/Third_Party/FreeRTOS/Source/queue.c ****  * the Software without restriction, including without limitation the rights to
  10:Middlewares/Third_Party/FreeRTOS/Source/queue.c ****  * use, copy, modify, merge, publish, distribute, sublicense, and/or sell copies of
  11:Middlewares/Third_Party/FreeRTOS/Source/queue.c ****  * the Software, and to permit persons to whom the Software is furnished to do so,
  12:Middlewares/Third_Party/FreeRTOS/Source/queue.c ****  * subject to the following conditions:
  13:Middlewares/Third_Party/FreeRTOS/Source/queue.c ****  *
  14:Middlewares/Third_Party/FreeRTOS/Source/queue.c ****  * The above copyright notice and this permission notice shall be included in all
  15:Middlewares/Third_Party/FreeRTOS/Source/queue.c ****  * copies or substantial portions of the Software.
  16:Middlewares/Third_Party/FreeRTOS/Source/queue.c ****  *
  17:Middlewares/Third_Party/FreeRTOS/Source/queue.c ****  * THE SOFTWARE IS PROVIDED "AS IS", WITHOUT WARRANTY OF ANY KIND, EXPRESS OR
  18:Middlewares/Third_Party/FreeRTOS/Source/queue.c ****  * IMPLIED, INCLUDING BUT NOT LIMITED TO THE WARRANTIES OF MERCHANTABILITY, FITNESS
  19:Middlewares/Third_Party/FreeRTOS/Source/queue.c ****  * FOR A PARTICULAR PURPOSE AND NONINFRINGEMENT. IN NO EVENT SHALL THE AUTHORS OR
  20:Middlewares/Third_Party/FreeRTOS/Source/queue.c ****  * COPYRIGHT HOLDERS BE LIABLE FOR ANY CLAIM, DAMAGES OR OTHER LIABILITY, WHETHER
  21:Middlewares/Third_Party/FreeRTOS/Source/queue.c ****  * IN AN ACTION OF CONTRACT, TORT OR OTHERWISE, ARISING FROM, OUT OF OR IN
  22:Middlewares/Third_Party/FreeRTOS/Source/queue.c ****  * CONNECTION WITH THE SOFTWARE OR THE USE OR OTHER DEALINGS IN THE SOFTWARE.
  23:Middlewares/Third_Party/FreeRTOS/Source/queue.c ****  *
  24:Middlewares/Third_Party/FreeRTOS/Source/queue.c ****  * https://www.FreeRTOS.org
  25:Middlewares/Third_Party/FreeRTOS/Source/queue.c ****  * https://github.com/FreeRTOS
  26:Middlewares/Third_Party/FreeRTOS/Source/queue.c ****  *
  27:Middlewares/Third_Party/FreeRTOS/Source/queue.c ****  */
  28:Middlewares/Third_Party/FreeRTOS/Source/queue.c **** 
  29:Middlewares/Third_Party/FreeRTOS/Source/queue.c **** #include <stdlib.h>
  30:Middlewares/Third_Party/FreeRTOS/Source/queue.c **** #include <string.h>
  31:Middlewares/Third_Party/FreeRTOS/Source/queue.c **** 
  32:Middlewares/Third_Party/FreeRTOS/Source/queue.c **** /* Defining MPU_WRAPPERS_INCLUDED_FROM_API_FILE prevents task.h from redefining
ARM GAS  /tmp/ccMJcgml.s 			page 2


  33:Middlewares/Third_Party/FreeRTOS/Source/queue.c ****  * all the API functions to use the MPU wrappers.  That should only be done when
  34:Middlewares/Third_Party/FreeRTOS/Source/queue.c ****  * task.h is included from an application file. */
  35:Middlewares/Third_Party/FreeRTOS/Source/queue.c **** #define MPU_WRAPPERS_INCLUDED_FROM_API_FILE
  36:Middlewares/Third_Party/FreeRTOS/Source/queue.c **** 
  37:Middlewares/Third_Party/FreeRTOS/Source/queue.c **** 
  38:Middlewares/Third_Party/FreeRTOS/Source/queue.c **** #include "include/FreeRTOS.h"
  39:Middlewares/Third_Party/FreeRTOS/Source/queue.c **** #include "task.h"
  40:Middlewares/Third_Party/FreeRTOS/Source/queue.c **** #include "queue.h"
  41:Middlewares/Third_Party/FreeRTOS/Source/queue.c **** 
  42:Middlewares/Third_Party/FreeRTOS/Source/queue.c **** #if ( configUSE_CO_ROUTINES == 1 )
  43:Middlewares/Third_Party/FreeRTOS/Source/queue.c ****     #include "croutine.h"
  44:Middlewares/Third_Party/FreeRTOS/Source/queue.c **** #endif
  45:Middlewares/Third_Party/FreeRTOS/Source/queue.c **** 
  46:Middlewares/Third_Party/FreeRTOS/Source/queue.c **** /* Lint e9021, e961 and e750 are suppressed as a MISRA exception justified
  47:Middlewares/Third_Party/FreeRTOS/Source/queue.c ****  * because the MPU ports require MPU_WRAPPERS_INCLUDED_FROM_API_FILE to be defined
  48:Middlewares/Third_Party/FreeRTOS/Source/queue.c ****  * for the header files above, but not in this file, in order to generate the
  49:Middlewares/Third_Party/FreeRTOS/Source/queue.c ****  * correct privileged Vs unprivileged linkage and placement. */
  50:Middlewares/Third_Party/FreeRTOS/Source/queue.c **** #undef MPU_WRAPPERS_INCLUDED_FROM_API_FILE /*lint !e961 !e750 !e9021. */
  51:Middlewares/Third_Party/FreeRTOS/Source/queue.c **** 
  52:Middlewares/Third_Party/FreeRTOS/Source/queue.c **** 
  53:Middlewares/Third_Party/FreeRTOS/Source/queue.c **** /* Constants used with the cRxLock and cTxLock structure members. */
  54:Middlewares/Third_Party/FreeRTOS/Source/queue.c **** #define queueUNLOCKED             ( ( int8_t ) -1 )
  55:Middlewares/Third_Party/FreeRTOS/Source/queue.c **** #define queueLOCKED_UNMODIFIED    ( ( int8_t ) 0 )
  56:Middlewares/Third_Party/FreeRTOS/Source/queue.c **** #define queueINT8_MAX             ( ( int8_t ) 127 )
  57:Middlewares/Third_Party/FreeRTOS/Source/queue.c **** 
  58:Middlewares/Third_Party/FreeRTOS/Source/queue.c **** /* When the Queue_t structure is used to represent a base queue its pcHead and
  59:Middlewares/Third_Party/FreeRTOS/Source/queue.c ****  * pcTail members are used as pointers into the queue storage area.  When the
  60:Middlewares/Third_Party/FreeRTOS/Source/queue.c ****  * Queue_t structure is used to represent a mutex pcHead and pcTail pointers are
  61:Middlewares/Third_Party/FreeRTOS/Source/queue.c ****  * not necessary, and the pcHead pointer is set to NULL to indicate that the
  62:Middlewares/Third_Party/FreeRTOS/Source/queue.c ****  * structure instead holds a pointer to the mutex holder (if any).  Map alternative
  63:Middlewares/Third_Party/FreeRTOS/Source/queue.c ****  * names to the pcHead and structure member to ensure the readability of the code
  64:Middlewares/Third_Party/FreeRTOS/Source/queue.c ****  * is maintained.  The QueuePointers_t and SemaphoreData_t types are used to form
  65:Middlewares/Third_Party/FreeRTOS/Source/queue.c ****  * a union as their usage is mutually exclusive dependent on what the queue is
  66:Middlewares/Third_Party/FreeRTOS/Source/queue.c ****  * being used for. */
  67:Middlewares/Third_Party/FreeRTOS/Source/queue.c **** #define uxQueueType               pcHead
  68:Middlewares/Third_Party/FreeRTOS/Source/queue.c **** #define queueQUEUE_IS_MUTEX       NULL
  69:Middlewares/Third_Party/FreeRTOS/Source/queue.c **** 
  70:Middlewares/Third_Party/FreeRTOS/Source/queue.c **** typedef struct QueuePointers
  71:Middlewares/Third_Party/FreeRTOS/Source/queue.c **** {
  72:Middlewares/Third_Party/FreeRTOS/Source/queue.c ****     int8_t * pcTail;     /*< Points to the byte at the end of the queue storage area.  Once more by
  73:Middlewares/Third_Party/FreeRTOS/Source/queue.c ****     int8_t * pcReadFrom; /*< Points to the last place that a queued item was read from when the str
  74:Middlewares/Third_Party/FreeRTOS/Source/queue.c **** } QueuePointers_t;
  75:Middlewares/Third_Party/FreeRTOS/Source/queue.c **** 
  76:Middlewares/Third_Party/FreeRTOS/Source/queue.c **** typedef struct SemaphoreData
  77:Middlewares/Third_Party/FreeRTOS/Source/queue.c **** {
  78:Middlewares/Third_Party/FreeRTOS/Source/queue.c ****     TaskHandle_t xMutexHolder;        /*< The handle of the task that holds the mutex. */
  79:Middlewares/Third_Party/FreeRTOS/Source/queue.c ****     UBaseType_t uxRecursiveCallCount; /*< Maintains a count of the number of times a recursive mute
  80:Middlewares/Third_Party/FreeRTOS/Source/queue.c **** } SemaphoreData_t;
  81:Middlewares/Third_Party/FreeRTOS/Source/queue.c **** 
  82:Middlewares/Third_Party/FreeRTOS/Source/queue.c **** /* Semaphores do not actually store or copy data, so have an item size of
  83:Middlewares/Third_Party/FreeRTOS/Source/queue.c ****  * zero. */
  84:Middlewares/Third_Party/FreeRTOS/Source/queue.c **** #define queueSEMAPHORE_QUEUE_ITEM_LENGTH    ( ( UBaseType_t ) 0 )
  85:Middlewares/Third_Party/FreeRTOS/Source/queue.c **** #define queueMUTEX_GIVE_BLOCK_TIME          ( ( TickType_t ) 0U )
  86:Middlewares/Third_Party/FreeRTOS/Source/queue.c **** 
  87:Middlewares/Third_Party/FreeRTOS/Source/queue.c **** #if ( configUSE_PREEMPTION == 0 )
  88:Middlewares/Third_Party/FreeRTOS/Source/queue.c **** 
  89:Middlewares/Third_Party/FreeRTOS/Source/queue.c **** /* If the cooperative scheduler is being used then a yield should not be
ARM GAS  /tmp/ccMJcgml.s 			page 3


  90:Middlewares/Third_Party/FreeRTOS/Source/queue.c ****  * performed just because a higher priority task has been woken. */
  91:Middlewares/Third_Party/FreeRTOS/Source/queue.c ****     #define queueYIELD_IF_USING_PREEMPTION()
  92:Middlewares/Third_Party/FreeRTOS/Source/queue.c **** #else
  93:Middlewares/Third_Party/FreeRTOS/Source/queue.c ****     #define queueYIELD_IF_USING_PREEMPTION()    portYIELD_WITHIN_API()
  94:Middlewares/Third_Party/FreeRTOS/Source/queue.c **** #endif
  95:Middlewares/Third_Party/FreeRTOS/Source/queue.c **** 
  96:Middlewares/Third_Party/FreeRTOS/Source/queue.c **** /*
  97:Middlewares/Third_Party/FreeRTOS/Source/queue.c ****  * Definition of the queue used by the scheduler.
  98:Middlewares/Third_Party/FreeRTOS/Source/queue.c ****  * Items are queued by copy, not reference.  See the following link for the
  99:Middlewares/Third_Party/FreeRTOS/Source/queue.c ****  * rationale: https://www.FreeRTOS.org/Embedded-RTOS-Queues.html
 100:Middlewares/Third_Party/FreeRTOS/Source/queue.c ****  */
 101:Middlewares/Third_Party/FreeRTOS/Source/queue.c **** typedef struct QueueDefinition /* The old naming convention is used to prevent breaking kernel awar
 102:Middlewares/Third_Party/FreeRTOS/Source/queue.c **** {
 103:Middlewares/Third_Party/FreeRTOS/Source/queue.c ****     int8_t * pcHead;           /*< Points to the beginning of the queue storage area. */
 104:Middlewares/Third_Party/FreeRTOS/Source/queue.c ****     int8_t * pcWriteTo;        /*< Points to the free next place in the storage area. */
 105:Middlewares/Third_Party/FreeRTOS/Source/queue.c **** 
 106:Middlewares/Third_Party/FreeRTOS/Source/queue.c ****     union
 107:Middlewares/Third_Party/FreeRTOS/Source/queue.c ****     {
 108:Middlewares/Third_Party/FreeRTOS/Source/queue.c ****         QueuePointers_t xQueue;     /*< Data required exclusively when this structure is used as a 
 109:Middlewares/Third_Party/FreeRTOS/Source/queue.c ****         SemaphoreData_t xSemaphore; /*< Data required exclusively when this structure is used as a 
 110:Middlewares/Third_Party/FreeRTOS/Source/queue.c ****     } u;
 111:Middlewares/Third_Party/FreeRTOS/Source/queue.c **** 
 112:Middlewares/Third_Party/FreeRTOS/Source/queue.c ****     List_t xTasksWaitingToSend;             /*< List of tasks that are blocked waiting to post onto
 113:Middlewares/Third_Party/FreeRTOS/Source/queue.c ****     List_t xTasksWaitingToReceive;          /*< List of tasks that are blocked waiting to read from
 114:Middlewares/Third_Party/FreeRTOS/Source/queue.c **** 
 115:Middlewares/Third_Party/FreeRTOS/Source/queue.c ****     volatile UBaseType_t uxMessagesWaiting; /*< The number of items currently in the queue. */
 116:Middlewares/Third_Party/FreeRTOS/Source/queue.c ****     UBaseType_t uxLength;                   /*< The length of the queue defined as the number of it
 117:Middlewares/Third_Party/FreeRTOS/Source/queue.c ****     UBaseType_t uxItemSize;                 /*< The size of each items that the queue will hold. */
 118:Middlewares/Third_Party/FreeRTOS/Source/queue.c **** 
 119:Middlewares/Third_Party/FreeRTOS/Source/queue.c ****     volatile int8_t cRxLock;                /*< Stores the number of items received from the queue 
 120:Middlewares/Third_Party/FreeRTOS/Source/queue.c ****     volatile int8_t cTxLock;                /*< Stores the number of items transmitted to the queue
 121:Middlewares/Third_Party/FreeRTOS/Source/queue.c **** 
 122:Middlewares/Third_Party/FreeRTOS/Source/queue.c ****     #if ( ( configSUPPORT_STATIC_ALLOCATION == 1 ) && ( configSUPPORT_DYNAMIC_ALLOCATION == 1 ) )
 123:Middlewares/Third_Party/FreeRTOS/Source/queue.c ****         uint8_t ucStaticallyAllocated; /*< Set to pdTRUE if the memory used by the queue was static
 124:Middlewares/Third_Party/FreeRTOS/Source/queue.c ****     #endif
 125:Middlewares/Third_Party/FreeRTOS/Source/queue.c **** 
 126:Middlewares/Third_Party/FreeRTOS/Source/queue.c ****     #if ( configUSE_QUEUE_SETS == 1 )
 127:Middlewares/Third_Party/FreeRTOS/Source/queue.c ****         struct QueueDefinition * pxQueueSetContainer;
 128:Middlewares/Third_Party/FreeRTOS/Source/queue.c ****     #endif
 129:Middlewares/Third_Party/FreeRTOS/Source/queue.c **** 
 130:Middlewares/Third_Party/FreeRTOS/Source/queue.c ****     #if ( configUSE_TRACE_FACILITY == 1 )
 131:Middlewares/Third_Party/FreeRTOS/Source/queue.c ****         UBaseType_t uxQueueNumber;
 132:Middlewares/Third_Party/FreeRTOS/Source/queue.c ****         uint8_t ucQueueType;
 133:Middlewares/Third_Party/FreeRTOS/Source/queue.c ****     #endif
 134:Middlewares/Third_Party/FreeRTOS/Source/queue.c **** } xQUEUE;
 135:Middlewares/Third_Party/FreeRTOS/Source/queue.c **** 
 136:Middlewares/Third_Party/FreeRTOS/Source/queue.c **** /* The old xQUEUE name is maintained above then typedefed to the new Queue_t
 137:Middlewares/Third_Party/FreeRTOS/Source/queue.c ****  * name below to enable the use of older kernel aware debuggers. */
 138:Middlewares/Third_Party/FreeRTOS/Source/queue.c **** typedef xQUEUE Queue_t;
 139:Middlewares/Third_Party/FreeRTOS/Source/queue.c **** 
 140:Middlewares/Third_Party/FreeRTOS/Source/queue.c **** /*-----------------------------------------------------------*/
 141:Middlewares/Third_Party/FreeRTOS/Source/queue.c **** 
 142:Middlewares/Third_Party/FreeRTOS/Source/queue.c **** /*
 143:Middlewares/Third_Party/FreeRTOS/Source/queue.c ****  * The queue registry is just a means for kernel aware debuggers to locate
 144:Middlewares/Third_Party/FreeRTOS/Source/queue.c ****  * queue structures.  It has no other purpose so is an optional component.
 145:Middlewares/Third_Party/FreeRTOS/Source/queue.c ****  */
 146:Middlewares/Third_Party/FreeRTOS/Source/queue.c **** #if ( configQUEUE_REGISTRY_SIZE > 0 )
ARM GAS  /tmp/ccMJcgml.s 			page 4


 147:Middlewares/Third_Party/FreeRTOS/Source/queue.c **** 
 148:Middlewares/Third_Party/FreeRTOS/Source/queue.c **** /* The type stored within the queue registry array.  This allows a name
 149:Middlewares/Third_Party/FreeRTOS/Source/queue.c ****  * to be assigned to each queue making kernel aware debugging a little
 150:Middlewares/Third_Party/FreeRTOS/Source/queue.c ****  * more user friendly. */
 151:Middlewares/Third_Party/FreeRTOS/Source/queue.c ****     typedef struct QUEUE_REGISTRY_ITEM
 152:Middlewares/Third_Party/FreeRTOS/Source/queue.c ****     {
 153:Middlewares/Third_Party/FreeRTOS/Source/queue.c ****         const char * pcQueueName; /*lint !e971 Unqualified char types are allowed for strings and s
 154:Middlewares/Third_Party/FreeRTOS/Source/queue.c ****         QueueHandle_t xHandle;
 155:Middlewares/Third_Party/FreeRTOS/Source/queue.c ****     } xQueueRegistryItem;
 156:Middlewares/Third_Party/FreeRTOS/Source/queue.c **** 
 157:Middlewares/Third_Party/FreeRTOS/Source/queue.c **** /* The old xQueueRegistryItem name is maintained above then typedefed to the
 158:Middlewares/Third_Party/FreeRTOS/Source/queue.c ****  * new xQueueRegistryItem name below to enable the use of older kernel aware
 159:Middlewares/Third_Party/FreeRTOS/Source/queue.c ****  * debuggers. */
 160:Middlewares/Third_Party/FreeRTOS/Source/queue.c ****     typedef xQueueRegistryItem QueueRegistryItem_t;
 161:Middlewares/Third_Party/FreeRTOS/Source/queue.c **** 
 162:Middlewares/Third_Party/FreeRTOS/Source/queue.c **** /* The queue registry is simply an array of QueueRegistryItem_t structures.
 163:Middlewares/Third_Party/FreeRTOS/Source/queue.c ****  * The pcQueueName member of a structure being NULL is indicative of the
 164:Middlewares/Third_Party/FreeRTOS/Source/queue.c ****  * array position being vacant. */
 165:Middlewares/Third_Party/FreeRTOS/Source/queue.c ****     PRIVILEGED_DATA QueueRegistryItem_t xQueueRegistry[ configQUEUE_REGISTRY_SIZE ];
 166:Middlewares/Third_Party/FreeRTOS/Source/queue.c **** 
 167:Middlewares/Third_Party/FreeRTOS/Source/queue.c **** #endif /* configQUEUE_REGISTRY_SIZE */
 168:Middlewares/Third_Party/FreeRTOS/Source/queue.c **** 
 169:Middlewares/Third_Party/FreeRTOS/Source/queue.c **** /*
 170:Middlewares/Third_Party/FreeRTOS/Source/queue.c ****  * Unlocks a queue locked by a call to prvLockQueue.  Locking a queue does not
 171:Middlewares/Third_Party/FreeRTOS/Source/queue.c ****  * prevent an ISR from adding or removing items to the queue, but does prevent
 172:Middlewares/Third_Party/FreeRTOS/Source/queue.c ****  * an ISR from removing tasks from the queue event lists.  If an ISR finds a
 173:Middlewares/Third_Party/FreeRTOS/Source/queue.c ****  * queue is locked it will instead increment the appropriate queue lock count
 174:Middlewares/Third_Party/FreeRTOS/Source/queue.c ****  * to indicate that a task may require unblocking.  When the queue in unlocked
 175:Middlewares/Third_Party/FreeRTOS/Source/queue.c ****  * these lock counts are inspected, and the appropriate action taken.
 176:Middlewares/Third_Party/FreeRTOS/Source/queue.c ****  */
 177:Middlewares/Third_Party/FreeRTOS/Source/queue.c **** static void prvUnlockQueue( Queue_t * const pxQueue ) PRIVILEGED_FUNCTION;
 178:Middlewares/Third_Party/FreeRTOS/Source/queue.c **** 
 179:Middlewares/Third_Party/FreeRTOS/Source/queue.c **** /*
 180:Middlewares/Third_Party/FreeRTOS/Source/queue.c ****  * Uses a critical section to determine if there is any data in a queue.
 181:Middlewares/Third_Party/FreeRTOS/Source/queue.c ****  *
 182:Middlewares/Third_Party/FreeRTOS/Source/queue.c ****  * @return pdTRUE if the queue contains no items, otherwise pdFALSE.
 183:Middlewares/Third_Party/FreeRTOS/Source/queue.c ****  */
 184:Middlewares/Third_Party/FreeRTOS/Source/queue.c **** static BaseType_t prvIsQueueEmpty( const Queue_t * pxQueue ) PRIVILEGED_FUNCTION;
 185:Middlewares/Third_Party/FreeRTOS/Source/queue.c **** 
 186:Middlewares/Third_Party/FreeRTOS/Source/queue.c **** /*
 187:Middlewares/Third_Party/FreeRTOS/Source/queue.c ****  * Uses a critical section to determine if there is any space in a queue.
 188:Middlewares/Third_Party/FreeRTOS/Source/queue.c ****  *
 189:Middlewares/Third_Party/FreeRTOS/Source/queue.c ****  * @return pdTRUE if there is no space, otherwise pdFALSE;
 190:Middlewares/Third_Party/FreeRTOS/Source/queue.c ****  */
 191:Middlewares/Third_Party/FreeRTOS/Source/queue.c **** static BaseType_t prvIsQueueFull( const Queue_t * pxQueue ) PRIVILEGED_FUNCTION;
 192:Middlewares/Third_Party/FreeRTOS/Source/queue.c **** 
 193:Middlewares/Third_Party/FreeRTOS/Source/queue.c **** /*
 194:Middlewares/Third_Party/FreeRTOS/Source/queue.c ****  * Copies an item into the queue, either at the front of the queue or the
 195:Middlewares/Third_Party/FreeRTOS/Source/queue.c ****  * back of the queue.
 196:Middlewares/Third_Party/FreeRTOS/Source/queue.c ****  */
 197:Middlewares/Third_Party/FreeRTOS/Source/queue.c **** static BaseType_t prvCopyDataToQueue( Queue_t * const pxQueue,
 198:Middlewares/Third_Party/FreeRTOS/Source/queue.c ****                                       const void * pvItemToQueue,
 199:Middlewares/Third_Party/FreeRTOS/Source/queue.c ****                                       const BaseType_t xPosition ) PRIVILEGED_FUNCTION;
 200:Middlewares/Third_Party/FreeRTOS/Source/queue.c **** 
 201:Middlewares/Third_Party/FreeRTOS/Source/queue.c **** /*
 202:Middlewares/Third_Party/FreeRTOS/Source/queue.c ****  * Copies an item out of a queue.
 203:Middlewares/Third_Party/FreeRTOS/Source/queue.c ****  */
ARM GAS  /tmp/ccMJcgml.s 			page 5


 204:Middlewares/Third_Party/FreeRTOS/Source/queue.c **** static void prvCopyDataFromQueue( Queue_t * const pxQueue,
 205:Middlewares/Third_Party/FreeRTOS/Source/queue.c ****                                   void * const pvBuffer ) PRIVILEGED_FUNCTION;
 206:Middlewares/Third_Party/FreeRTOS/Source/queue.c **** 
 207:Middlewares/Third_Party/FreeRTOS/Source/queue.c **** #if ( configUSE_QUEUE_SETS == 1 )
 208:Middlewares/Third_Party/FreeRTOS/Source/queue.c **** 
 209:Middlewares/Third_Party/FreeRTOS/Source/queue.c **** /*
 210:Middlewares/Third_Party/FreeRTOS/Source/queue.c ****  * Checks to see if a queue is a member of a queue set, and if so, notifies
 211:Middlewares/Third_Party/FreeRTOS/Source/queue.c ****  * the queue set that the queue contains data.
 212:Middlewares/Third_Party/FreeRTOS/Source/queue.c ****  */
 213:Middlewares/Third_Party/FreeRTOS/Source/queue.c ****     static BaseType_t prvNotifyQueueSetContainer( const Queue_t * const pxQueue ) PRIVILEGED_FUNCTI
 214:Middlewares/Third_Party/FreeRTOS/Source/queue.c **** #endif
 215:Middlewares/Third_Party/FreeRTOS/Source/queue.c **** 
 216:Middlewares/Third_Party/FreeRTOS/Source/queue.c **** /*
 217:Middlewares/Third_Party/FreeRTOS/Source/queue.c ****  * Called after a Queue_t structure has been allocated either statically or
 218:Middlewares/Third_Party/FreeRTOS/Source/queue.c ****  * dynamically to fill in the structure's members.
 219:Middlewares/Third_Party/FreeRTOS/Source/queue.c ****  */
 220:Middlewares/Third_Party/FreeRTOS/Source/queue.c **** static void prvInitialiseNewQueue( const UBaseType_t uxQueueLength,
 221:Middlewares/Third_Party/FreeRTOS/Source/queue.c ****                                    const UBaseType_t uxItemSize,
 222:Middlewares/Third_Party/FreeRTOS/Source/queue.c ****                                    uint8_t * pucQueueStorage,
 223:Middlewares/Third_Party/FreeRTOS/Source/queue.c ****                                    const uint8_t ucQueueType,
 224:Middlewares/Third_Party/FreeRTOS/Source/queue.c ****                                    Queue_t * pxNewQueue ) PRIVILEGED_FUNCTION;
 225:Middlewares/Third_Party/FreeRTOS/Source/queue.c **** 
 226:Middlewares/Third_Party/FreeRTOS/Source/queue.c **** /*
 227:Middlewares/Third_Party/FreeRTOS/Source/queue.c ****  * Mutexes are a special type of queue.  When a mutex is created, first the
 228:Middlewares/Third_Party/FreeRTOS/Source/queue.c ****  * queue is created, then prvInitialiseMutex() is called to configure the queue
 229:Middlewares/Third_Party/FreeRTOS/Source/queue.c ****  * as a mutex.
 230:Middlewares/Third_Party/FreeRTOS/Source/queue.c ****  */
 231:Middlewares/Third_Party/FreeRTOS/Source/queue.c **** #if ( configUSE_MUTEXES == 1 )
 232:Middlewares/Third_Party/FreeRTOS/Source/queue.c ****     static void prvInitialiseMutex( Queue_t * pxNewQueue ) PRIVILEGED_FUNCTION;
 233:Middlewares/Third_Party/FreeRTOS/Source/queue.c **** #endif
 234:Middlewares/Third_Party/FreeRTOS/Source/queue.c **** 
 235:Middlewares/Third_Party/FreeRTOS/Source/queue.c **** #if ( configUSE_MUTEXES == 1 )
 236:Middlewares/Third_Party/FreeRTOS/Source/queue.c **** 
 237:Middlewares/Third_Party/FreeRTOS/Source/queue.c **** /*
 238:Middlewares/Third_Party/FreeRTOS/Source/queue.c ****  * If a task waiting for a mutex causes the mutex holder to inherit a
 239:Middlewares/Third_Party/FreeRTOS/Source/queue.c ****  * priority, but the waiting task times out, then the holder should
 240:Middlewares/Third_Party/FreeRTOS/Source/queue.c ****  * disinherit the priority - but only down to the highest priority of any
 241:Middlewares/Third_Party/FreeRTOS/Source/queue.c ****  * other tasks that are waiting for the same mutex.  This function returns
 242:Middlewares/Third_Party/FreeRTOS/Source/queue.c ****  * that priority.
 243:Middlewares/Third_Party/FreeRTOS/Source/queue.c ****  */
 244:Middlewares/Third_Party/FreeRTOS/Source/queue.c ****     static UBaseType_t prvGetDisinheritPriorityAfterTimeout( const Queue_t * const pxQueue ) PRIVIL
 245:Middlewares/Third_Party/FreeRTOS/Source/queue.c **** #endif
 246:Middlewares/Third_Party/FreeRTOS/Source/queue.c **** /*-----------------------------------------------------------*/
 247:Middlewares/Third_Party/FreeRTOS/Source/queue.c **** 
 248:Middlewares/Third_Party/FreeRTOS/Source/queue.c **** /*
 249:Middlewares/Third_Party/FreeRTOS/Source/queue.c ****  * Macro to mark a queue as locked.  Locking a queue prevents an ISR from
 250:Middlewares/Third_Party/FreeRTOS/Source/queue.c ****  * accessing the queue event lists.
 251:Middlewares/Third_Party/FreeRTOS/Source/queue.c ****  */
 252:Middlewares/Third_Party/FreeRTOS/Source/queue.c **** #define prvLockQueue( pxQueue )                            \
 253:Middlewares/Third_Party/FreeRTOS/Source/queue.c ****     taskENTER_CRITICAL();                                  \
 254:Middlewares/Third_Party/FreeRTOS/Source/queue.c ****     {                                                      \
 255:Middlewares/Third_Party/FreeRTOS/Source/queue.c ****         if( ( pxQueue )->cRxLock == queueUNLOCKED )        \
 256:Middlewares/Third_Party/FreeRTOS/Source/queue.c ****         {                                                  \
 257:Middlewares/Third_Party/FreeRTOS/Source/queue.c ****             ( pxQueue )->cRxLock = queueLOCKED_UNMODIFIED; \
 258:Middlewares/Third_Party/FreeRTOS/Source/queue.c ****         }                                                  \
 259:Middlewares/Third_Party/FreeRTOS/Source/queue.c ****         if( ( pxQueue )->cTxLock == queueUNLOCKED )        \
 260:Middlewares/Third_Party/FreeRTOS/Source/queue.c ****         {                                                  \
ARM GAS  /tmp/ccMJcgml.s 			page 6


 261:Middlewares/Third_Party/FreeRTOS/Source/queue.c ****             ( pxQueue )->cTxLock = queueLOCKED_UNMODIFIED; \
 262:Middlewares/Third_Party/FreeRTOS/Source/queue.c ****         }                                                  \
 263:Middlewares/Third_Party/FreeRTOS/Source/queue.c ****     }                                                      \
 264:Middlewares/Third_Party/FreeRTOS/Source/queue.c ****     taskEXIT_CRITICAL()
 265:Middlewares/Third_Party/FreeRTOS/Source/queue.c **** 
 266:Middlewares/Third_Party/FreeRTOS/Source/queue.c **** /*
 267:Middlewares/Third_Party/FreeRTOS/Source/queue.c ****  * Macro to increment cTxLock member of the queue data structure. It is
 268:Middlewares/Third_Party/FreeRTOS/Source/queue.c ****  * capped at the number of tasks in the system as we cannot unblock more
 269:Middlewares/Third_Party/FreeRTOS/Source/queue.c ****  * tasks than the number of tasks in the system.
 270:Middlewares/Third_Party/FreeRTOS/Source/queue.c ****  */
 271:Middlewares/Third_Party/FreeRTOS/Source/queue.c **** #define prvIncrementQueueTxLock( pxQueue, cTxLock )                           \
 272:Middlewares/Third_Party/FreeRTOS/Source/queue.c ****     {                                                                         \
 273:Middlewares/Third_Party/FreeRTOS/Source/queue.c ****         const UBaseType_t uxNumberOfTasks = uxTaskGetNumberOfTasks();         \
 274:Middlewares/Third_Party/FreeRTOS/Source/queue.c ****         if( ( UBaseType_t ) ( cTxLock ) < uxNumberOfTasks )                   \
 275:Middlewares/Third_Party/FreeRTOS/Source/queue.c ****         {                                                                     \
 276:Middlewares/Third_Party/FreeRTOS/Source/queue.c ****             configASSERT( ( cTxLock ) != queueINT8_MAX );                     \
 277:Middlewares/Third_Party/FreeRTOS/Source/queue.c ****             ( pxQueue )->cTxLock = ( int8_t ) ( ( cTxLock ) + ( int8_t ) 1 ); \
 278:Middlewares/Third_Party/FreeRTOS/Source/queue.c ****         }                                                                     \
 279:Middlewares/Third_Party/FreeRTOS/Source/queue.c ****     }
 280:Middlewares/Third_Party/FreeRTOS/Source/queue.c **** 
 281:Middlewares/Third_Party/FreeRTOS/Source/queue.c **** /*
 282:Middlewares/Third_Party/FreeRTOS/Source/queue.c ****  * Macro to increment cRxLock member of the queue data structure. It is
 283:Middlewares/Third_Party/FreeRTOS/Source/queue.c ****  * capped at the number of tasks in the system as we cannot unblock more
 284:Middlewares/Third_Party/FreeRTOS/Source/queue.c ****  * tasks than the number of tasks in the system.
 285:Middlewares/Third_Party/FreeRTOS/Source/queue.c ****  */
 286:Middlewares/Third_Party/FreeRTOS/Source/queue.c **** #define prvIncrementQueueRxLock( pxQueue, cRxLock )                           \
 287:Middlewares/Third_Party/FreeRTOS/Source/queue.c ****     {                                                                         \
 288:Middlewares/Third_Party/FreeRTOS/Source/queue.c ****         const UBaseType_t uxNumberOfTasks = uxTaskGetNumberOfTasks();         \
 289:Middlewares/Third_Party/FreeRTOS/Source/queue.c ****         if( ( UBaseType_t ) ( cRxLock ) < uxNumberOfTasks )                   \
 290:Middlewares/Third_Party/FreeRTOS/Source/queue.c ****         {                                                                     \
 291:Middlewares/Third_Party/FreeRTOS/Source/queue.c ****             configASSERT( ( cRxLock ) != queueINT8_MAX );                     \
 292:Middlewares/Third_Party/FreeRTOS/Source/queue.c ****             ( pxQueue )->cRxLock = ( int8_t ) ( ( cRxLock ) + ( int8_t ) 1 ); \
 293:Middlewares/Third_Party/FreeRTOS/Source/queue.c ****         }                                                                     \
 294:Middlewares/Third_Party/FreeRTOS/Source/queue.c ****     }
 295:Middlewares/Third_Party/FreeRTOS/Source/queue.c **** /*-----------------------------------------------------------*/
 296:Middlewares/Third_Party/FreeRTOS/Source/queue.c **** 
 297:Middlewares/Third_Party/FreeRTOS/Source/queue.c **** BaseType_t xQueueGenericReset( QueueHandle_t xQueue,
 298:Middlewares/Third_Party/FreeRTOS/Source/queue.c ****                                BaseType_t xNewQueue )
 299:Middlewares/Third_Party/FreeRTOS/Source/queue.c **** {
 300:Middlewares/Third_Party/FreeRTOS/Source/queue.c ****     BaseType_t xReturn = pdPASS;
 301:Middlewares/Third_Party/FreeRTOS/Source/queue.c ****     Queue_t * const pxQueue = xQueue;
 302:Middlewares/Third_Party/FreeRTOS/Source/queue.c **** 
 303:Middlewares/Third_Party/FreeRTOS/Source/queue.c ****     configASSERT( pxQueue );
 304:Middlewares/Third_Party/FreeRTOS/Source/queue.c **** 
 305:Middlewares/Third_Party/FreeRTOS/Source/queue.c ****     if( ( pxQueue != NULL ) &&
 306:Middlewares/Third_Party/FreeRTOS/Source/queue.c ****         ( pxQueue->uxLength >= 1U ) &&
 307:Middlewares/Third_Party/FreeRTOS/Source/queue.c ****         /* Check for multiplication overflow. */
 308:Middlewares/Third_Party/FreeRTOS/Source/queue.c ****         ( ( SIZE_MAX / pxQueue->uxLength ) >= pxQueue->uxItemSize ) )
 309:Middlewares/Third_Party/FreeRTOS/Source/queue.c ****     {
 310:Middlewares/Third_Party/FreeRTOS/Source/queue.c ****         taskENTER_CRITICAL();
 311:Middlewares/Third_Party/FreeRTOS/Source/queue.c ****         {
 312:Middlewares/Third_Party/FreeRTOS/Source/queue.c ****             pxQueue->u.xQueue.pcTail = pxQueue->pcHead + ( pxQueue->uxLength * pxQueue->uxItemSize 
 313:Middlewares/Third_Party/FreeRTOS/Source/queue.c ****             pxQueue->uxMessagesWaiting = ( UBaseType_t ) 0U;
 314:Middlewares/Third_Party/FreeRTOS/Source/queue.c ****             pxQueue->pcWriteTo = pxQueue->pcHead;
 315:Middlewares/Third_Party/FreeRTOS/Source/queue.c ****             pxQueue->u.xQueue.pcReadFrom = pxQueue->pcHead + ( ( pxQueue->uxLength - 1U ) * pxQueue
 316:Middlewares/Third_Party/FreeRTOS/Source/queue.c ****             pxQueue->cRxLock = queueUNLOCKED;
 317:Middlewares/Third_Party/FreeRTOS/Source/queue.c ****             pxQueue->cTxLock = queueUNLOCKED;
ARM GAS  /tmp/ccMJcgml.s 			page 7


 318:Middlewares/Third_Party/FreeRTOS/Source/queue.c **** 
 319:Middlewares/Third_Party/FreeRTOS/Source/queue.c ****             if( xNewQueue == pdFALSE )
 320:Middlewares/Third_Party/FreeRTOS/Source/queue.c ****             {
 321:Middlewares/Third_Party/FreeRTOS/Source/queue.c ****                 /* If there are tasks blocked waiting to read from the queue, then
 322:Middlewares/Third_Party/FreeRTOS/Source/queue.c ****                  * the tasks will remain blocked as after this function exits the queue
 323:Middlewares/Third_Party/FreeRTOS/Source/queue.c ****                  * will still be empty.  If there are tasks blocked waiting to write to
 324:Middlewares/Third_Party/FreeRTOS/Source/queue.c ****                  * the queue, then one should be unblocked as after this function exits
 325:Middlewares/Third_Party/FreeRTOS/Source/queue.c ****                  * it will be possible to write to it. */
 326:Middlewares/Third_Party/FreeRTOS/Source/queue.c ****                 if( listLIST_IS_EMPTY( &( pxQueue->xTasksWaitingToSend ) ) == pdFALSE )
 327:Middlewares/Third_Party/FreeRTOS/Source/queue.c ****                 {
 328:Middlewares/Third_Party/FreeRTOS/Source/queue.c ****                     if( xTaskRemoveFromEventList( &( pxQueue->xTasksWaitingToSend ) ) != pdFALSE )
 329:Middlewares/Third_Party/FreeRTOS/Source/queue.c ****                     {
 330:Middlewares/Third_Party/FreeRTOS/Source/queue.c ****                         queueYIELD_IF_USING_PREEMPTION();
 331:Middlewares/Third_Party/FreeRTOS/Source/queue.c ****                     }
 332:Middlewares/Third_Party/FreeRTOS/Source/queue.c ****                     else
 333:Middlewares/Third_Party/FreeRTOS/Source/queue.c ****                     {
 334:Middlewares/Third_Party/FreeRTOS/Source/queue.c ****                         mtCOVERAGE_TEST_MARKER();
 335:Middlewares/Third_Party/FreeRTOS/Source/queue.c ****                     }
 336:Middlewares/Third_Party/FreeRTOS/Source/queue.c ****                 }
 337:Middlewares/Third_Party/FreeRTOS/Source/queue.c ****                 else
 338:Middlewares/Third_Party/FreeRTOS/Source/queue.c ****                 {
 339:Middlewares/Third_Party/FreeRTOS/Source/queue.c ****                     mtCOVERAGE_TEST_MARKER();
 340:Middlewares/Third_Party/FreeRTOS/Source/queue.c ****                 }
 341:Middlewares/Third_Party/FreeRTOS/Source/queue.c ****             }
 342:Middlewares/Third_Party/FreeRTOS/Source/queue.c ****             else
 343:Middlewares/Third_Party/FreeRTOS/Source/queue.c ****             {
 344:Middlewares/Third_Party/FreeRTOS/Source/queue.c ****                 /* Ensure the event queues start in the correct state. */
 345:Middlewares/Third_Party/FreeRTOS/Source/queue.c ****                 vListInitialise( &( pxQueue->xTasksWaitingToSend ) );
 346:Middlewares/Third_Party/FreeRTOS/Source/queue.c ****                 vListInitialise( &( pxQueue->xTasksWaitingToReceive ) );
 347:Middlewares/Third_Party/FreeRTOS/Source/queue.c ****             }
 348:Middlewares/Third_Party/FreeRTOS/Source/queue.c ****         }
 349:Middlewares/Third_Party/FreeRTOS/Source/queue.c ****         taskEXIT_CRITICAL();
 350:Middlewares/Third_Party/FreeRTOS/Source/queue.c ****     }
 351:Middlewares/Third_Party/FreeRTOS/Source/queue.c ****     else
 352:Middlewares/Third_Party/FreeRTOS/Source/queue.c ****     {
 353:Middlewares/Third_Party/FreeRTOS/Source/queue.c ****         xReturn = pdFAIL;
 354:Middlewares/Third_Party/FreeRTOS/Source/queue.c ****     }
 355:Middlewares/Third_Party/FreeRTOS/Source/queue.c **** 
 356:Middlewares/Third_Party/FreeRTOS/Source/queue.c ****     configASSERT( xReturn != pdFAIL );
 357:Middlewares/Third_Party/FreeRTOS/Source/queue.c **** 
 358:Middlewares/Third_Party/FreeRTOS/Source/queue.c ****     /* A value is returned for calling semantic consistency with previous
 359:Middlewares/Third_Party/FreeRTOS/Source/queue.c ****      * versions. */
 360:Middlewares/Third_Party/FreeRTOS/Source/queue.c ****     return xReturn;
 361:Middlewares/Third_Party/FreeRTOS/Source/queue.c **** }
 362:Middlewares/Third_Party/FreeRTOS/Source/queue.c **** /*-----------------------------------------------------------*/
 363:Middlewares/Third_Party/FreeRTOS/Source/queue.c **** 
 364:Middlewares/Third_Party/FreeRTOS/Source/queue.c **** #if ( configSUPPORT_STATIC_ALLOCATION == 1 )
 365:Middlewares/Third_Party/FreeRTOS/Source/queue.c **** 
 366:Middlewares/Third_Party/FreeRTOS/Source/queue.c ****     QueueHandle_t xQueueGenericCreateStatic( const UBaseType_t uxQueueLength,
 367:Middlewares/Third_Party/FreeRTOS/Source/queue.c ****                                              const UBaseType_t uxItemSize,
 368:Middlewares/Third_Party/FreeRTOS/Source/queue.c ****                                              uint8_t * pucQueueStorage,
 369:Middlewares/Third_Party/FreeRTOS/Source/queue.c ****                                              StaticQueue_t * pxStaticQueue,
 370:Middlewares/Third_Party/FreeRTOS/Source/queue.c ****                                              const uint8_t ucQueueType )
 371:Middlewares/Third_Party/FreeRTOS/Source/queue.c ****     {
 372:Middlewares/Third_Party/FreeRTOS/Source/queue.c ****         Queue_t * pxNewQueue = NULL;
 373:Middlewares/Third_Party/FreeRTOS/Source/queue.c **** 
 374:Middlewares/Third_Party/FreeRTOS/Source/queue.c ****         /* The StaticQueue_t structure and the queue storage area must be
ARM GAS  /tmp/ccMJcgml.s 			page 8


 375:Middlewares/Third_Party/FreeRTOS/Source/queue.c ****          * supplied. */
 376:Middlewares/Third_Party/FreeRTOS/Source/queue.c ****         configASSERT( pxStaticQueue );
 377:Middlewares/Third_Party/FreeRTOS/Source/queue.c **** 
 378:Middlewares/Third_Party/FreeRTOS/Source/queue.c ****         if( ( uxQueueLength > ( UBaseType_t ) 0 ) &&
 379:Middlewares/Third_Party/FreeRTOS/Source/queue.c ****             ( pxStaticQueue != NULL ) &&
 380:Middlewares/Third_Party/FreeRTOS/Source/queue.c **** 
 381:Middlewares/Third_Party/FreeRTOS/Source/queue.c ****             /* A queue storage area should be provided if the item size is not 0, and
 382:Middlewares/Third_Party/FreeRTOS/Source/queue.c ****              * should not be provided if the item size is 0. */
 383:Middlewares/Third_Party/FreeRTOS/Source/queue.c ****             ( !( ( pucQueueStorage != NULL ) && ( uxItemSize == 0 ) ) ) &&
 384:Middlewares/Third_Party/FreeRTOS/Source/queue.c ****             ( !( ( pucQueueStorage == NULL ) && ( uxItemSize != 0 ) ) ) )
 385:Middlewares/Third_Party/FreeRTOS/Source/queue.c ****         {
 386:Middlewares/Third_Party/FreeRTOS/Source/queue.c ****             #if ( configASSERT_DEFINED == 1 )
 387:Middlewares/Third_Party/FreeRTOS/Source/queue.c ****             {
 388:Middlewares/Third_Party/FreeRTOS/Source/queue.c ****                 /* Sanity check that the size of the structure used to declare a
 389:Middlewares/Third_Party/FreeRTOS/Source/queue.c ****                  * variable of type StaticQueue_t or StaticSemaphore_t equals the size of
 390:Middlewares/Third_Party/FreeRTOS/Source/queue.c ****                  * the real queue and semaphore structures. */
 391:Middlewares/Third_Party/FreeRTOS/Source/queue.c ****                 volatile size_t xSize = sizeof( StaticQueue_t );
 392:Middlewares/Third_Party/FreeRTOS/Source/queue.c **** 
 393:Middlewares/Third_Party/FreeRTOS/Source/queue.c ****                 /* This assertion cannot be branch covered in unit tests */
 394:Middlewares/Third_Party/FreeRTOS/Source/queue.c ****                 configASSERT( xSize == sizeof( Queue_t ) ); /* LCOV_EXCL_BR_LINE */
 395:Middlewares/Third_Party/FreeRTOS/Source/queue.c ****                 ( void ) xSize;                             /* Keeps lint quiet when configASSERT()
 396:Middlewares/Third_Party/FreeRTOS/Source/queue.c ****             }
 397:Middlewares/Third_Party/FreeRTOS/Source/queue.c ****             #endif /* configASSERT_DEFINED */
 398:Middlewares/Third_Party/FreeRTOS/Source/queue.c **** 
 399:Middlewares/Third_Party/FreeRTOS/Source/queue.c ****             /* The address of a statically allocated queue was passed in, use it.
 400:Middlewares/Third_Party/FreeRTOS/Source/queue.c ****              * The address of a statically allocated storage area was also passed in
 401:Middlewares/Third_Party/FreeRTOS/Source/queue.c ****              * but is already set. */
 402:Middlewares/Third_Party/FreeRTOS/Source/queue.c ****             pxNewQueue = ( Queue_t * ) pxStaticQueue; /*lint !e740 !e9087 Unusual cast is ok as the
 403:Middlewares/Third_Party/FreeRTOS/Source/queue.c **** 
 404:Middlewares/Third_Party/FreeRTOS/Source/queue.c ****             #if ( configSUPPORT_DYNAMIC_ALLOCATION == 1 )
 405:Middlewares/Third_Party/FreeRTOS/Source/queue.c ****             {
 406:Middlewares/Third_Party/FreeRTOS/Source/queue.c ****                 /* Queues can be allocated wither statically or dynamically, so
 407:Middlewares/Third_Party/FreeRTOS/Source/queue.c ****                  * note this queue was allocated statically in case the queue is
 408:Middlewares/Third_Party/FreeRTOS/Source/queue.c ****                  * later deleted. */
 409:Middlewares/Third_Party/FreeRTOS/Source/queue.c ****                 pxNewQueue->ucStaticallyAllocated = pdTRUE;
 410:Middlewares/Third_Party/FreeRTOS/Source/queue.c ****             }
 411:Middlewares/Third_Party/FreeRTOS/Source/queue.c ****             #endif /* configSUPPORT_DYNAMIC_ALLOCATION */
 412:Middlewares/Third_Party/FreeRTOS/Source/queue.c **** 
 413:Middlewares/Third_Party/FreeRTOS/Source/queue.c ****             prvInitialiseNewQueue( uxQueueLength, uxItemSize, pucQueueStorage, ucQueueType, pxNewQu
 414:Middlewares/Third_Party/FreeRTOS/Source/queue.c ****         }
 415:Middlewares/Third_Party/FreeRTOS/Source/queue.c ****         else
 416:Middlewares/Third_Party/FreeRTOS/Source/queue.c ****         {
 417:Middlewares/Third_Party/FreeRTOS/Source/queue.c ****             configASSERT( pxNewQueue );
 418:Middlewares/Third_Party/FreeRTOS/Source/queue.c ****             mtCOVERAGE_TEST_MARKER();
 419:Middlewares/Third_Party/FreeRTOS/Source/queue.c ****         }
 420:Middlewares/Third_Party/FreeRTOS/Source/queue.c **** 
 421:Middlewares/Third_Party/FreeRTOS/Source/queue.c ****         return pxNewQueue;
 422:Middlewares/Third_Party/FreeRTOS/Source/queue.c ****     }
 423:Middlewares/Third_Party/FreeRTOS/Source/queue.c **** 
 424:Middlewares/Third_Party/FreeRTOS/Source/queue.c **** #endif /* configSUPPORT_STATIC_ALLOCATION */
 425:Middlewares/Third_Party/FreeRTOS/Source/queue.c **** /*-----------------------------------------------------------*/
 426:Middlewares/Third_Party/FreeRTOS/Source/queue.c **** 
 427:Middlewares/Third_Party/FreeRTOS/Source/queue.c **** #if ( configSUPPORT_DYNAMIC_ALLOCATION == 1 )
 428:Middlewares/Third_Party/FreeRTOS/Source/queue.c **** 
 429:Middlewares/Third_Party/FreeRTOS/Source/queue.c ****     QueueHandle_t xQueueGenericCreate( const UBaseType_t uxQueueLength,
 430:Middlewares/Third_Party/FreeRTOS/Source/queue.c ****                                        const UBaseType_t uxItemSize,
 431:Middlewares/Third_Party/FreeRTOS/Source/queue.c ****                                        const uint8_t ucQueueType )
ARM GAS  /tmp/ccMJcgml.s 			page 9


 432:Middlewares/Third_Party/FreeRTOS/Source/queue.c ****     {
 433:Middlewares/Third_Party/FreeRTOS/Source/queue.c ****         Queue_t * pxNewQueue = NULL;
 434:Middlewares/Third_Party/FreeRTOS/Source/queue.c ****         size_t xQueueSizeInBytes;
 435:Middlewares/Third_Party/FreeRTOS/Source/queue.c ****         uint8_t * pucQueueStorage;
 436:Middlewares/Third_Party/FreeRTOS/Source/queue.c **** 
 437:Middlewares/Third_Party/FreeRTOS/Source/queue.c ****         if( ( uxQueueLength > ( UBaseType_t ) 0 ) &&
 438:Middlewares/Third_Party/FreeRTOS/Source/queue.c ****             /* Check for multiplication overflow. */
 439:Middlewares/Third_Party/FreeRTOS/Source/queue.c ****             ( ( SIZE_MAX / uxQueueLength ) >= uxItemSize ) &&
 440:Middlewares/Third_Party/FreeRTOS/Source/queue.c ****             /* Check for addition overflow. */
 441:Middlewares/Third_Party/FreeRTOS/Source/queue.c ****             ( ( SIZE_MAX - sizeof( Queue_t ) ) >= ( uxQueueLength * uxItemSize ) ) )
 442:Middlewares/Third_Party/FreeRTOS/Source/queue.c ****         {
 443:Middlewares/Third_Party/FreeRTOS/Source/queue.c ****             /* Allocate enough space to hold the maximum number of items that
 444:Middlewares/Third_Party/FreeRTOS/Source/queue.c ****              * can be in the queue at any time.  It is valid for uxItemSize to be
 445:Middlewares/Third_Party/FreeRTOS/Source/queue.c ****              * zero in the case the queue is used as a semaphore. */
 446:Middlewares/Third_Party/FreeRTOS/Source/queue.c ****             xQueueSizeInBytes = ( size_t ) ( uxQueueLength * uxItemSize ); /*lint !e961 MISRA excep
 447:Middlewares/Third_Party/FreeRTOS/Source/queue.c **** 
 448:Middlewares/Third_Party/FreeRTOS/Source/queue.c ****             /* Allocate the queue and storage area.  Justification for MISRA
 449:Middlewares/Third_Party/FreeRTOS/Source/queue.c ****              * deviation as follows:  pvPortMalloc() always ensures returned memory
 450:Middlewares/Third_Party/FreeRTOS/Source/queue.c ****              * blocks are aligned per the requirements of the MCU stack.  In this case
 451:Middlewares/Third_Party/FreeRTOS/Source/queue.c ****              * pvPortMalloc() must return a pointer that is guaranteed to meet the
 452:Middlewares/Third_Party/FreeRTOS/Source/queue.c ****              * alignment requirements of the Queue_t structure - which in this case
 453:Middlewares/Third_Party/FreeRTOS/Source/queue.c ****              * is an int8_t *.  Therefore, whenever the stack alignment requirements
 454:Middlewares/Third_Party/FreeRTOS/Source/queue.c ****              * are greater than or equal to the pointer to char requirements the cast
 455:Middlewares/Third_Party/FreeRTOS/Source/queue.c ****              * is safe.  In other cases alignment requirements are not strict (one or
 456:Middlewares/Third_Party/FreeRTOS/Source/queue.c ****              * two bytes). */
 457:Middlewares/Third_Party/FreeRTOS/Source/queue.c ****             pxNewQueue = ( Queue_t * ) pvPortMalloc( sizeof( Queue_t ) + xQueueSizeInBytes ); /*lin
 458:Middlewares/Third_Party/FreeRTOS/Source/queue.c **** 
 459:Middlewares/Third_Party/FreeRTOS/Source/queue.c ****             if( pxNewQueue != NULL )
 460:Middlewares/Third_Party/FreeRTOS/Source/queue.c ****             {
 461:Middlewares/Third_Party/FreeRTOS/Source/queue.c ****                 /* Jump past the queue structure to find the location of the queue
 462:Middlewares/Third_Party/FreeRTOS/Source/queue.c ****                  * storage area. */
 463:Middlewares/Third_Party/FreeRTOS/Source/queue.c ****                 pucQueueStorage = ( uint8_t * ) pxNewQueue;
 464:Middlewares/Third_Party/FreeRTOS/Source/queue.c ****                 pucQueueStorage += sizeof( Queue_t ); /*lint !e9016 Pointer arithmetic allowed on c
 465:Middlewares/Third_Party/FreeRTOS/Source/queue.c **** 
 466:Middlewares/Third_Party/FreeRTOS/Source/queue.c ****                 #if ( configSUPPORT_STATIC_ALLOCATION == 1 )
 467:Middlewares/Third_Party/FreeRTOS/Source/queue.c ****                 {
 468:Middlewares/Third_Party/FreeRTOS/Source/queue.c ****                     /* Queues can be created either statically or dynamically, so
 469:Middlewares/Third_Party/FreeRTOS/Source/queue.c ****                      * note this task was created dynamically in case it is later
 470:Middlewares/Third_Party/FreeRTOS/Source/queue.c ****                      * deleted. */
 471:Middlewares/Third_Party/FreeRTOS/Source/queue.c ****                     pxNewQueue->ucStaticallyAllocated = pdFALSE;
 472:Middlewares/Third_Party/FreeRTOS/Source/queue.c ****                 }
 473:Middlewares/Third_Party/FreeRTOS/Source/queue.c ****                 #endif /* configSUPPORT_STATIC_ALLOCATION */
 474:Middlewares/Third_Party/FreeRTOS/Source/queue.c **** 
 475:Middlewares/Third_Party/FreeRTOS/Source/queue.c ****                 prvInitialiseNewQueue( uxQueueLength, uxItemSize, pucQueueStorage, ucQueueType, pxN
 476:Middlewares/Third_Party/FreeRTOS/Source/queue.c ****             }
 477:Middlewares/Third_Party/FreeRTOS/Source/queue.c ****             else
 478:Middlewares/Third_Party/FreeRTOS/Source/queue.c ****             {
 479:Middlewares/Third_Party/FreeRTOS/Source/queue.c ****                 traceQUEUE_CREATE_FAILED( ucQueueType );
 480:Middlewares/Third_Party/FreeRTOS/Source/queue.c ****                 mtCOVERAGE_TEST_MARKER();
 481:Middlewares/Third_Party/FreeRTOS/Source/queue.c ****             }
 482:Middlewares/Third_Party/FreeRTOS/Source/queue.c ****         }
 483:Middlewares/Third_Party/FreeRTOS/Source/queue.c ****         else
 484:Middlewares/Third_Party/FreeRTOS/Source/queue.c ****         {
 485:Middlewares/Third_Party/FreeRTOS/Source/queue.c ****             configASSERT( pxNewQueue );
 486:Middlewares/Third_Party/FreeRTOS/Source/queue.c ****             mtCOVERAGE_TEST_MARKER();
 487:Middlewares/Third_Party/FreeRTOS/Source/queue.c ****         }
 488:Middlewares/Third_Party/FreeRTOS/Source/queue.c **** 
ARM GAS  /tmp/ccMJcgml.s 			page 10


 489:Middlewares/Third_Party/FreeRTOS/Source/queue.c ****         return pxNewQueue;
 490:Middlewares/Third_Party/FreeRTOS/Source/queue.c ****     }
 491:Middlewares/Third_Party/FreeRTOS/Source/queue.c **** 
 492:Middlewares/Third_Party/FreeRTOS/Source/queue.c **** #endif /* configSUPPORT_STATIC_ALLOCATION */
 493:Middlewares/Third_Party/FreeRTOS/Source/queue.c **** /*-----------------------------------------------------------*/
 494:Middlewares/Third_Party/FreeRTOS/Source/queue.c **** 
 495:Middlewares/Third_Party/FreeRTOS/Source/queue.c **** static void prvInitialiseNewQueue( const UBaseType_t uxQueueLength,
 496:Middlewares/Third_Party/FreeRTOS/Source/queue.c ****                                    const UBaseType_t uxItemSize,
 497:Middlewares/Third_Party/FreeRTOS/Source/queue.c ****                                    uint8_t * pucQueueStorage,
 498:Middlewares/Third_Party/FreeRTOS/Source/queue.c ****                                    const uint8_t ucQueueType,
 499:Middlewares/Third_Party/FreeRTOS/Source/queue.c ****                                    Queue_t * pxNewQueue )
 500:Middlewares/Third_Party/FreeRTOS/Source/queue.c **** {
 501:Middlewares/Third_Party/FreeRTOS/Source/queue.c ****     /* Remove compiler warnings about unused parameters should
 502:Middlewares/Third_Party/FreeRTOS/Source/queue.c ****      * configUSE_TRACE_FACILITY not be set to 1. */
 503:Middlewares/Third_Party/FreeRTOS/Source/queue.c ****     ( void ) ucQueueType;
 504:Middlewares/Third_Party/FreeRTOS/Source/queue.c **** 
 505:Middlewares/Third_Party/FreeRTOS/Source/queue.c ****     if( uxItemSize == ( UBaseType_t ) 0 )
 506:Middlewares/Third_Party/FreeRTOS/Source/queue.c ****     {
 507:Middlewares/Third_Party/FreeRTOS/Source/queue.c ****         /* No RAM was allocated for the queue storage area, but PC head cannot
 508:Middlewares/Third_Party/FreeRTOS/Source/queue.c ****          * be set to NULL because NULL is used as a key to say the queue is used as
 509:Middlewares/Third_Party/FreeRTOS/Source/queue.c ****          * a mutex.  Therefore just set pcHead to point to the queue as a benign
 510:Middlewares/Third_Party/FreeRTOS/Source/queue.c ****          * value that is known to be within the memory map. */
 511:Middlewares/Third_Party/FreeRTOS/Source/queue.c ****         pxNewQueue->pcHead = ( int8_t * ) pxNewQueue;
 512:Middlewares/Third_Party/FreeRTOS/Source/queue.c ****     }
 513:Middlewares/Third_Party/FreeRTOS/Source/queue.c ****     else
 514:Middlewares/Third_Party/FreeRTOS/Source/queue.c ****     {
 515:Middlewares/Third_Party/FreeRTOS/Source/queue.c ****         /* Set the head to the start of the queue storage area. */
 516:Middlewares/Third_Party/FreeRTOS/Source/queue.c ****         pxNewQueue->pcHead = ( int8_t * ) pucQueueStorage;
 517:Middlewares/Third_Party/FreeRTOS/Source/queue.c ****     }
 518:Middlewares/Third_Party/FreeRTOS/Source/queue.c **** 
 519:Middlewares/Third_Party/FreeRTOS/Source/queue.c ****     /* Initialise the queue members as described where the queue type is
 520:Middlewares/Third_Party/FreeRTOS/Source/queue.c ****      * defined. */
 521:Middlewares/Third_Party/FreeRTOS/Source/queue.c ****     pxNewQueue->uxLength = uxQueueLength;
 522:Middlewares/Third_Party/FreeRTOS/Source/queue.c ****     pxNewQueue->uxItemSize = uxItemSize;
 523:Middlewares/Third_Party/FreeRTOS/Source/queue.c ****     ( void ) xQueueGenericReset( pxNewQueue, pdTRUE );
 524:Middlewares/Third_Party/FreeRTOS/Source/queue.c **** 
 525:Middlewares/Third_Party/FreeRTOS/Source/queue.c ****     #if ( configUSE_TRACE_FACILITY == 1 )
 526:Middlewares/Third_Party/FreeRTOS/Source/queue.c ****     {
 527:Middlewares/Third_Party/FreeRTOS/Source/queue.c ****         pxNewQueue->ucQueueType = ucQueueType;
 528:Middlewares/Third_Party/FreeRTOS/Source/queue.c ****     }
 529:Middlewares/Third_Party/FreeRTOS/Source/queue.c ****     #endif /* configUSE_TRACE_FACILITY */
 530:Middlewares/Third_Party/FreeRTOS/Source/queue.c **** 
 531:Middlewares/Third_Party/FreeRTOS/Source/queue.c ****     #if ( configUSE_QUEUE_SETS == 1 )
 532:Middlewares/Third_Party/FreeRTOS/Source/queue.c ****     {
 533:Middlewares/Third_Party/FreeRTOS/Source/queue.c ****         pxNewQueue->pxQueueSetContainer = NULL;
 534:Middlewares/Third_Party/FreeRTOS/Source/queue.c ****     }
 535:Middlewares/Third_Party/FreeRTOS/Source/queue.c ****     #endif /* configUSE_QUEUE_SETS */
 536:Middlewares/Third_Party/FreeRTOS/Source/queue.c **** 
 537:Middlewares/Third_Party/FreeRTOS/Source/queue.c ****     traceQUEUE_CREATE( pxNewQueue );
 538:Middlewares/Third_Party/FreeRTOS/Source/queue.c **** }
 539:Middlewares/Third_Party/FreeRTOS/Source/queue.c **** /*-----------------------------------------------------------*/
 540:Middlewares/Third_Party/FreeRTOS/Source/queue.c **** 
 541:Middlewares/Third_Party/FreeRTOS/Source/queue.c **** #if ( configUSE_MUTEXES == 1 )
 542:Middlewares/Third_Party/FreeRTOS/Source/queue.c **** 
 543:Middlewares/Third_Party/FreeRTOS/Source/queue.c ****     static void prvInitialiseMutex( Queue_t * pxNewQueue )
 544:Middlewares/Third_Party/FreeRTOS/Source/queue.c ****     {
 545:Middlewares/Third_Party/FreeRTOS/Source/queue.c ****         if( pxNewQueue != NULL )
ARM GAS  /tmp/ccMJcgml.s 			page 11


 546:Middlewares/Third_Party/FreeRTOS/Source/queue.c ****         {
 547:Middlewares/Third_Party/FreeRTOS/Source/queue.c ****             /* The queue create function will set all the queue structure members
 548:Middlewares/Third_Party/FreeRTOS/Source/queue.c ****             * correctly for a generic queue, but this function is creating a
 549:Middlewares/Third_Party/FreeRTOS/Source/queue.c ****             * mutex.  Overwrite those members that need to be set differently -
 550:Middlewares/Third_Party/FreeRTOS/Source/queue.c ****             * in particular the information required for priority inheritance. */
 551:Middlewares/Third_Party/FreeRTOS/Source/queue.c ****             pxNewQueue->u.xSemaphore.xMutexHolder = NULL;
 552:Middlewares/Third_Party/FreeRTOS/Source/queue.c ****             pxNewQueue->uxQueueType = queueQUEUE_IS_MUTEX;
 553:Middlewares/Third_Party/FreeRTOS/Source/queue.c **** 
 554:Middlewares/Third_Party/FreeRTOS/Source/queue.c ****             /* In case this is a recursive mutex. */
 555:Middlewares/Third_Party/FreeRTOS/Source/queue.c ****             pxNewQueue->u.xSemaphore.uxRecursiveCallCount = 0;
 556:Middlewares/Third_Party/FreeRTOS/Source/queue.c **** 
 557:Middlewares/Third_Party/FreeRTOS/Source/queue.c ****             traceCREATE_MUTEX( pxNewQueue );
 558:Middlewares/Third_Party/FreeRTOS/Source/queue.c **** 
 559:Middlewares/Third_Party/FreeRTOS/Source/queue.c ****             /* Start with the semaphore in the expected state. */
 560:Middlewares/Third_Party/FreeRTOS/Source/queue.c ****             ( void ) xQueueGenericSend( pxNewQueue, NULL, ( TickType_t ) 0U, queueSEND_TO_BACK );
 561:Middlewares/Third_Party/FreeRTOS/Source/queue.c ****         }
 562:Middlewares/Third_Party/FreeRTOS/Source/queue.c ****         else
 563:Middlewares/Third_Party/FreeRTOS/Source/queue.c ****         {
 564:Middlewares/Third_Party/FreeRTOS/Source/queue.c ****             traceCREATE_MUTEX_FAILED();
 565:Middlewares/Third_Party/FreeRTOS/Source/queue.c ****         }
 566:Middlewares/Third_Party/FreeRTOS/Source/queue.c ****     }
 567:Middlewares/Third_Party/FreeRTOS/Source/queue.c **** 
 568:Middlewares/Third_Party/FreeRTOS/Source/queue.c **** #endif /* configUSE_MUTEXES */
 569:Middlewares/Third_Party/FreeRTOS/Source/queue.c **** /*-----------------------------------------------------------*/
 570:Middlewares/Third_Party/FreeRTOS/Source/queue.c **** 
 571:Middlewares/Third_Party/FreeRTOS/Source/queue.c **** #if ( ( configUSE_MUTEXES == 1 ) && ( configSUPPORT_DYNAMIC_ALLOCATION == 1 ) )
 572:Middlewares/Third_Party/FreeRTOS/Source/queue.c **** 
 573:Middlewares/Third_Party/FreeRTOS/Source/queue.c ****     QueueHandle_t xQueueCreateMutex( const uint8_t ucQueueType )
 574:Middlewares/Third_Party/FreeRTOS/Source/queue.c ****     {
 575:Middlewares/Third_Party/FreeRTOS/Source/queue.c ****         QueueHandle_t xNewQueue;
 576:Middlewares/Third_Party/FreeRTOS/Source/queue.c ****         const UBaseType_t uxMutexLength = ( UBaseType_t ) 1, uxMutexSize = ( UBaseType_t ) 0;
 577:Middlewares/Third_Party/FreeRTOS/Source/queue.c **** 
 578:Middlewares/Third_Party/FreeRTOS/Source/queue.c ****         xNewQueue = xQueueGenericCreate( uxMutexLength, uxMutexSize, ucQueueType );
 579:Middlewares/Third_Party/FreeRTOS/Source/queue.c ****         prvInitialiseMutex( ( Queue_t * ) xNewQueue );
 580:Middlewares/Third_Party/FreeRTOS/Source/queue.c **** 
 581:Middlewares/Third_Party/FreeRTOS/Source/queue.c ****         return xNewQueue;
 582:Middlewares/Third_Party/FreeRTOS/Source/queue.c ****     }
 583:Middlewares/Third_Party/FreeRTOS/Source/queue.c **** 
 584:Middlewares/Third_Party/FreeRTOS/Source/queue.c **** #endif /* configUSE_MUTEXES */
 585:Middlewares/Third_Party/FreeRTOS/Source/queue.c **** /*-----------------------------------------------------------*/
 586:Middlewares/Third_Party/FreeRTOS/Source/queue.c **** 
 587:Middlewares/Third_Party/FreeRTOS/Source/queue.c **** #if ( ( configUSE_MUTEXES == 1 ) && ( configSUPPORT_STATIC_ALLOCATION == 1 ) )
 588:Middlewares/Third_Party/FreeRTOS/Source/queue.c **** 
 589:Middlewares/Third_Party/FreeRTOS/Source/queue.c ****     QueueHandle_t xQueueCreateMutexStatic( const uint8_t ucQueueType,
 590:Middlewares/Third_Party/FreeRTOS/Source/queue.c ****                                            StaticQueue_t * pxStaticQueue )
 591:Middlewares/Third_Party/FreeRTOS/Source/queue.c ****     {
 592:Middlewares/Third_Party/FreeRTOS/Source/queue.c ****         QueueHandle_t xNewQueue;
 593:Middlewares/Third_Party/FreeRTOS/Source/queue.c ****         const UBaseType_t uxMutexLength = ( UBaseType_t ) 1, uxMutexSize = ( UBaseType_t ) 0;
 594:Middlewares/Third_Party/FreeRTOS/Source/queue.c **** 
 595:Middlewares/Third_Party/FreeRTOS/Source/queue.c ****         /* Prevent compiler warnings about unused parameters if
 596:Middlewares/Third_Party/FreeRTOS/Source/queue.c ****          * configUSE_TRACE_FACILITY does not equal 1. */
 597:Middlewares/Third_Party/FreeRTOS/Source/queue.c ****         ( void ) ucQueueType;
 598:Middlewares/Third_Party/FreeRTOS/Source/queue.c **** 
 599:Middlewares/Third_Party/FreeRTOS/Source/queue.c ****         xNewQueue = xQueueGenericCreateStatic( uxMutexLength, uxMutexSize, NULL, pxStaticQueue, ucQ
 600:Middlewares/Third_Party/FreeRTOS/Source/queue.c ****         prvInitialiseMutex( ( Queue_t * ) xNewQueue );
 601:Middlewares/Third_Party/FreeRTOS/Source/queue.c **** 
 602:Middlewares/Third_Party/FreeRTOS/Source/queue.c ****         return xNewQueue;
ARM GAS  /tmp/ccMJcgml.s 			page 12


 603:Middlewares/Third_Party/FreeRTOS/Source/queue.c ****     }
 604:Middlewares/Third_Party/FreeRTOS/Source/queue.c **** 
 605:Middlewares/Third_Party/FreeRTOS/Source/queue.c **** #endif /* configUSE_MUTEXES */
 606:Middlewares/Third_Party/FreeRTOS/Source/queue.c **** /*-----------------------------------------------------------*/
 607:Middlewares/Third_Party/FreeRTOS/Source/queue.c **** 
 608:Middlewares/Third_Party/FreeRTOS/Source/queue.c **** #if ( ( configUSE_MUTEXES == 1 ) && ( INCLUDE_xSemaphoreGetMutexHolder == 1 ) )
 609:Middlewares/Third_Party/FreeRTOS/Source/queue.c **** 
 610:Middlewares/Third_Party/FreeRTOS/Source/queue.c ****     TaskHandle_t xQueueGetMutexHolder( QueueHandle_t xSemaphore )
 611:Middlewares/Third_Party/FreeRTOS/Source/queue.c ****     {
 612:Middlewares/Third_Party/FreeRTOS/Source/queue.c ****         TaskHandle_t pxReturn;
 613:Middlewares/Third_Party/FreeRTOS/Source/queue.c ****         Queue_t * const pxSemaphore = ( Queue_t * ) xSemaphore;
 614:Middlewares/Third_Party/FreeRTOS/Source/queue.c **** 
 615:Middlewares/Third_Party/FreeRTOS/Source/queue.c ****         configASSERT( xSemaphore );
 616:Middlewares/Third_Party/FreeRTOS/Source/queue.c **** 
 617:Middlewares/Third_Party/FreeRTOS/Source/queue.c ****         /* This function is called by xSemaphoreGetMutexHolder(), and should not
 618:Middlewares/Third_Party/FreeRTOS/Source/queue.c ****          * be called directly.  Note:  This is a good way of determining if the
 619:Middlewares/Third_Party/FreeRTOS/Source/queue.c ****          * calling task is the mutex holder, but not a good way of determining the
 620:Middlewares/Third_Party/FreeRTOS/Source/queue.c ****          * identity of the mutex holder, as the holder may change between the
 621:Middlewares/Third_Party/FreeRTOS/Source/queue.c ****          * following critical section exiting and the function returning. */
 622:Middlewares/Third_Party/FreeRTOS/Source/queue.c ****         taskENTER_CRITICAL();
 623:Middlewares/Third_Party/FreeRTOS/Source/queue.c ****         {
 624:Middlewares/Third_Party/FreeRTOS/Source/queue.c ****             if( pxSemaphore->uxQueueType == queueQUEUE_IS_MUTEX )
 625:Middlewares/Third_Party/FreeRTOS/Source/queue.c ****             {
 626:Middlewares/Third_Party/FreeRTOS/Source/queue.c ****                 pxReturn = pxSemaphore->u.xSemaphore.xMutexHolder;
 627:Middlewares/Third_Party/FreeRTOS/Source/queue.c ****             }
 628:Middlewares/Third_Party/FreeRTOS/Source/queue.c ****             else
 629:Middlewares/Third_Party/FreeRTOS/Source/queue.c ****             {
 630:Middlewares/Third_Party/FreeRTOS/Source/queue.c ****                 pxReturn = NULL;
 631:Middlewares/Third_Party/FreeRTOS/Source/queue.c ****             }
 632:Middlewares/Third_Party/FreeRTOS/Source/queue.c ****         }
 633:Middlewares/Third_Party/FreeRTOS/Source/queue.c ****         taskEXIT_CRITICAL();
 634:Middlewares/Third_Party/FreeRTOS/Source/queue.c **** 
 635:Middlewares/Third_Party/FreeRTOS/Source/queue.c ****         return pxReturn;
 636:Middlewares/Third_Party/FreeRTOS/Source/queue.c ****     } /*lint !e818 xSemaphore cannot be a pointer to const because it is a typedef. */
 637:Middlewares/Third_Party/FreeRTOS/Source/queue.c **** 
 638:Middlewares/Third_Party/FreeRTOS/Source/queue.c **** #endif /* if ( ( configUSE_MUTEXES == 1 ) && ( INCLUDE_xSemaphoreGetMutexHolder == 1 ) ) */
 639:Middlewares/Third_Party/FreeRTOS/Source/queue.c **** /*-----------------------------------------------------------*/
 640:Middlewares/Third_Party/FreeRTOS/Source/queue.c **** 
 641:Middlewares/Third_Party/FreeRTOS/Source/queue.c **** #if ( ( configUSE_MUTEXES == 1 ) && ( INCLUDE_xSemaphoreGetMutexHolder == 1 ) )
 642:Middlewares/Third_Party/FreeRTOS/Source/queue.c **** 
 643:Middlewares/Third_Party/FreeRTOS/Source/queue.c ****     TaskHandle_t xQueueGetMutexHolderFromISR( QueueHandle_t xSemaphore )
 644:Middlewares/Third_Party/FreeRTOS/Source/queue.c ****     {
 645:Middlewares/Third_Party/FreeRTOS/Source/queue.c ****         TaskHandle_t pxReturn;
 646:Middlewares/Third_Party/FreeRTOS/Source/queue.c **** 
 647:Middlewares/Third_Party/FreeRTOS/Source/queue.c ****         configASSERT( xSemaphore );
 648:Middlewares/Third_Party/FreeRTOS/Source/queue.c **** 
 649:Middlewares/Third_Party/FreeRTOS/Source/queue.c ****         /* Mutexes cannot be used in interrupt service routines, so the mutex
 650:Middlewares/Third_Party/FreeRTOS/Source/queue.c ****          * holder should not change in an ISR, and therefore a critical section is
 651:Middlewares/Third_Party/FreeRTOS/Source/queue.c ****          * not required here. */
 652:Middlewares/Third_Party/FreeRTOS/Source/queue.c ****         if( ( ( Queue_t * ) xSemaphore )->uxQueueType == queueQUEUE_IS_MUTEX )
 653:Middlewares/Third_Party/FreeRTOS/Source/queue.c ****         {
 654:Middlewares/Third_Party/FreeRTOS/Source/queue.c ****             pxReturn = ( ( Queue_t * ) xSemaphore )->u.xSemaphore.xMutexHolder;
 655:Middlewares/Third_Party/FreeRTOS/Source/queue.c ****         }
 656:Middlewares/Third_Party/FreeRTOS/Source/queue.c ****         else
 657:Middlewares/Third_Party/FreeRTOS/Source/queue.c ****         {
 658:Middlewares/Third_Party/FreeRTOS/Source/queue.c ****             pxReturn = NULL;
 659:Middlewares/Third_Party/FreeRTOS/Source/queue.c ****         }
ARM GAS  /tmp/ccMJcgml.s 			page 13


 660:Middlewares/Third_Party/FreeRTOS/Source/queue.c **** 
 661:Middlewares/Third_Party/FreeRTOS/Source/queue.c ****         return pxReturn;
 662:Middlewares/Third_Party/FreeRTOS/Source/queue.c ****     } /*lint !e818 xSemaphore cannot be a pointer to const because it is a typedef. */
 663:Middlewares/Third_Party/FreeRTOS/Source/queue.c **** 
 664:Middlewares/Third_Party/FreeRTOS/Source/queue.c **** #endif /* if ( ( configUSE_MUTEXES == 1 ) && ( INCLUDE_xSemaphoreGetMutexHolder == 1 ) ) */
 665:Middlewares/Third_Party/FreeRTOS/Source/queue.c **** /*-----------------------------------------------------------*/
 666:Middlewares/Third_Party/FreeRTOS/Source/queue.c **** 
 667:Middlewares/Third_Party/FreeRTOS/Source/queue.c **** #if ( configUSE_RECURSIVE_MUTEXES == 1 )
 668:Middlewares/Third_Party/FreeRTOS/Source/queue.c **** 
 669:Middlewares/Third_Party/FreeRTOS/Source/queue.c ****     BaseType_t xQueueGiveMutexRecursive( QueueHandle_t xMutex )
 670:Middlewares/Third_Party/FreeRTOS/Source/queue.c ****     {
 671:Middlewares/Third_Party/FreeRTOS/Source/queue.c ****         BaseType_t xReturn;
 672:Middlewares/Third_Party/FreeRTOS/Source/queue.c ****         Queue_t * const pxMutex = ( Queue_t * ) xMutex;
 673:Middlewares/Third_Party/FreeRTOS/Source/queue.c **** 
 674:Middlewares/Third_Party/FreeRTOS/Source/queue.c ****         configASSERT( pxMutex );
 675:Middlewares/Third_Party/FreeRTOS/Source/queue.c **** 
 676:Middlewares/Third_Party/FreeRTOS/Source/queue.c ****         /* If this is the task that holds the mutex then xMutexHolder will not
 677:Middlewares/Third_Party/FreeRTOS/Source/queue.c ****          * change outside of this task.  If this task does not hold the mutex then
 678:Middlewares/Third_Party/FreeRTOS/Source/queue.c ****          * pxMutexHolder can never coincidentally equal the tasks handle, and as
 679:Middlewares/Third_Party/FreeRTOS/Source/queue.c ****          * this is the only condition we are interested in it does not matter if
 680:Middlewares/Third_Party/FreeRTOS/Source/queue.c ****          * pxMutexHolder is accessed simultaneously by another task.  Therefore no
 681:Middlewares/Third_Party/FreeRTOS/Source/queue.c ****          * mutual exclusion is required to test the pxMutexHolder variable. */
 682:Middlewares/Third_Party/FreeRTOS/Source/queue.c ****         if( pxMutex->u.xSemaphore.xMutexHolder == xTaskGetCurrentTaskHandle() )
 683:Middlewares/Third_Party/FreeRTOS/Source/queue.c ****         {
 684:Middlewares/Third_Party/FreeRTOS/Source/queue.c ****             traceGIVE_MUTEX_RECURSIVE( pxMutex );
 685:Middlewares/Third_Party/FreeRTOS/Source/queue.c **** 
 686:Middlewares/Third_Party/FreeRTOS/Source/queue.c ****             /* uxRecursiveCallCount cannot be zero if xMutexHolder is equal to
 687:Middlewares/Third_Party/FreeRTOS/Source/queue.c ****              * the task handle, therefore no underflow check is required.  Also,
 688:Middlewares/Third_Party/FreeRTOS/Source/queue.c ****              * uxRecursiveCallCount is only modified by the mutex holder, and as
 689:Middlewares/Third_Party/FreeRTOS/Source/queue.c ****              * there can only be one, no mutual exclusion is required to modify the
 690:Middlewares/Third_Party/FreeRTOS/Source/queue.c ****              * uxRecursiveCallCount member. */
 691:Middlewares/Third_Party/FreeRTOS/Source/queue.c ****             ( pxMutex->u.xSemaphore.uxRecursiveCallCount )--;
 692:Middlewares/Third_Party/FreeRTOS/Source/queue.c **** 
 693:Middlewares/Third_Party/FreeRTOS/Source/queue.c ****             /* Has the recursive call count unwound to 0? */
 694:Middlewares/Third_Party/FreeRTOS/Source/queue.c ****             if( pxMutex->u.xSemaphore.uxRecursiveCallCount == ( UBaseType_t ) 0 )
 695:Middlewares/Third_Party/FreeRTOS/Source/queue.c ****             {
 696:Middlewares/Third_Party/FreeRTOS/Source/queue.c ****                 /* Return the mutex.  This will automatically unblock any other
 697:Middlewares/Third_Party/FreeRTOS/Source/queue.c ****                  * task that might be waiting to access the mutex. */
 698:Middlewares/Third_Party/FreeRTOS/Source/queue.c ****                 ( void ) xQueueGenericSend( pxMutex, NULL, queueMUTEX_GIVE_BLOCK_TIME, queueSEND_TO
 699:Middlewares/Third_Party/FreeRTOS/Source/queue.c ****             }
 700:Middlewares/Third_Party/FreeRTOS/Source/queue.c ****             else
 701:Middlewares/Third_Party/FreeRTOS/Source/queue.c ****             {
 702:Middlewares/Third_Party/FreeRTOS/Source/queue.c ****                 mtCOVERAGE_TEST_MARKER();
 703:Middlewares/Third_Party/FreeRTOS/Source/queue.c ****             }
 704:Middlewares/Third_Party/FreeRTOS/Source/queue.c **** 
 705:Middlewares/Third_Party/FreeRTOS/Source/queue.c ****             xReturn = pdPASS;
 706:Middlewares/Third_Party/FreeRTOS/Source/queue.c ****         }
 707:Middlewares/Third_Party/FreeRTOS/Source/queue.c ****         else
 708:Middlewares/Third_Party/FreeRTOS/Source/queue.c ****         {
 709:Middlewares/Third_Party/FreeRTOS/Source/queue.c ****             /* The mutex cannot be given because the calling task is not the
 710:Middlewares/Third_Party/FreeRTOS/Source/queue.c ****              * holder. */
 711:Middlewares/Third_Party/FreeRTOS/Source/queue.c ****             xReturn = pdFAIL;
 712:Middlewares/Third_Party/FreeRTOS/Source/queue.c **** 
 713:Middlewares/Third_Party/FreeRTOS/Source/queue.c ****             traceGIVE_MUTEX_RECURSIVE_FAILED( pxMutex );
 714:Middlewares/Third_Party/FreeRTOS/Source/queue.c ****         }
 715:Middlewares/Third_Party/FreeRTOS/Source/queue.c **** 
 716:Middlewares/Third_Party/FreeRTOS/Source/queue.c ****         return xReturn;
ARM GAS  /tmp/ccMJcgml.s 			page 14


 717:Middlewares/Third_Party/FreeRTOS/Source/queue.c ****     }
 718:Middlewares/Third_Party/FreeRTOS/Source/queue.c **** 
 719:Middlewares/Third_Party/FreeRTOS/Source/queue.c **** #endif /* configUSE_RECURSIVE_MUTEXES */
 720:Middlewares/Third_Party/FreeRTOS/Source/queue.c **** /*-----------------------------------------------------------*/
 721:Middlewares/Third_Party/FreeRTOS/Source/queue.c **** 
 722:Middlewares/Third_Party/FreeRTOS/Source/queue.c **** #if ( configUSE_RECURSIVE_MUTEXES == 1 )
 723:Middlewares/Third_Party/FreeRTOS/Source/queue.c **** 
 724:Middlewares/Third_Party/FreeRTOS/Source/queue.c ****     BaseType_t xQueueTakeMutexRecursive( QueueHandle_t xMutex,
 725:Middlewares/Third_Party/FreeRTOS/Source/queue.c ****                                          TickType_t xTicksToWait )
 726:Middlewares/Third_Party/FreeRTOS/Source/queue.c ****     {
 727:Middlewares/Third_Party/FreeRTOS/Source/queue.c ****         BaseType_t xReturn;
 728:Middlewares/Third_Party/FreeRTOS/Source/queue.c ****         Queue_t * const pxMutex = ( Queue_t * ) xMutex;
 729:Middlewares/Third_Party/FreeRTOS/Source/queue.c **** 
 730:Middlewares/Third_Party/FreeRTOS/Source/queue.c ****         configASSERT( pxMutex );
 731:Middlewares/Third_Party/FreeRTOS/Source/queue.c **** 
 732:Middlewares/Third_Party/FreeRTOS/Source/queue.c ****         /* Comments regarding mutual exclusion as per those within
 733:Middlewares/Third_Party/FreeRTOS/Source/queue.c ****          * xQueueGiveMutexRecursive(). */
 734:Middlewares/Third_Party/FreeRTOS/Source/queue.c **** 
 735:Middlewares/Third_Party/FreeRTOS/Source/queue.c ****         traceTAKE_MUTEX_RECURSIVE( pxMutex );
 736:Middlewares/Third_Party/FreeRTOS/Source/queue.c **** 
 737:Middlewares/Third_Party/FreeRTOS/Source/queue.c ****         if( pxMutex->u.xSemaphore.xMutexHolder == xTaskGetCurrentTaskHandle() )
 738:Middlewares/Third_Party/FreeRTOS/Source/queue.c ****         {
 739:Middlewares/Third_Party/FreeRTOS/Source/queue.c ****             ( pxMutex->u.xSemaphore.uxRecursiveCallCount )++;
 740:Middlewares/Third_Party/FreeRTOS/Source/queue.c ****             xReturn = pdPASS;
 741:Middlewares/Third_Party/FreeRTOS/Source/queue.c ****         }
 742:Middlewares/Third_Party/FreeRTOS/Source/queue.c ****         else
 743:Middlewares/Third_Party/FreeRTOS/Source/queue.c ****         {
 744:Middlewares/Third_Party/FreeRTOS/Source/queue.c ****             xReturn = xQueueSemaphoreTake( pxMutex, xTicksToWait );
 745:Middlewares/Third_Party/FreeRTOS/Source/queue.c **** 
 746:Middlewares/Third_Party/FreeRTOS/Source/queue.c ****             /* pdPASS will only be returned if the mutex was successfully
 747:Middlewares/Third_Party/FreeRTOS/Source/queue.c ****              * obtained.  The calling task may have entered the Blocked state
 748:Middlewares/Third_Party/FreeRTOS/Source/queue.c ****              * before reaching here. */
 749:Middlewares/Third_Party/FreeRTOS/Source/queue.c ****             if( xReturn != pdFAIL )
 750:Middlewares/Third_Party/FreeRTOS/Source/queue.c ****             {
 751:Middlewares/Third_Party/FreeRTOS/Source/queue.c ****                 ( pxMutex->u.xSemaphore.uxRecursiveCallCount )++;
 752:Middlewares/Third_Party/FreeRTOS/Source/queue.c ****             }
 753:Middlewares/Third_Party/FreeRTOS/Source/queue.c ****             else
 754:Middlewares/Third_Party/FreeRTOS/Source/queue.c ****             {
 755:Middlewares/Third_Party/FreeRTOS/Source/queue.c ****                 traceTAKE_MUTEX_RECURSIVE_FAILED( pxMutex );
 756:Middlewares/Third_Party/FreeRTOS/Source/queue.c ****             }
 757:Middlewares/Third_Party/FreeRTOS/Source/queue.c ****         }
 758:Middlewares/Third_Party/FreeRTOS/Source/queue.c **** 
 759:Middlewares/Third_Party/FreeRTOS/Source/queue.c ****         return xReturn;
 760:Middlewares/Third_Party/FreeRTOS/Source/queue.c ****     }
 761:Middlewares/Third_Party/FreeRTOS/Source/queue.c **** 
 762:Middlewares/Third_Party/FreeRTOS/Source/queue.c **** #endif /* configUSE_RECURSIVE_MUTEXES */
 763:Middlewares/Third_Party/FreeRTOS/Source/queue.c **** /*-----------------------------------------------------------*/
 764:Middlewares/Third_Party/FreeRTOS/Source/queue.c **** 
 765:Middlewares/Third_Party/FreeRTOS/Source/queue.c **** #if ( ( configUSE_COUNTING_SEMAPHORES == 1 ) && ( configSUPPORT_STATIC_ALLOCATION == 1 ) )
 766:Middlewares/Third_Party/FreeRTOS/Source/queue.c **** 
 767:Middlewares/Third_Party/FreeRTOS/Source/queue.c ****     QueueHandle_t xQueueCreateCountingSemaphoreStatic( const UBaseType_t uxMaxCount,
 768:Middlewares/Third_Party/FreeRTOS/Source/queue.c ****                                                        const UBaseType_t uxInitialCount,
 769:Middlewares/Third_Party/FreeRTOS/Source/queue.c ****                                                        StaticQueue_t * pxStaticQueue )
 770:Middlewares/Third_Party/FreeRTOS/Source/queue.c ****     {
 771:Middlewares/Third_Party/FreeRTOS/Source/queue.c ****         QueueHandle_t xHandle = NULL;
 772:Middlewares/Third_Party/FreeRTOS/Source/queue.c **** 
 773:Middlewares/Third_Party/FreeRTOS/Source/queue.c ****         if( ( uxMaxCount != 0 ) &&
ARM GAS  /tmp/ccMJcgml.s 			page 15


 774:Middlewares/Third_Party/FreeRTOS/Source/queue.c ****             ( uxInitialCount <= uxMaxCount ) )
 775:Middlewares/Third_Party/FreeRTOS/Source/queue.c ****         {
 776:Middlewares/Third_Party/FreeRTOS/Source/queue.c ****             xHandle = xQueueGenericCreateStatic( uxMaxCount, queueSEMAPHORE_QUEUE_ITEM_LENGTH, NULL
 777:Middlewares/Third_Party/FreeRTOS/Source/queue.c **** 
 778:Middlewares/Third_Party/FreeRTOS/Source/queue.c ****             if( xHandle != NULL )
 779:Middlewares/Third_Party/FreeRTOS/Source/queue.c ****             {
 780:Middlewares/Third_Party/FreeRTOS/Source/queue.c ****                 ( ( Queue_t * ) xHandle )->uxMessagesWaiting = uxInitialCount;
 781:Middlewares/Third_Party/FreeRTOS/Source/queue.c **** 
 782:Middlewares/Third_Party/FreeRTOS/Source/queue.c ****                 traceCREATE_COUNTING_SEMAPHORE();
 783:Middlewares/Third_Party/FreeRTOS/Source/queue.c ****             }
 784:Middlewares/Third_Party/FreeRTOS/Source/queue.c ****             else
 785:Middlewares/Third_Party/FreeRTOS/Source/queue.c ****             {
 786:Middlewares/Third_Party/FreeRTOS/Source/queue.c ****                 traceCREATE_COUNTING_SEMAPHORE_FAILED();
 787:Middlewares/Third_Party/FreeRTOS/Source/queue.c ****             }
 788:Middlewares/Third_Party/FreeRTOS/Source/queue.c ****         }
 789:Middlewares/Third_Party/FreeRTOS/Source/queue.c ****         else
 790:Middlewares/Third_Party/FreeRTOS/Source/queue.c ****         {
 791:Middlewares/Third_Party/FreeRTOS/Source/queue.c ****             configASSERT( xHandle );
 792:Middlewares/Third_Party/FreeRTOS/Source/queue.c ****             mtCOVERAGE_TEST_MARKER();
 793:Middlewares/Third_Party/FreeRTOS/Source/queue.c ****         }
 794:Middlewares/Third_Party/FreeRTOS/Source/queue.c **** 
 795:Middlewares/Third_Party/FreeRTOS/Source/queue.c ****         return xHandle;
 796:Middlewares/Third_Party/FreeRTOS/Source/queue.c ****     }
 797:Middlewares/Third_Party/FreeRTOS/Source/queue.c **** 
 798:Middlewares/Third_Party/FreeRTOS/Source/queue.c **** #endif /* ( ( configUSE_COUNTING_SEMAPHORES == 1 ) && ( configSUPPORT_DYNAMIC_ALLOCATION == 1 ) ) *
 799:Middlewares/Third_Party/FreeRTOS/Source/queue.c **** /*-----------------------------------------------------------*/
 800:Middlewares/Third_Party/FreeRTOS/Source/queue.c **** 
 801:Middlewares/Third_Party/FreeRTOS/Source/queue.c **** #if ( ( configUSE_COUNTING_SEMAPHORES == 1 ) && ( configSUPPORT_DYNAMIC_ALLOCATION == 1 ) )
 802:Middlewares/Third_Party/FreeRTOS/Source/queue.c **** 
 803:Middlewares/Third_Party/FreeRTOS/Source/queue.c ****     QueueHandle_t xQueueCreateCountingSemaphore( const UBaseType_t uxMaxCount,
 804:Middlewares/Third_Party/FreeRTOS/Source/queue.c ****                                                  const UBaseType_t uxInitialCount )
 805:Middlewares/Third_Party/FreeRTOS/Source/queue.c ****     {
 806:Middlewares/Third_Party/FreeRTOS/Source/queue.c ****         QueueHandle_t xHandle = NULL;
 807:Middlewares/Third_Party/FreeRTOS/Source/queue.c **** 
 808:Middlewares/Third_Party/FreeRTOS/Source/queue.c ****         if( ( uxMaxCount != 0 ) &&
 809:Middlewares/Third_Party/FreeRTOS/Source/queue.c ****             ( uxInitialCount <= uxMaxCount ) )
 810:Middlewares/Third_Party/FreeRTOS/Source/queue.c ****         {
 811:Middlewares/Third_Party/FreeRTOS/Source/queue.c ****             xHandle = xQueueGenericCreate( uxMaxCount, queueSEMAPHORE_QUEUE_ITEM_LENGTH, queueQUEUE
 812:Middlewares/Third_Party/FreeRTOS/Source/queue.c **** 
 813:Middlewares/Third_Party/FreeRTOS/Source/queue.c ****             if( xHandle != NULL )
 814:Middlewares/Third_Party/FreeRTOS/Source/queue.c ****             {
 815:Middlewares/Third_Party/FreeRTOS/Source/queue.c ****                 ( ( Queue_t * ) xHandle )->uxMessagesWaiting = uxInitialCount;
 816:Middlewares/Third_Party/FreeRTOS/Source/queue.c **** 
 817:Middlewares/Third_Party/FreeRTOS/Source/queue.c ****                 traceCREATE_COUNTING_SEMAPHORE();
 818:Middlewares/Third_Party/FreeRTOS/Source/queue.c ****             }
 819:Middlewares/Third_Party/FreeRTOS/Source/queue.c ****             else
 820:Middlewares/Third_Party/FreeRTOS/Source/queue.c ****             {
 821:Middlewares/Third_Party/FreeRTOS/Source/queue.c ****                 traceCREATE_COUNTING_SEMAPHORE_FAILED();
 822:Middlewares/Third_Party/FreeRTOS/Source/queue.c ****             }
 823:Middlewares/Third_Party/FreeRTOS/Source/queue.c ****         }
 824:Middlewares/Third_Party/FreeRTOS/Source/queue.c ****         else
 825:Middlewares/Third_Party/FreeRTOS/Source/queue.c ****         {
 826:Middlewares/Third_Party/FreeRTOS/Source/queue.c ****             configASSERT( xHandle );
 827:Middlewares/Third_Party/FreeRTOS/Source/queue.c ****             mtCOVERAGE_TEST_MARKER();
 828:Middlewares/Third_Party/FreeRTOS/Source/queue.c ****         }
 829:Middlewares/Third_Party/FreeRTOS/Source/queue.c **** 
 830:Middlewares/Third_Party/FreeRTOS/Source/queue.c ****         return xHandle;
ARM GAS  /tmp/ccMJcgml.s 			page 16


 831:Middlewares/Third_Party/FreeRTOS/Source/queue.c ****     }
 832:Middlewares/Third_Party/FreeRTOS/Source/queue.c **** 
 833:Middlewares/Third_Party/FreeRTOS/Source/queue.c **** #endif /* ( ( configUSE_COUNTING_SEMAPHORES == 1 ) && ( configSUPPORT_DYNAMIC_ALLOCATION == 1 ) ) *
 834:Middlewares/Third_Party/FreeRTOS/Source/queue.c **** /*-----------------------------------------------------------*/
 835:Middlewares/Third_Party/FreeRTOS/Source/queue.c **** 
 836:Middlewares/Third_Party/FreeRTOS/Source/queue.c **** BaseType_t xQueueGenericSend( QueueHandle_t xQueue,
 837:Middlewares/Third_Party/FreeRTOS/Source/queue.c ****                               const void * const pvItemToQueue,
 838:Middlewares/Third_Party/FreeRTOS/Source/queue.c ****                               TickType_t xTicksToWait,
 839:Middlewares/Third_Party/FreeRTOS/Source/queue.c ****                               const BaseType_t xCopyPosition )
 840:Middlewares/Third_Party/FreeRTOS/Source/queue.c **** {
 841:Middlewares/Third_Party/FreeRTOS/Source/queue.c ****     BaseType_t xEntryTimeSet = pdFALSE, xYieldRequired;
 842:Middlewares/Third_Party/FreeRTOS/Source/queue.c ****     TimeOut_t xTimeOut;
 843:Middlewares/Third_Party/FreeRTOS/Source/queue.c ****     Queue_t * const pxQueue = xQueue;
 844:Middlewares/Third_Party/FreeRTOS/Source/queue.c **** 
 845:Middlewares/Third_Party/FreeRTOS/Source/queue.c ****     configASSERT( pxQueue );
 846:Middlewares/Third_Party/FreeRTOS/Source/queue.c ****     configASSERT( !( ( pvItemToQueue == NULL ) && ( pxQueue->uxItemSize != ( UBaseType_t ) 0U ) ) )
 847:Middlewares/Third_Party/FreeRTOS/Source/queue.c ****     configASSERT( !( ( xCopyPosition == queueOVERWRITE ) && ( pxQueue->uxLength != 1 ) ) );
 848:Middlewares/Third_Party/FreeRTOS/Source/queue.c ****     #if ( ( INCLUDE_xTaskGetSchedulerState == 1 ) || ( configUSE_TIMERS == 1 ) )
 849:Middlewares/Third_Party/FreeRTOS/Source/queue.c ****     {
 850:Middlewares/Third_Party/FreeRTOS/Source/queue.c ****         configASSERT( !( ( xTaskGetSchedulerState() == taskSCHEDULER_SUSPENDED ) && ( xTicksToWait 
 851:Middlewares/Third_Party/FreeRTOS/Source/queue.c ****     }
 852:Middlewares/Third_Party/FreeRTOS/Source/queue.c ****     #endif
 853:Middlewares/Third_Party/FreeRTOS/Source/queue.c **** 
 854:Middlewares/Third_Party/FreeRTOS/Source/queue.c ****     /*lint -save -e904 This function relaxes the coding standard somewhat to
 855:Middlewares/Third_Party/FreeRTOS/Source/queue.c ****      * allow return statements within the function itself.  This is done in the
 856:Middlewares/Third_Party/FreeRTOS/Source/queue.c ****      * interest of execution time efficiency. */
 857:Middlewares/Third_Party/FreeRTOS/Source/queue.c ****     for( ; ; )
 858:Middlewares/Third_Party/FreeRTOS/Source/queue.c ****     {
 859:Middlewares/Third_Party/FreeRTOS/Source/queue.c ****         taskENTER_CRITICAL();
 860:Middlewares/Third_Party/FreeRTOS/Source/queue.c ****         {
 861:Middlewares/Third_Party/FreeRTOS/Source/queue.c ****             /* Is there room on the queue now?  The running task must be the
 862:Middlewares/Third_Party/FreeRTOS/Source/queue.c ****              * highest priority task wanting to access the queue.  If the head item
 863:Middlewares/Third_Party/FreeRTOS/Source/queue.c ****              * in the queue is to be overwritten then it does not matter if the
 864:Middlewares/Third_Party/FreeRTOS/Source/queue.c ****              * queue is full. */
 865:Middlewares/Third_Party/FreeRTOS/Source/queue.c ****             if( ( pxQueue->uxMessagesWaiting < pxQueue->uxLength ) || ( xCopyPosition == queueOVERW
 866:Middlewares/Third_Party/FreeRTOS/Source/queue.c ****             {
 867:Middlewares/Third_Party/FreeRTOS/Source/queue.c ****                 traceQUEUE_SEND( pxQueue );
 868:Middlewares/Third_Party/FreeRTOS/Source/queue.c **** 
 869:Middlewares/Third_Party/FreeRTOS/Source/queue.c ****                 #if ( configUSE_QUEUE_SETS == 1 )
 870:Middlewares/Third_Party/FreeRTOS/Source/queue.c ****                 {
 871:Middlewares/Third_Party/FreeRTOS/Source/queue.c ****                     const UBaseType_t uxPreviousMessagesWaiting = pxQueue->uxMessagesWaiting;
 872:Middlewares/Third_Party/FreeRTOS/Source/queue.c **** 
 873:Middlewares/Third_Party/FreeRTOS/Source/queue.c ****                     xYieldRequired = prvCopyDataToQueue( pxQueue, pvItemToQueue, xCopyPosition );
 874:Middlewares/Third_Party/FreeRTOS/Source/queue.c **** 
 875:Middlewares/Third_Party/FreeRTOS/Source/queue.c ****                     if( pxQueue->pxQueueSetContainer != NULL )
 876:Middlewares/Third_Party/FreeRTOS/Source/queue.c ****                     {
 877:Middlewares/Third_Party/FreeRTOS/Source/queue.c ****                         if( ( xCopyPosition == queueOVERWRITE ) && ( uxPreviousMessagesWaiting != (
 878:Middlewares/Third_Party/FreeRTOS/Source/queue.c ****                         {
 879:Middlewares/Third_Party/FreeRTOS/Source/queue.c ****                             /* Do not notify the queue set as an existing item
 880:Middlewares/Third_Party/FreeRTOS/Source/queue.c ****                              * was overwritten in the queue so the number of items
 881:Middlewares/Third_Party/FreeRTOS/Source/queue.c ****                              * in the queue has not changed. */
 882:Middlewares/Third_Party/FreeRTOS/Source/queue.c ****                             mtCOVERAGE_TEST_MARKER();
 883:Middlewares/Third_Party/FreeRTOS/Source/queue.c ****                         }
 884:Middlewares/Third_Party/FreeRTOS/Source/queue.c ****                         else if( prvNotifyQueueSetContainer( pxQueue ) != pdFALSE )
 885:Middlewares/Third_Party/FreeRTOS/Source/queue.c ****                         {
 886:Middlewares/Third_Party/FreeRTOS/Source/queue.c ****                             /* The queue is a member of a queue set, and posting
 887:Middlewares/Third_Party/FreeRTOS/Source/queue.c ****                              * to the queue set caused a higher priority task to
ARM GAS  /tmp/ccMJcgml.s 			page 17


 888:Middlewares/Third_Party/FreeRTOS/Source/queue.c ****                              * unblock. A context switch is required. */
 889:Middlewares/Third_Party/FreeRTOS/Source/queue.c ****                             queueYIELD_IF_USING_PREEMPTION();
 890:Middlewares/Third_Party/FreeRTOS/Source/queue.c ****                         }
 891:Middlewares/Third_Party/FreeRTOS/Source/queue.c ****                         else
 892:Middlewares/Third_Party/FreeRTOS/Source/queue.c ****                         {
 893:Middlewares/Third_Party/FreeRTOS/Source/queue.c ****                             mtCOVERAGE_TEST_MARKER();
 894:Middlewares/Third_Party/FreeRTOS/Source/queue.c ****                         }
 895:Middlewares/Third_Party/FreeRTOS/Source/queue.c ****                     }
 896:Middlewares/Third_Party/FreeRTOS/Source/queue.c ****                     else
 897:Middlewares/Third_Party/FreeRTOS/Source/queue.c ****                     {
 898:Middlewares/Third_Party/FreeRTOS/Source/queue.c ****                         /* If there was a task waiting for data to arrive on the
 899:Middlewares/Third_Party/FreeRTOS/Source/queue.c ****                          * queue then unblock it now. */
 900:Middlewares/Third_Party/FreeRTOS/Source/queue.c ****                         if( listLIST_IS_EMPTY( &( pxQueue->xTasksWaitingToReceive ) ) == pdFALSE )
 901:Middlewares/Third_Party/FreeRTOS/Source/queue.c ****                         {
 902:Middlewares/Third_Party/FreeRTOS/Source/queue.c ****                             if( xTaskRemoveFromEventList( &( pxQueue->xTasksWaitingToReceive ) ) !=
 903:Middlewares/Third_Party/FreeRTOS/Source/queue.c ****                             {
 904:Middlewares/Third_Party/FreeRTOS/Source/queue.c ****                                 /* The unblocked task has a priority higher than
 905:Middlewares/Third_Party/FreeRTOS/Source/queue.c ****                                  * our own so yield immediately.  Yes it is ok to
 906:Middlewares/Third_Party/FreeRTOS/Source/queue.c ****                                  * do this from within the critical section - the
 907:Middlewares/Third_Party/FreeRTOS/Source/queue.c ****                                  * kernel takes care of that. */
 908:Middlewares/Third_Party/FreeRTOS/Source/queue.c ****                                 queueYIELD_IF_USING_PREEMPTION();
 909:Middlewares/Third_Party/FreeRTOS/Source/queue.c ****                             }
 910:Middlewares/Third_Party/FreeRTOS/Source/queue.c ****                             else
 911:Middlewares/Third_Party/FreeRTOS/Source/queue.c ****                             {
 912:Middlewares/Third_Party/FreeRTOS/Source/queue.c ****                                 mtCOVERAGE_TEST_MARKER();
 913:Middlewares/Third_Party/FreeRTOS/Source/queue.c ****                             }
 914:Middlewares/Third_Party/FreeRTOS/Source/queue.c ****                         }
 915:Middlewares/Third_Party/FreeRTOS/Source/queue.c ****                         else if( xYieldRequired != pdFALSE )
 916:Middlewares/Third_Party/FreeRTOS/Source/queue.c ****                         {
 917:Middlewares/Third_Party/FreeRTOS/Source/queue.c ****                             /* This path is a special case that will only get
 918:Middlewares/Third_Party/FreeRTOS/Source/queue.c ****                              * executed if the task was holding multiple mutexes
 919:Middlewares/Third_Party/FreeRTOS/Source/queue.c ****                              * and the mutexes were given back in an order that is
 920:Middlewares/Third_Party/FreeRTOS/Source/queue.c ****                              * different to that in which they were taken. */
 921:Middlewares/Third_Party/FreeRTOS/Source/queue.c ****                             queueYIELD_IF_USING_PREEMPTION();
 922:Middlewares/Third_Party/FreeRTOS/Source/queue.c ****                         }
 923:Middlewares/Third_Party/FreeRTOS/Source/queue.c ****                         else
 924:Middlewares/Third_Party/FreeRTOS/Source/queue.c ****                         {
 925:Middlewares/Third_Party/FreeRTOS/Source/queue.c ****                             mtCOVERAGE_TEST_MARKER();
 926:Middlewares/Third_Party/FreeRTOS/Source/queue.c ****                         }
 927:Middlewares/Third_Party/FreeRTOS/Source/queue.c ****                     }
 928:Middlewares/Third_Party/FreeRTOS/Source/queue.c ****                 }
 929:Middlewares/Third_Party/FreeRTOS/Source/queue.c ****                 #else /* configUSE_QUEUE_SETS */
 930:Middlewares/Third_Party/FreeRTOS/Source/queue.c ****                 {
 931:Middlewares/Third_Party/FreeRTOS/Source/queue.c ****                     xYieldRequired = prvCopyDataToQueue( pxQueue, pvItemToQueue, xCopyPosition );
 932:Middlewares/Third_Party/FreeRTOS/Source/queue.c **** 
 933:Middlewares/Third_Party/FreeRTOS/Source/queue.c ****                     /* If there was a task waiting for data to arrive on the
 934:Middlewares/Third_Party/FreeRTOS/Source/queue.c ****                      * queue then unblock it now. */
 935:Middlewares/Third_Party/FreeRTOS/Source/queue.c ****                     if( listLIST_IS_EMPTY( &( pxQueue->xTasksWaitingToReceive ) ) == pdFALSE )
 936:Middlewares/Third_Party/FreeRTOS/Source/queue.c ****                     {
 937:Middlewares/Third_Party/FreeRTOS/Source/queue.c ****                         if( xTaskRemoveFromEventList( &( pxQueue->xTasksWaitingToReceive ) ) != pdF
 938:Middlewares/Third_Party/FreeRTOS/Source/queue.c ****                         {
 939:Middlewares/Third_Party/FreeRTOS/Source/queue.c ****                             /* The unblocked task has a priority higher than
 940:Middlewares/Third_Party/FreeRTOS/Source/queue.c ****                              * our own so yield immediately.  Yes it is ok to do
 941:Middlewares/Third_Party/FreeRTOS/Source/queue.c ****                              * this from within the critical section - the kernel
 942:Middlewares/Third_Party/FreeRTOS/Source/queue.c ****                              * takes care of that. */
 943:Middlewares/Third_Party/FreeRTOS/Source/queue.c ****                             queueYIELD_IF_USING_PREEMPTION();
 944:Middlewares/Third_Party/FreeRTOS/Source/queue.c ****                         }
ARM GAS  /tmp/ccMJcgml.s 			page 18


 945:Middlewares/Third_Party/FreeRTOS/Source/queue.c ****                         else
 946:Middlewares/Third_Party/FreeRTOS/Source/queue.c ****                         {
 947:Middlewares/Third_Party/FreeRTOS/Source/queue.c ****                             mtCOVERAGE_TEST_MARKER();
 948:Middlewares/Third_Party/FreeRTOS/Source/queue.c ****                         }
 949:Middlewares/Third_Party/FreeRTOS/Source/queue.c ****                     }
 950:Middlewares/Third_Party/FreeRTOS/Source/queue.c ****                     else if( xYieldRequired != pdFALSE )
 951:Middlewares/Third_Party/FreeRTOS/Source/queue.c ****                     {
 952:Middlewares/Third_Party/FreeRTOS/Source/queue.c ****                         /* This path is a special case that will only get
 953:Middlewares/Third_Party/FreeRTOS/Source/queue.c ****                          * executed if the task was holding multiple mutexes and
 954:Middlewares/Third_Party/FreeRTOS/Source/queue.c ****                          * the mutexes were given back in an order that is
 955:Middlewares/Third_Party/FreeRTOS/Source/queue.c ****                          * different to that in which they were taken. */
 956:Middlewares/Third_Party/FreeRTOS/Source/queue.c ****                         queueYIELD_IF_USING_PREEMPTION();
 957:Middlewares/Third_Party/FreeRTOS/Source/queue.c ****                     }
 958:Middlewares/Third_Party/FreeRTOS/Source/queue.c ****                     else
 959:Middlewares/Third_Party/FreeRTOS/Source/queue.c ****                     {
 960:Middlewares/Third_Party/FreeRTOS/Source/queue.c ****                         mtCOVERAGE_TEST_MARKER();
 961:Middlewares/Third_Party/FreeRTOS/Source/queue.c ****                     }
 962:Middlewares/Third_Party/FreeRTOS/Source/queue.c ****                 }
 963:Middlewares/Third_Party/FreeRTOS/Source/queue.c ****                 #endif /* configUSE_QUEUE_SETS */
 964:Middlewares/Third_Party/FreeRTOS/Source/queue.c **** 
 965:Middlewares/Third_Party/FreeRTOS/Source/queue.c ****                 taskEXIT_CRITICAL();
 966:Middlewares/Third_Party/FreeRTOS/Source/queue.c ****                 return pdPASS;
 967:Middlewares/Third_Party/FreeRTOS/Source/queue.c ****             }
 968:Middlewares/Third_Party/FreeRTOS/Source/queue.c ****             else
 969:Middlewares/Third_Party/FreeRTOS/Source/queue.c ****             {
 970:Middlewares/Third_Party/FreeRTOS/Source/queue.c ****                 if( xTicksToWait == ( TickType_t ) 0 )
 971:Middlewares/Third_Party/FreeRTOS/Source/queue.c ****                 {
 972:Middlewares/Third_Party/FreeRTOS/Source/queue.c ****                     /* The queue was full and no block time is specified (or
 973:Middlewares/Third_Party/FreeRTOS/Source/queue.c ****                      * the block time has expired) so leave now. */
 974:Middlewares/Third_Party/FreeRTOS/Source/queue.c ****                     taskEXIT_CRITICAL();
 975:Middlewares/Third_Party/FreeRTOS/Source/queue.c **** 
 976:Middlewares/Third_Party/FreeRTOS/Source/queue.c ****                     /* Return to the original privilege level before exiting
 977:Middlewares/Third_Party/FreeRTOS/Source/queue.c ****                      * the function. */
 978:Middlewares/Third_Party/FreeRTOS/Source/queue.c ****                     traceQUEUE_SEND_FAILED( pxQueue );
 979:Middlewares/Third_Party/FreeRTOS/Source/queue.c ****                     return errQUEUE_FULL;
 980:Middlewares/Third_Party/FreeRTOS/Source/queue.c ****                 }
 981:Middlewares/Third_Party/FreeRTOS/Source/queue.c ****                 else if( xEntryTimeSet == pdFALSE )
 982:Middlewares/Third_Party/FreeRTOS/Source/queue.c ****                 {
 983:Middlewares/Third_Party/FreeRTOS/Source/queue.c ****                     /* The queue was full and a block time was specified so
 984:Middlewares/Third_Party/FreeRTOS/Source/queue.c ****                      * configure the timeout structure. */
 985:Middlewares/Third_Party/FreeRTOS/Source/queue.c ****                     vTaskInternalSetTimeOutState( &xTimeOut );
 986:Middlewares/Third_Party/FreeRTOS/Source/queue.c ****                     xEntryTimeSet = pdTRUE;
 987:Middlewares/Third_Party/FreeRTOS/Source/queue.c ****                 }
 988:Middlewares/Third_Party/FreeRTOS/Source/queue.c ****                 else
 989:Middlewares/Third_Party/FreeRTOS/Source/queue.c ****                 {
 990:Middlewares/Third_Party/FreeRTOS/Source/queue.c ****                     /* Entry time was already set. */
 991:Middlewares/Third_Party/FreeRTOS/Source/queue.c ****                     mtCOVERAGE_TEST_MARKER();
 992:Middlewares/Third_Party/FreeRTOS/Source/queue.c ****                 }
 993:Middlewares/Third_Party/FreeRTOS/Source/queue.c ****             }
 994:Middlewares/Third_Party/FreeRTOS/Source/queue.c ****         }
 995:Middlewares/Third_Party/FreeRTOS/Source/queue.c ****         taskEXIT_CRITICAL();
 996:Middlewares/Third_Party/FreeRTOS/Source/queue.c **** 
 997:Middlewares/Third_Party/FreeRTOS/Source/queue.c ****         /* Interrupts and other tasks can send to and receive from the queue
 998:Middlewares/Third_Party/FreeRTOS/Source/queue.c ****          * now the critical section has been exited. */
 999:Middlewares/Third_Party/FreeRTOS/Source/queue.c **** 
1000:Middlewares/Third_Party/FreeRTOS/Source/queue.c ****         vTaskSuspendAll();
1001:Middlewares/Third_Party/FreeRTOS/Source/queue.c ****         prvLockQueue( pxQueue );
ARM GAS  /tmp/ccMJcgml.s 			page 19


1002:Middlewares/Third_Party/FreeRTOS/Source/queue.c **** 
1003:Middlewares/Third_Party/FreeRTOS/Source/queue.c ****         /* Update the timeout state to see if it has expired yet. */
1004:Middlewares/Third_Party/FreeRTOS/Source/queue.c ****         if( xTaskCheckForTimeOut( &xTimeOut, &xTicksToWait ) == pdFALSE )
1005:Middlewares/Third_Party/FreeRTOS/Source/queue.c ****         {
1006:Middlewares/Third_Party/FreeRTOS/Source/queue.c ****             if( prvIsQueueFull( pxQueue ) != pdFALSE )
1007:Middlewares/Third_Party/FreeRTOS/Source/queue.c ****             {
1008:Middlewares/Third_Party/FreeRTOS/Source/queue.c ****                 traceBLOCKING_ON_QUEUE_SEND( pxQueue );
1009:Middlewares/Third_Party/FreeRTOS/Source/queue.c ****                 vTaskPlaceOnEventList( &( pxQueue->xTasksWaitingToSend ), xTicksToWait );
1010:Middlewares/Third_Party/FreeRTOS/Source/queue.c **** 
1011:Middlewares/Third_Party/FreeRTOS/Source/queue.c ****                 /* Unlocking the queue means queue events can effect the
1012:Middlewares/Third_Party/FreeRTOS/Source/queue.c ****                  * event list. It is possible that interrupts occurring now
1013:Middlewares/Third_Party/FreeRTOS/Source/queue.c ****                  * remove this task from the event list again - but as the
1014:Middlewares/Third_Party/FreeRTOS/Source/queue.c ****                  * scheduler is suspended the task will go onto the pending
1015:Middlewares/Third_Party/FreeRTOS/Source/queue.c ****                  * ready list instead of the actual ready list. */
1016:Middlewares/Third_Party/FreeRTOS/Source/queue.c ****                 prvUnlockQueue( pxQueue );
1017:Middlewares/Third_Party/FreeRTOS/Source/queue.c **** 
1018:Middlewares/Third_Party/FreeRTOS/Source/queue.c ****                 /* Resuming the scheduler will move tasks from the pending
1019:Middlewares/Third_Party/FreeRTOS/Source/queue.c ****                  * ready list into the ready list - so it is feasible that this
1020:Middlewares/Third_Party/FreeRTOS/Source/queue.c ****                  * task is already in the ready list before it yields - in which
1021:Middlewares/Third_Party/FreeRTOS/Source/queue.c ****                  * case the yield will not cause a context switch unless there
1022:Middlewares/Third_Party/FreeRTOS/Source/queue.c ****                  * is also a higher priority task in the pending ready list. */
1023:Middlewares/Third_Party/FreeRTOS/Source/queue.c ****                 if( xTaskResumeAll() == pdFALSE )
1024:Middlewares/Third_Party/FreeRTOS/Source/queue.c ****                 {
1025:Middlewares/Third_Party/FreeRTOS/Source/queue.c ****                     portYIELD_WITHIN_API();
1026:Middlewares/Third_Party/FreeRTOS/Source/queue.c ****                 }
1027:Middlewares/Third_Party/FreeRTOS/Source/queue.c ****             }
1028:Middlewares/Third_Party/FreeRTOS/Source/queue.c ****             else
1029:Middlewares/Third_Party/FreeRTOS/Source/queue.c ****             {
1030:Middlewares/Third_Party/FreeRTOS/Source/queue.c ****                 /* Try again. */
1031:Middlewares/Third_Party/FreeRTOS/Source/queue.c ****                 prvUnlockQueue( pxQueue );
1032:Middlewares/Third_Party/FreeRTOS/Source/queue.c ****                 ( void ) xTaskResumeAll();
1033:Middlewares/Third_Party/FreeRTOS/Source/queue.c ****             }
1034:Middlewares/Third_Party/FreeRTOS/Source/queue.c ****         }
1035:Middlewares/Third_Party/FreeRTOS/Source/queue.c ****         else
1036:Middlewares/Third_Party/FreeRTOS/Source/queue.c ****         {
1037:Middlewares/Third_Party/FreeRTOS/Source/queue.c ****             /* The timeout has expired. */
1038:Middlewares/Third_Party/FreeRTOS/Source/queue.c ****             prvUnlockQueue( pxQueue );
1039:Middlewares/Third_Party/FreeRTOS/Source/queue.c ****             ( void ) xTaskResumeAll();
1040:Middlewares/Third_Party/FreeRTOS/Source/queue.c **** 
1041:Middlewares/Third_Party/FreeRTOS/Source/queue.c ****             traceQUEUE_SEND_FAILED( pxQueue );
1042:Middlewares/Third_Party/FreeRTOS/Source/queue.c ****             return errQUEUE_FULL;
1043:Middlewares/Third_Party/FreeRTOS/Source/queue.c ****         }
1044:Middlewares/Third_Party/FreeRTOS/Source/queue.c ****     } /*lint -restore */
1045:Middlewares/Third_Party/FreeRTOS/Source/queue.c **** }
1046:Middlewares/Third_Party/FreeRTOS/Source/queue.c **** /*-----------------------------------------------------------*/
1047:Middlewares/Third_Party/FreeRTOS/Source/queue.c **** 
1048:Middlewares/Third_Party/FreeRTOS/Source/queue.c **** BaseType_t xQueueGenericSendFromISR( QueueHandle_t xQueue,
1049:Middlewares/Third_Party/FreeRTOS/Source/queue.c ****                                      const void * const pvItemToQueue,
1050:Middlewares/Third_Party/FreeRTOS/Source/queue.c ****                                      BaseType_t * const pxHigherPriorityTaskWoken,
1051:Middlewares/Third_Party/FreeRTOS/Source/queue.c ****                                      const BaseType_t xCopyPosition )
1052:Middlewares/Third_Party/FreeRTOS/Source/queue.c **** {
1053:Middlewares/Third_Party/FreeRTOS/Source/queue.c ****     BaseType_t xReturn;
1054:Middlewares/Third_Party/FreeRTOS/Source/queue.c ****     UBaseType_t uxSavedInterruptStatus;
1055:Middlewares/Third_Party/FreeRTOS/Source/queue.c ****     Queue_t * const pxQueue = xQueue;
1056:Middlewares/Third_Party/FreeRTOS/Source/queue.c **** 
1057:Middlewares/Third_Party/FreeRTOS/Source/queue.c ****     configASSERT( pxQueue );
1058:Middlewares/Third_Party/FreeRTOS/Source/queue.c ****     configASSERT( !( ( pvItemToQueue == NULL ) && ( pxQueue->uxItemSize != ( UBaseType_t ) 0U ) ) )
ARM GAS  /tmp/ccMJcgml.s 			page 20


1059:Middlewares/Third_Party/FreeRTOS/Source/queue.c ****     configASSERT( !( ( xCopyPosition == queueOVERWRITE ) && ( pxQueue->uxLength != 1 ) ) );
1060:Middlewares/Third_Party/FreeRTOS/Source/queue.c **** 
1061:Middlewares/Third_Party/FreeRTOS/Source/queue.c ****     /* RTOS ports that support interrupt nesting have the concept of a maximum
1062:Middlewares/Third_Party/FreeRTOS/Source/queue.c ****      * system call (or maximum API call) interrupt priority.  Interrupts that are
1063:Middlewares/Third_Party/FreeRTOS/Source/queue.c ****      * above the maximum system call priority are kept permanently enabled, even
1064:Middlewares/Third_Party/FreeRTOS/Source/queue.c ****      * when the RTOS kernel is in a critical section, but cannot make any calls to
1065:Middlewares/Third_Party/FreeRTOS/Source/queue.c ****      * FreeRTOS API functions.  If configASSERT() is defined in FreeRTOSConfig.h
1066:Middlewares/Third_Party/FreeRTOS/Source/queue.c ****      * then portASSERT_IF_INTERRUPT_PRIORITY_INVALID() will result in an assertion
1067:Middlewares/Third_Party/FreeRTOS/Source/queue.c ****      * failure if a FreeRTOS API function is called from an interrupt that has been
1068:Middlewares/Third_Party/FreeRTOS/Source/queue.c ****      * assigned a priority above the configured maximum system call priority.
1069:Middlewares/Third_Party/FreeRTOS/Source/queue.c ****      * Only FreeRTOS functions that end in FromISR can be called from interrupts
1070:Middlewares/Third_Party/FreeRTOS/Source/queue.c ****      * that have been assigned a priority at or (logically) below the maximum
1071:Middlewares/Third_Party/FreeRTOS/Source/queue.c ****      * system call interrupt priority.  FreeRTOS maintains a separate interrupt
1072:Middlewares/Third_Party/FreeRTOS/Source/queue.c ****      * safe API to ensure interrupt entry is as fast and as simple as possible.
1073:Middlewares/Third_Party/FreeRTOS/Source/queue.c ****      * More information (albeit Cortex-M specific) is provided on the following
1074:Middlewares/Third_Party/FreeRTOS/Source/queue.c ****      * link: https://www.FreeRTOS.org/RTOS-Cortex-M3-M4.html */
1075:Middlewares/Third_Party/FreeRTOS/Source/queue.c ****     portASSERT_IF_INTERRUPT_PRIORITY_INVALID();
1076:Middlewares/Third_Party/FreeRTOS/Source/queue.c **** 
1077:Middlewares/Third_Party/FreeRTOS/Source/queue.c ****     /* Similar to xQueueGenericSend, except without blocking if there is no room
1078:Middlewares/Third_Party/FreeRTOS/Source/queue.c ****      * in the queue.  Also don't directly wake a task that was blocked on a queue
1079:Middlewares/Third_Party/FreeRTOS/Source/queue.c ****      * read, instead return a flag to say whether a context switch is required or
1080:Middlewares/Third_Party/FreeRTOS/Source/queue.c ****      * not (i.e. has a task with a higher priority than us been woken by this
1081:Middlewares/Third_Party/FreeRTOS/Source/queue.c ****      * post). */
1082:Middlewares/Third_Party/FreeRTOS/Source/queue.c ****     uxSavedInterruptStatus = portSET_INTERRUPT_MASK_FROM_ISR();
1083:Middlewares/Third_Party/FreeRTOS/Source/queue.c ****     {
1084:Middlewares/Third_Party/FreeRTOS/Source/queue.c ****         if( ( pxQueue->uxMessagesWaiting < pxQueue->uxLength ) || ( xCopyPosition == queueOVERWRITE
1085:Middlewares/Third_Party/FreeRTOS/Source/queue.c ****         {
1086:Middlewares/Third_Party/FreeRTOS/Source/queue.c ****             const int8_t cTxLock = pxQueue->cTxLock;
1087:Middlewares/Third_Party/FreeRTOS/Source/queue.c ****             const UBaseType_t uxPreviousMessagesWaiting = pxQueue->uxMessagesWaiting;
1088:Middlewares/Third_Party/FreeRTOS/Source/queue.c **** 
1089:Middlewares/Third_Party/FreeRTOS/Source/queue.c ****             traceQUEUE_SEND_FROM_ISR( pxQueue );
1090:Middlewares/Third_Party/FreeRTOS/Source/queue.c **** 
1091:Middlewares/Third_Party/FreeRTOS/Source/queue.c ****             /* Semaphores use xQueueGiveFromISR(), so pxQueue will not be a
1092:Middlewares/Third_Party/FreeRTOS/Source/queue.c ****              *  semaphore or mutex.  That means prvCopyDataToQueue() cannot result
1093:Middlewares/Third_Party/FreeRTOS/Source/queue.c ****              *  in a task disinheriting a priority and prvCopyDataToQueue() can be
1094:Middlewares/Third_Party/FreeRTOS/Source/queue.c ****              *  called here even though the disinherit function does not check if
1095:Middlewares/Third_Party/FreeRTOS/Source/queue.c ****              *  the scheduler is suspended before accessing the ready lists. */
1096:Middlewares/Third_Party/FreeRTOS/Source/queue.c ****             ( void ) prvCopyDataToQueue( pxQueue, pvItemToQueue, xCopyPosition );
1097:Middlewares/Third_Party/FreeRTOS/Source/queue.c **** 
1098:Middlewares/Third_Party/FreeRTOS/Source/queue.c ****             /* The event list is not altered if the queue is locked.  This will
1099:Middlewares/Third_Party/FreeRTOS/Source/queue.c ****              * be done when the queue is unlocked later. */
1100:Middlewares/Third_Party/FreeRTOS/Source/queue.c ****             if( cTxLock == queueUNLOCKED )
1101:Middlewares/Third_Party/FreeRTOS/Source/queue.c ****             {
1102:Middlewares/Third_Party/FreeRTOS/Source/queue.c ****                 #if ( configUSE_QUEUE_SETS == 1 )
1103:Middlewares/Third_Party/FreeRTOS/Source/queue.c ****                 {
1104:Middlewares/Third_Party/FreeRTOS/Source/queue.c ****                     if( pxQueue->pxQueueSetContainer != NULL )
1105:Middlewares/Third_Party/FreeRTOS/Source/queue.c ****                     {
1106:Middlewares/Third_Party/FreeRTOS/Source/queue.c ****                         if( ( xCopyPosition == queueOVERWRITE ) && ( uxPreviousMessagesWaiting != (
1107:Middlewares/Third_Party/FreeRTOS/Source/queue.c ****                         {
1108:Middlewares/Third_Party/FreeRTOS/Source/queue.c ****                             /* Do not notify the queue set as an existing item
1109:Middlewares/Third_Party/FreeRTOS/Source/queue.c ****                              * was overwritten in the queue so the number of items
1110:Middlewares/Third_Party/FreeRTOS/Source/queue.c ****                              * in the queue has not changed. */
1111:Middlewares/Third_Party/FreeRTOS/Source/queue.c ****                             mtCOVERAGE_TEST_MARKER();
1112:Middlewares/Third_Party/FreeRTOS/Source/queue.c ****                         }
1113:Middlewares/Third_Party/FreeRTOS/Source/queue.c ****                         else if( prvNotifyQueueSetContainer( pxQueue ) != pdFALSE )
1114:Middlewares/Third_Party/FreeRTOS/Source/queue.c ****                         {
1115:Middlewares/Third_Party/FreeRTOS/Source/queue.c ****                             /* The queue is a member of a queue set, and posting
ARM GAS  /tmp/ccMJcgml.s 			page 21


1116:Middlewares/Third_Party/FreeRTOS/Source/queue.c ****                              * to the queue set caused a higher priority task to
1117:Middlewares/Third_Party/FreeRTOS/Source/queue.c ****                              * unblock.  A context switch is required. */
1118:Middlewares/Third_Party/FreeRTOS/Source/queue.c ****                             if( pxHigherPriorityTaskWoken != NULL )
1119:Middlewares/Third_Party/FreeRTOS/Source/queue.c ****                             {
1120:Middlewares/Third_Party/FreeRTOS/Source/queue.c ****                                 *pxHigherPriorityTaskWoken = pdTRUE;
1121:Middlewares/Third_Party/FreeRTOS/Source/queue.c ****                             }
1122:Middlewares/Third_Party/FreeRTOS/Source/queue.c ****                             else
1123:Middlewares/Third_Party/FreeRTOS/Source/queue.c ****                             {
1124:Middlewares/Third_Party/FreeRTOS/Source/queue.c ****                                 mtCOVERAGE_TEST_MARKER();
1125:Middlewares/Third_Party/FreeRTOS/Source/queue.c ****                             }
1126:Middlewares/Third_Party/FreeRTOS/Source/queue.c ****                         }
1127:Middlewares/Third_Party/FreeRTOS/Source/queue.c ****                         else
1128:Middlewares/Third_Party/FreeRTOS/Source/queue.c ****                         {
1129:Middlewares/Third_Party/FreeRTOS/Source/queue.c ****                             mtCOVERAGE_TEST_MARKER();
1130:Middlewares/Third_Party/FreeRTOS/Source/queue.c ****                         }
1131:Middlewares/Third_Party/FreeRTOS/Source/queue.c ****                     }
1132:Middlewares/Third_Party/FreeRTOS/Source/queue.c ****                     else
1133:Middlewares/Third_Party/FreeRTOS/Source/queue.c ****                     {
1134:Middlewares/Third_Party/FreeRTOS/Source/queue.c ****                         if( listLIST_IS_EMPTY( &( pxQueue->xTasksWaitingToReceive ) ) == pdFALSE )
1135:Middlewares/Third_Party/FreeRTOS/Source/queue.c ****                         {
1136:Middlewares/Third_Party/FreeRTOS/Source/queue.c ****                             if( xTaskRemoveFromEventList( &( pxQueue->xTasksWaitingToReceive ) ) !=
1137:Middlewares/Third_Party/FreeRTOS/Source/queue.c ****                             {
1138:Middlewares/Third_Party/FreeRTOS/Source/queue.c ****                                 /* The task waiting has a higher priority so
1139:Middlewares/Third_Party/FreeRTOS/Source/queue.c ****                                  *  record that a context switch is required. */
1140:Middlewares/Third_Party/FreeRTOS/Source/queue.c ****                                 if( pxHigherPriorityTaskWoken != NULL )
1141:Middlewares/Third_Party/FreeRTOS/Source/queue.c ****                                 {
1142:Middlewares/Third_Party/FreeRTOS/Source/queue.c ****                                     *pxHigherPriorityTaskWoken = pdTRUE;
1143:Middlewares/Third_Party/FreeRTOS/Source/queue.c ****                                 }
1144:Middlewares/Third_Party/FreeRTOS/Source/queue.c ****                                 else
1145:Middlewares/Third_Party/FreeRTOS/Source/queue.c ****                                 {
1146:Middlewares/Third_Party/FreeRTOS/Source/queue.c ****                                     mtCOVERAGE_TEST_MARKER();
1147:Middlewares/Third_Party/FreeRTOS/Source/queue.c ****                                 }
1148:Middlewares/Third_Party/FreeRTOS/Source/queue.c ****                             }
1149:Middlewares/Third_Party/FreeRTOS/Source/queue.c ****                             else
1150:Middlewares/Third_Party/FreeRTOS/Source/queue.c ****                             {
1151:Middlewares/Third_Party/FreeRTOS/Source/queue.c ****                                 mtCOVERAGE_TEST_MARKER();
1152:Middlewares/Third_Party/FreeRTOS/Source/queue.c ****                             }
1153:Middlewares/Third_Party/FreeRTOS/Source/queue.c ****                         }
1154:Middlewares/Third_Party/FreeRTOS/Source/queue.c ****                         else
1155:Middlewares/Third_Party/FreeRTOS/Source/queue.c ****                         {
1156:Middlewares/Third_Party/FreeRTOS/Source/queue.c ****                             mtCOVERAGE_TEST_MARKER();
1157:Middlewares/Third_Party/FreeRTOS/Source/queue.c ****                         }
1158:Middlewares/Third_Party/FreeRTOS/Source/queue.c ****                     }
1159:Middlewares/Third_Party/FreeRTOS/Source/queue.c ****                 }
1160:Middlewares/Third_Party/FreeRTOS/Source/queue.c ****                 #else /* configUSE_QUEUE_SETS */
1161:Middlewares/Third_Party/FreeRTOS/Source/queue.c ****                 {
1162:Middlewares/Third_Party/FreeRTOS/Source/queue.c ****                     if( listLIST_IS_EMPTY( &( pxQueue->xTasksWaitingToReceive ) ) == pdFALSE )
1163:Middlewares/Third_Party/FreeRTOS/Source/queue.c ****                     {
1164:Middlewares/Third_Party/FreeRTOS/Source/queue.c ****                         if( xTaskRemoveFromEventList( &( pxQueue->xTasksWaitingToReceive ) ) != pdF
1165:Middlewares/Third_Party/FreeRTOS/Source/queue.c ****                         {
1166:Middlewares/Third_Party/FreeRTOS/Source/queue.c ****                             /* The task waiting has a higher priority so record that a
1167:Middlewares/Third_Party/FreeRTOS/Source/queue.c ****                              * context switch is required. */
1168:Middlewares/Third_Party/FreeRTOS/Source/queue.c ****                             if( pxHigherPriorityTaskWoken != NULL )
1169:Middlewares/Third_Party/FreeRTOS/Source/queue.c ****                             {
1170:Middlewares/Third_Party/FreeRTOS/Source/queue.c ****                                 *pxHigherPriorityTaskWoken = pdTRUE;
1171:Middlewares/Third_Party/FreeRTOS/Source/queue.c ****                             }
1172:Middlewares/Third_Party/FreeRTOS/Source/queue.c ****                             else
ARM GAS  /tmp/ccMJcgml.s 			page 22


1173:Middlewares/Third_Party/FreeRTOS/Source/queue.c ****                             {
1174:Middlewares/Third_Party/FreeRTOS/Source/queue.c ****                                 mtCOVERAGE_TEST_MARKER();
1175:Middlewares/Third_Party/FreeRTOS/Source/queue.c ****                             }
1176:Middlewares/Third_Party/FreeRTOS/Source/queue.c ****                         }
1177:Middlewares/Third_Party/FreeRTOS/Source/queue.c ****                         else
1178:Middlewares/Third_Party/FreeRTOS/Source/queue.c ****                         {
1179:Middlewares/Third_Party/FreeRTOS/Source/queue.c ****                             mtCOVERAGE_TEST_MARKER();
1180:Middlewares/Third_Party/FreeRTOS/Source/queue.c ****                         }
1181:Middlewares/Third_Party/FreeRTOS/Source/queue.c ****                     }
1182:Middlewares/Third_Party/FreeRTOS/Source/queue.c ****                     else
1183:Middlewares/Third_Party/FreeRTOS/Source/queue.c ****                     {
1184:Middlewares/Third_Party/FreeRTOS/Source/queue.c ****                         mtCOVERAGE_TEST_MARKER();
1185:Middlewares/Third_Party/FreeRTOS/Source/queue.c ****                     }
1186:Middlewares/Third_Party/FreeRTOS/Source/queue.c **** 
1187:Middlewares/Third_Party/FreeRTOS/Source/queue.c ****                     /* Not used in this path. */
1188:Middlewares/Third_Party/FreeRTOS/Source/queue.c ****                     ( void ) uxPreviousMessagesWaiting;
1189:Middlewares/Third_Party/FreeRTOS/Source/queue.c ****                 }
1190:Middlewares/Third_Party/FreeRTOS/Source/queue.c ****                 #endif /* configUSE_QUEUE_SETS */
1191:Middlewares/Third_Party/FreeRTOS/Source/queue.c ****             }
1192:Middlewares/Third_Party/FreeRTOS/Source/queue.c ****             else
1193:Middlewares/Third_Party/FreeRTOS/Source/queue.c ****             {
1194:Middlewares/Third_Party/FreeRTOS/Source/queue.c ****                 /* Increment the lock count so the task that unlocks the queue
1195:Middlewares/Third_Party/FreeRTOS/Source/queue.c ****                  * knows that data was posted while it was locked. */
1196:Middlewares/Third_Party/FreeRTOS/Source/queue.c ****                 prvIncrementQueueTxLock( pxQueue, cTxLock );
1197:Middlewares/Third_Party/FreeRTOS/Source/queue.c ****             }
1198:Middlewares/Third_Party/FreeRTOS/Source/queue.c **** 
1199:Middlewares/Third_Party/FreeRTOS/Source/queue.c ****             xReturn = pdPASS;
1200:Middlewares/Third_Party/FreeRTOS/Source/queue.c ****         }
1201:Middlewares/Third_Party/FreeRTOS/Source/queue.c ****         else
1202:Middlewares/Third_Party/FreeRTOS/Source/queue.c ****         {
1203:Middlewares/Third_Party/FreeRTOS/Source/queue.c ****             traceQUEUE_SEND_FROM_ISR_FAILED( pxQueue );
1204:Middlewares/Third_Party/FreeRTOS/Source/queue.c ****             xReturn = errQUEUE_FULL;
1205:Middlewares/Third_Party/FreeRTOS/Source/queue.c ****         }
1206:Middlewares/Third_Party/FreeRTOS/Source/queue.c ****     }
1207:Middlewares/Third_Party/FreeRTOS/Source/queue.c ****     portCLEAR_INTERRUPT_MASK_FROM_ISR( uxSavedInterruptStatus );
1208:Middlewares/Third_Party/FreeRTOS/Source/queue.c **** 
1209:Middlewares/Third_Party/FreeRTOS/Source/queue.c ****     return xReturn;
1210:Middlewares/Third_Party/FreeRTOS/Source/queue.c **** }
1211:Middlewares/Third_Party/FreeRTOS/Source/queue.c **** /*-----------------------------------------------------------*/
1212:Middlewares/Third_Party/FreeRTOS/Source/queue.c **** 
1213:Middlewares/Third_Party/FreeRTOS/Source/queue.c **** BaseType_t xQueueGiveFromISR( QueueHandle_t xQueue,
1214:Middlewares/Third_Party/FreeRTOS/Source/queue.c ****                               BaseType_t * const pxHigherPriorityTaskWoken )
1215:Middlewares/Third_Party/FreeRTOS/Source/queue.c **** {
1216:Middlewares/Third_Party/FreeRTOS/Source/queue.c ****     BaseType_t xReturn;
1217:Middlewares/Third_Party/FreeRTOS/Source/queue.c ****     UBaseType_t uxSavedInterruptStatus;
1218:Middlewares/Third_Party/FreeRTOS/Source/queue.c ****     Queue_t * const pxQueue = xQueue;
1219:Middlewares/Third_Party/FreeRTOS/Source/queue.c **** 
1220:Middlewares/Third_Party/FreeRTOS/Source/queue.c ****     /* Similar to xQueueGenericSendFromISR() but used with semaphores where the
1221:Middlewares/Third_Party/FreeRTOS/Source/queue.c ****      * item size is 0.  Don't directly wake a task that was blocked on a queue
1222:Middlewares/Third_Party/FreeRTOS/Source/queue.c ****      * read, instead return a flag to say whether a context switch is required or
1223:Middlewares/Third_Party/FreeRTOS/Source/queue.c ****      * not (i.e. has a task with a higher priority than us been woken by this
1224:Middlewares/Third_Party/FreeRTOS/Source/queue.c ****      * post). */
1225:Middlewares/Third_Party/FreeRTOS/Source/queue.c **** 
1226:Middlewares/Third_Party/FreeRTOS/Source/queue.c ****     configASSERT( pxQueue );
1227:Middlewares/Third_Party/FreeRTOS/Source/queue.c **** 
1228:Middlewares/Third_Party/FreeRTOS/Source/queue.c ****     /* xQueueGenericSendFromISR() should be used instead of xQueueGiveFromISR()
1229:Middlewares/Third_Party/FreeRTOS/Source/queue.c ****      * if the item size is not 0. */
ARM GAS  /tmp/ccMJcgml.s 			page 23


1230:Middlewares/Third_Party/FreeRTOS/Source/queue.c ****     configASSERT( pxQueue->uxItemSize == 0 );
1231:Middlewares/Third_Party/FreeRTOS/Source/queue.c **** 
1232:Middlewares/Third_Party/FreeRTOS/Source/queue.c ****     /* Normally a mutex would not be given from an interrupt, especially if
1233:Middlewares/Third_Party/FreeRTOS/Source/queue.c ****      * there is a mutex holder, as priority inheritance makes no sense for an
1234:Middlewares/Third_Party/FreeRTOS/Source/queue.c ****      * interrupts, only tasks. */
1235:Middlewares/Third_Party/FreeRTOS/Source/queue.c ****     configASSERT( !( ( pxQueue->uxQueueType == queueQUEUE_IS_MUTEX ) && ( pxQueue->u.xSemaphore.xMu
1236:Middlewares/Third_Party/FreeRTOS/Source/queue.c **** 
1237:Middlewares/Third_Party/FreeRTOS/Source/queue.c ****     /* RTOS ports that support interrupt nesting have the concept of a maximum
1238:Middlewares/Third_Party/FreeRTOS/Source/queue.c ****      * system call (or maximum API call) interrupt priority.  Interrupts that are
1239:Middlewares/Third_Party/FreeRTOS/Source/queue.c ****      * above the maximum system call priority are kept permanently enabled, even
1240:Middlewares/Third_Party/FreeRTOS/Source/queue.c ****      * when the RTOS kernel is in a critical section, but cannot make any calls to
1241:Middlewares/Third_Party/FreeRTOS/Source/queue.c ****      * FreeRTOS API functions.  If configASSERT() is defined in FreeRTOSConfig.h
1242:Middlewares/Third_Party/FreeRTOS/Source/queue.c ****      * then portASSERT_IF_INTERRUPT_PRIORITY_INVALID() will result in an assertion
1243:Middlewares/Third_Party/FreeRTOS/Source/queue.c ****      * failure if a FreeRTOS API function is called from an interrupt that has been
1244:Middlewares/Third_Party/FreeRTOS/Source/queue.c ****      * assigned a priority above the configured maximum system call priority.
1245:Middlewares/Third_Party/FreeRTOS/Source/queue.c ****      * Only FreeRTOS functions that end in FromISR can be called from interrupts
1246:Middlewares/Third_Party/FreeRTOS/Source/queue.c ****      * that have been assigned a priority at or (logically) below the maximum
1247:Middlewares/Third_Party/FreeRTOS/Source/queue.c ****      * system call interrupt priority.  FreeRTOS maintains a separate interrupt
1248:Middlewares/Third_Party/FreeRTOS/Source/queue.c ****      * safe API to ensure interrupt entry is as fast and as simple as possible.
1249:Middlewares/Third_Party/FreeRTOS/Source/queue.c ****      * More information (albeit Cortex-M specific) is provided on the following
1250:Middlewares/Third_Party/FreeRTOS/Source/queue.c ****      * link: https://www.FreeRTOS.org/RTOS-Cortex-M3-M4.html */
1251:Middlewares/Third_Party/FreeRTOS/Source/queue.c ****     portASSERT_IF_INTERRUPT_PRIORITY_INVALID();
1252:Middlewares/Third_Party/FreeRTOS/Source/queue.c **** 
1253:Middlewares/Third_Party/FreeRTOS/Source/queue.c ****     uxSavedInterruptStatus = portSET_INTERRUPT_MASK_FROM_ISR();
1254:Middlewares/Third_Party/FreeRTOS/Source/queue.c ****     {
1255:Middlewares/Third_Party/FreeRTOS/Source/queue.c ****         const UBaseType_t uxMessagesWaiting = pxQueue->uxMessagesWaiting;
1256:Middlewares/Third_Party/FreeRTOS/Source/queue.c **** 
1257:Middlewares/Third_Party/FreeRTOS/Source/queue.c ****         /* When the queue is used to implement a semaphore no data is ever
1258:Middlewares/Third_Party/FreeRTOS/Source/queue.c ****          * moved through the queue but it is still valid to see if the queue 'has
1259:Middlewares/Third_Party/FreeRTOS/Source/queue.c ****          * space'. */
1260:Middlewares/Third_Party/FreeRTOS/Source/queue.c ****         if( uxMessagesWaiting < pxQueue->uxLength )
1261:Middlewares/Third_Party/FreeRTOS/Source/queue.c ****         {
1262:Middlewares/Third_Party/FreeRTOS/Source/queue.c ****             const int8_t cTxLock = pxQueue->cTxLock;
1263:Middlewares/Third_Party/FreeRTOS/Source/queue.c **** 
1264:Middlewares/Third_Party/FreeRTOS/Source/queue.c ****             traceQUEUE_SEND_FROM_ISR( pxQueue );
1265:Middlewares/Third_Party/FreeRTOS/Source/queue.c **** 
1266:Middlewares/Third_Party/FreeRTOS/Source/queue.c ****             /* A task can only have an inherited priority if it is a mutex
1267:Middlewares/Third_Party/FreeRTOS/Source/queue.c ****              * holder - and if there is a mutex holder then the mutex cannot be
1268:Middlewares/Third_Party/FreeRTOS/Source/queue.c ****              * given from an ISR.  As this is the ISR version of the function it
1269:Middlewares/Third_Party/FreeRTOS/Source/queue.c ****              * can be assumed there is no mutex holder and no need to determine if
1270:Middlewares/Third_Party/FreeRTOS/Source/queue.c ****              * priority disinheritance is needed.  Simply increase the count of
1271:Middlewares/Third_Party/FreeRTOS/Source/queue.c ****              * messages (semaphores) available. */
1272:Middlewares/Third_Party/FreeRTOS/Source/queue.c ****             pxQueue->uxMessagesWaiting = uxMessagesWaiting + ( UBaseType_t ) 1;
1273:Middlewares/Third_Party/FreeRTOS/Source/queue.c **** 
1274:Middlewares/Third_Party/FreeRTOS/Source/queue.c ****             /* The event list is not altered if the queue is locked.  This will
1275:Middlewares/Third_Party/FreeRTOS/Source/queue.c ****              * be done when the queue is unlocked later. */
1276:Middlewares/Third_Party/FreeRTOS/Source/queue.c ****             if( cTxLock == queueUNLOCKED )
1277:Middlewares/Third_Party/FreeRTOS/Source/queue.c ****             {
1278:Middlewares/Third_Party/FreeRTOS/Source/queue.c ****                 #if ( configUSE_QUEUE_SETS == 1 )
1279:Middlewares/Third_Party/FreeRTOS/Source/queue.c ****                 {
1280:Middlewares/Third_Party/FreeRTOS/Source/queue.c ****                     if( pxQueue->pxQueueSetContainer != NULL )
1281:Middlewares/Third_Party/FreeRTOS/Source/queue.c ****                     {
1282:Middlewares/Third_Party/FreeRTOS/Source/queue.c ****                         if( prvNotifyQueueSetContainer( pxQueue ) != pdFALSE )
1283:Middlewares/Third_Party/FreeRTOS/Source/queue.c ****                         {
1284:Middlewares/Third_Party/FreeRTOS/Source/queue.c ****                             /* The semaphore is a member of a queue set, and
1285:Middlewares/Third_Party/FreeRTOS/Source/queue.c ****                              * posting to the queue set caused a higher priority
1286:Middlewares/Third_Party/FreeRTOS/Source/queue.c ****                              * task to unblock.  A context switch is required. */
ARM GAS  /tmp/ccMJcgml.s 			page 24


1287:Middlewares/Third_Party/FreeRTOS/Source/queue.c ****                             if( pxHigherPriorityTaskWoken != NULL )
1288:Middlewares/Third_Party/FreeRTOS/Source/queue.c ****                             {
1289:Middlewares/Third_Party/FreeRTOS/Source/queue.c ****                                 *pxHigherPriorityTaskWoken = pdTRUE;
1290:Middlewares/Third_Party/FreeRTOS/Source/queue.c ****                             }
1291:Middlewares/Third_Party/FreeRTOS/Source/queue.c ****                             else
1292:Middlewares/Third_Party/FreeRTOS/Source/queue.c ****                             {
1293:Middlewares/Third_Party/FreeRTOS/Source/queue.c ****                                 mtCOVERAGE_TEST_MARKER();
1294:Middlewares/Third_Party/FreeRTOS/Source/queue.c ****                             }
1295:Middlewares/Third_Party/FreeRTOS/Source/queue.c ****                         }
1296:Middlewares/Third_Party/FreeRTOS/Source/queue.c ****                         else
1297:Middlewares/Third_Party/FreeRTOS/Source/queue.c ****                         {
1298:Middlewares/Third_Party/FreeRTOS/Source/queue.c ****                             mtCOVERAGE_TEST_MARKER();
1299:Middlewares/Third_Party/FreeRTOS/Source/queue.c ****                         }
1300:Middlewares/Third_Party/FreeRTOS/Source/queue.c ****                     }
1301:Middlewares/Third_Party/FreeRTOS/Source/queue.c ****                     else
1302:Middlewares/Third_Party/FreeRTOS/Source/queue.c ****                     {
1303:Middlewares/Third_Party/FreeRTOS/Source/queue.c ****                         if( listLIST_IS_EMPTY( &( pxQueue->xTasksWaitingToReceive ) ) == pdFALSE )
1304:Middlewares/Third_Party/FreeRTOS/Source/queue.c ****                         {
1305:Middlewares/Third_Party/FreeRTOS/Source/queue.c ****                             if( xTaskRemoveFromEventList( &( pxQueue->xTasksWaitingToReceive ) ) !=
1306:Middlewares/Third_Party/FreeRTOS/Source/queue.c ****                             {
1307:Middlewares/Third_Party/FreeRTOS/Source/queue.c ****                                 /* The task waiting has a higher priority so
1308:Middlewares/Third_Party/FreeRTOS/Source/queue.c ****                                  *  record that a context switch is required. */
1309:Middlewares/Third_Party/FreeRTOS/Source/queue.c ****                                 if( pxHigherPriorityTaskWoken != NULL )
1310:Middlewares/Third_Party/FreeRTOS/Source/queue.c ****                                 {
1311:Middlewares/Third_Party/FreeRTOS/Source/queue.c ****                                     *pxHigherPriorityTaskWoken = pdTRUE;
1312:Middlewares/Third_Party/FreeRTOS/Source/queue.c ****                                 }
1313:Middlewares/Third_Party/FreeRTOS/Source/queue.c ****                                 else
1314:Middlewares/Third_Party/FreeRTOS/Source/queue.c ****                                 {
1315:Middlewares/Third_Party/FreeRTOS/Source/queue.c ****                                     mtCOVERAGE_TEST_MARKER();
1316:Middlewares/Third_Party/FreeRTOS/Source/queue.c ****                                 }
1317:Middlewares/Third_Party/FreeRTOS/Source/queue.c ****                             }
1318:Middlewares/Third_Party/FreeRTOS/Source/queue.c ****                             else
1319:Middlewares/Third_Party/FreeRTOS/Source/queue.c ****                             {
1320:Middlewares/Third_Party/FreeRTOS/Source/queue.c ****                                 mtCOVERAGE_TEST_MARKER();
1321:Middlewares/Third_Party/FreeRTOS/Source/queue.c ****                             }
1322:Middlewares/Third_Party/FreeRTOS/Source/queue.c ****                         }
1323:Middlewares/Third_Party/FreeRTOS/Source/queue.c ****                         else
1324:Middlewares/Third_Party/FreeRTOS/Source/queue.c ****                         {
1325:Middlewares/Third_Party/FreeRTOS/Source/queue.c ****                             mtCOVERAGE_TEST_MARKER();
1326:Middlewares/Third_Party/FreeRTOS/Source/queue.c ****                         }
1327:Middlewares/Third_Party/FreeRTOS/Source/queue.c ****                     }
1328:Middlewares/Third_Party/FreeRTOS/Source/queue.c ****                 }
1329:Middlewares/Third_Party/FreeRTOS/Source/queue.c ****                 #else /* configUSE_QUEUE_SETS */
1330:Middlewares/Third_Party/FreeRTOS/Source/queue.c ****                 {
1331:Middlewares/Third_Party/FreeRTOS/Source/queue.c ****                     if( listLIST_IS_EMPTY( &( pxQueue->xTasksWaitingToReceive ) ) == pdFALSE )
1332:Middlewares/Third_Party/FreeRTOS/Source/queue.c ****                     {
1333:Middlewares/Third_Party/FreeRTOS/Source/queue.c ****                         if( xTaskRemoveFromEventList( &( pxQueue->xTasksWaitingToReceive ) ) != pdF
1334:Middlewares/Third_Party/FreeRTOS/Source/queue.c ****                         {
1335:Middlewares/Third_Party/FreeRTOS/Source/queue.c ****                             /* The task waiting has a higher priority so record that a
1336:Middlewares/Third_Party/FreeRTOS/Source/queue.c ****                              * context switch is required. */
1337:Middlewares/Third_Party/FreeRTOS/Source/queue.c ****                             if( pxHigherPriorityTaskWoken != NULL )
1338:Middlewares/Third_Party/FreeRTOS/Source/queue.c ****                             {
1339:Middlewares/Third_Party/FreeRTOS/Source/queue.c ****                                 *pxHigherPriorityTaskWoken = pdTRUE;
1340:Middlewares/Third_Party/FreeRTOS/Source/queue.c ****                             }
1341:Middlewares/Third_Party/FreeRTOS/Source/queue.c ****                             else
1342:Middlewares/Third_Party/FreeRTOS/Source/queue.c ****                             {
1343:Middlewares/Third_Party/FreeRTOS/Source/queue.c ****                                 mtCOVERAGE_TEST_MARKER();
ARM GAS  /tmp/ccMJcgml.s 			page 25


1344:Middlewares/Third_Party/FreeRTOS/Source/queue.c ****                             }
1345:Middlewares/Third_Party/FreeRTOS/Source/queue.c ****                         }
1346:Middlewares/Third_Party/FreeRTOS/Source/queue.c ****                         else
1347:Middlewares/Third_Party/FreeRTOS/Source/queue.c ****                         {
1348:Middlewares/Third_Party/FreeRTOS/Source/queue.c ****                             mtCOVERAGE_TEST_MARKER();
1349:Middlewares/Third_Party/FreeRTOS/Source/queue.c ****                         }
1350:Middlewares/Third_Party/FreeRTOS/Source/queue.c ****                     }
1351:Middlewares/Third_Party/FreeRTOS/Source/queue.c ****                     else
1352:Middlewares/Third_Party/FreeRTOS/Source/queue.c ****                     {
1353:Middlewares/Third_Party/FreeRTOS/Source/queue.c ****                         mtCOVERAGE_TEST_MARKER();
1354:Middlewares/Third_Party/FreeRTOS/Source/queue.c ****                     }
1355:Middlewares/Third_Party/FreeRTOS/Source/queue.c ****                 }
1356:Middlewares/Third_Party/FreeRTOS/Source/queue.c ****                 #endif /* configUSE_QUEUE_SETS */
1357:Middlewares/Third_Party/FreeRTOS/Source/queue.c ****             }
1358:Middlewares/Third_Party/FreeRTOS/Source/queue.c ****             else
1359:Middlewares/Third_Party/FreeRTOS/Source/queue.c ****             {
1360:Middlewares/Third_Party/FreeRTOS/Source/queue.c ****                 /* Increment the lock count so the task that unlocks the queue
1361:Middlewares/Third_Party/FreeRTOS/Source/queue.c ****                  * knows that data was posted while it was locked. */
1362:Middlewares/Third_Party/FreeRTOS/Source/queue.c ****                 prvIncrementQueueTxLock( pxQueue, cTxLock );
1363:Middlewares/Third_Party/FreeRTOS/Source/queue.c ****             }
1364:Middlewares/Third_Party/FreeRTOS/Source/queue.c **** 
1365:Middlewares/Third_Party/FreeRTOS/Source/queue.c ****             xReturn = pdPASS;
1366:Middlewares/Third_Party/FreeRTOS/Source/queue.c ****         }
1367:Middlewares/Third_Party/FreeRTOS/Source/queue.c ****         else
1368:Middlewares/Third_Party/FreeRTOS/Source/queue.c ****         {
1369:Middlewares/Third_Party/FreeRTOS/Source/queue.c ****             traceQUEUE_SEND_FROM_ISR_FAILED( pxQueue );
1370:Middlewares/Third_Party/FreeRTOS/Source/queue.c ****             xReturn = errQUEUE_FULL;
1371:Middlewares/Third_Party/FreeRTOS/Source/queue.c ****         }
1372:Middlewares/Third_Party/FreeRTOS/Source/queue.c ****     }
1373:Middlewares/Third_Party/FreeRTOS/Source/queue.c ****     portCLEAR_INTERRUPT_MASK_FROM_ISR( uxSavedInterruptStatus );
1374:Middlewares/Third_Party/FreeRTOS/Source/queue.c **** 
1375:Middlewares/Third_Party/FreeRTOS/Source/queue.c ****     return xReturn;
1376:Middlewares/Third_Party/FreeRTOS/Source/queue.c **** }
1377:Middlewares/Third_Party/FreeRTOS/Source/queue.c **** /*-----------------------------------------------------------*/
1378:Middlewares/Third_Party/FreeRTOS/Source/queue.c **** 
1379:Middlewares/Third_Party/FreeRTOS/Source/queue.c **** BaseType_t xQueueReceive( QueueHandle_t xQueue,
1380:Middlewares/Third_Party/FreeRTOS/Source/queue.c ****                           void * const pvBuffer,
1381:Middlewares/Third_Party/FreeRTOS/Source/queue.c ****                           TickType_t xTicksToWait )
1382:Middlewares/Third_Party/FreeRTOS/Source/queue.c **** {
1383:Middlewares/Third_Party/FreeRTOS/Source/queue.c ****     BaseType_t xEntryTimeSet = pdFALSE;
1384:Middlewares/Third_Party/FreeRTOS/Source/queue.c ****     TimeOut_t xTimeOut;
1385:Middlewares/Third_Party/FreeRTOS/Source/queue.c ****     Queue_t * const pxQueue = xQueue;
1386:Middlewares/Third_Party/FreeRTOS/Source/queue.c **** 
1387:Middlewares/Third_Party/FreeRTOS/Source/queue.c ****     /* Check the pointer is not NULL. */
1388:Middlewares/Third_Party/FreeRTOS/Source/queue.c ****     configASSERT( ( pxQueue ) );
1389:Middlewares/Third_Party/FreeRTOS/Source/queue.c **** 
1390:Middlewares/Third_Party/FreeRTOS/Source/queue.c ****     /* The buffer into which data is received can only be NULL if the data size
1391:Middlewares/Third_Party/FreeRTOS/Source/queue.c ****      * is zero (so no data is copied into the buffer). */
1392:Middlewares/Third_Party/FreeRTOS/Source/queue.c ****     configASSERT( !( ( ( pvBuffer ) == NULL ) && ( ( pxQueue )->uxItemSize != ( UBaseType_t ) 0U ) 
1393:Middlewares/Third_Party/FreeRTOS/Source/queue.c **** 
1394:Middlewares/Third_Party/FreeRTOS/Source/queue.c ****     /* Cannot block if the scheduler is suspended. */
1395:Middlewares/Third_Party/FreeRTOS/Source/queue.c ****     #if ( ( INCLUDE_xTaskGetSchedulerState == 1 ) || ( configUSE_TIMERS == 1 ) )
1396:Middlewares/Third_Party/FreeRTOS/Source/queue.c ****     {
1397:Middlewares/Third_Party/FreeRTOS/Source/queue.c ****         configASSERT( !( ( xTaskGetSchedulerState() == taskSCHEDULER_SUSPENDED ) && ( xTicksToWait 
1398:Middlewares/Third_Party/FreeRTOS/Source/queue.c ****     }
1399:Middlewares/Third_Party/FreeRTOS/Source/queue.c ****     #endif
1400:Middlewares/Third_Party/FreeRTOS/Source/queue.c **** 
ARM GAS  /tmp/ccMJcgml.s 			page 26


1401:Middlewares/Third_Party/FreeRTOS/Source/queue.c ****     /*lint -save -e904  This function relaxes the coding standard somewhat to
1402:Middlewares/Third_Party/FreeRTOS/Source/queue.c ****      * allow return statements within the function itself.  This is done in the
1403:Middlewares/Third_Party/FreeRTOS/Source/queue.c ****      * interest of execution time efficiency. */
1404:Middlewares/Third_Party/FreeRTOS/Source/queue.c ****     for( ; ; )
1405:Middlewares/Third_Party/FreeRTOS/Source/queue.c ****     {
1406:Middlewares/Third_Party/FreeRTOS/Source/queue.c ****         taskENTER_CRITICAL();
1407:Middlewares/Third_Party/FreeRTOS/Source/queue.c ****         {
1408:Middlewares/Third_Party/FreeRTOS/Source/queue.c ****             const UBaseType_t uxMessagesWaiting = pxQueue->uxMessagesWaiting;
1409:Middlewares/Third_Party/FreeRTOS/Source/queue.c **** 
1410:Middlewares/Third_Party/FreeRTOS/Source/queue.c ****             /* Is there data in the queue now?  To be running the calling task
1411:Middlewares/Third_Party/FreeRTOS/Source/queue.c ****              * must be the highest priority task wanting to access the queue. */
1412:Middlewares/Third_Party/FreeRTOS/Source/queue.c ****             if( uxMessagesWaiting > ( UBaseType_t ) 0 )
1413:Middlewares/Third_Party/FreeRTOS/Source/queue.c ****             {
1414:Middlewares/Third_Party/FreeRTOS/Source/queue.c ****                 /* Data available, remove one item. */
1415:Middlewares/Third_Party/FreeRTOS/Source/queue.c ****                 prvCopyDataFromQueue( pxQueue, pvBuffer );
1416:Middlewares/Third_Party/FreeRTOS/Source/queue.c ****                 traceQUEUE_RECEIVE( pxQueue );
1417:Middlewares/Third_Party/FreeRTOS/Source/queue.c ****                 pxQueue->uxMessagesWaiting = uxMessagesWaiting - ( UBaseType_t ) 1;
1418:Middlewares/Third_Party/FreeRTOS/Source/queue.c **** 
1419:Middlewares/Third_Party/FreeRTOS/Source/queue.c ****                 /* There is now space in the queue, were any tasks waiting to
1420:Middlewares/Third_Party/FreeRTOS/Source/queue.c ****                  * post to the queue?  If so, unblock the highest priority waiting
1421:Middlewares/Third_Party/FreeRTOS/Source/queue.c ****                  * task. */
1422:Middlewares/Third_Party/FreeRTOS/Source/queue.c ****                 if( listLIST_IS_EMPTY( &( pxQueue->xTasksWaitingToSend ) ) == pdFALSE )
1423:Middlewares/Third_Party/FreeRTOS/Source/queue.c ****                 {
1424:Middlewares/Third_Party/FreeRTOS/Source/queue.c ****                     if( xTaskRemoveFromEventList( &( pxQueue->xTasksWaitingToSend ) ) != pdFALSE )
1425:Middlewares/Third_Party/FreeRTOS/Source/queue.c ****                     {
1426:Middlewares/Third_Party/FreeRTOS/Source/queue.c ****                         queueYIELD_IF_USING_PREEMPTION();
1427:Middlewares/Third_Party/FreeRTOS/Source/queue.c ****                     }
1428:Middlewares/Third_Party/FreeRTOS/Source/queue.c ****                     else
1429:Middlewares/Third_Party/FreeRTOS/Source/queue.c ****                     {
1430:Middlewares/Third_Party/FreeRTOS/Source/queue.c ****                         mtCOVERAGE_TEST_MARKER();
1431:Middlewares/Third_Party/FreeRTOS/Source/queue.c ****                     }
1432:Middlewares/Third_Party/FreeRTOS/Source/queue.c ****                 }
1433:Middlewares/Third_Party/FreeRTOS/Source/queue.c ****                 else
1434:Middlewares/Third_Party/FreeRTOS/Source/queue.c ****                 {
1435:Middlewares/Third_Party/FreeRTOS/Source/queue.c ****                     mtCOVERAGE_TEST_MARKER();
1436:Middlewares/Third_Party/FreeRTOS/Source/queue.c ****                 }
1437:Middlewares/Third_Party/FreeRTOS/Source/queue.c **** 
1438:Middlewares/Third_Party/FreeRTOS/Source/queue.c ****                 taskEXIT_CRITICAL();
1439:Middlewares/Third_Party/FreeRTOS/Source/queue.c ****                 return pdPASS;
1440:Middlewares/Third_Party/FreeRTOS/Source/queue.c ****             }
1441:Middlewares/Third_Party/FreeRTOS/Source/queue.c ****             else
1442:Middlewares/Third_Party/FreeRTOS/Source/queue.c ****             {
1443:Middlewares/Third_Party/FreeRTOS/Source/queue.c ****                 if( xTicksToWait == ( TickType_t ) 0 )
1444:Middlewares/Third_Party/FreeRTOS/Source/queue.c ****                 {
1445:Middlewares/Third_Party/FreeRTOS/Source/queue.c ****                     /* The queue was empty and no block time is specified (or
1446:Middlewares/Third_Party/FreeRTOS/Source/queue.c ****                      * the block time has expired) so leave now. */
1447:Middlewares/Third_Party/FreeRTOS/Source/queue.c ****                     taskEXIT_CRITICAL();
1448:Middlewares/Third_Party/FreeRTOS/Source/queue.c ****                     traceQUEUE_RECEIVE_FAILED( pxQueue );
1449:Middlewares/Third_Party/FreeRTOS/Source/queue.c ****                     return errQUEUE_EMPTY;
1450:Middlewares/Third_Party/FreeRTOS/Source/queue.c ****                 }
1451:Middlewares/Third_Party/FreeRTOS/Source/queue.c ****                 else if( xEntryTimeSet == pdFALSE )
1452:Middlewares/Third_Party/FreeRTOS/Source/queue.c ****                 {
1453:Middlewares/Third_Party/FreeRTOS/Source/queue.c ****                     /* The queue was empty and a block time was specified so
1454:Middlewares/Third_Party/FreeRTOS/Source/queue.c ****                      * configure the timeout structure. */
1455:Middlewares/Third_Party/FreeRTOS/Source/queue.c ****                     vTaskInternalSetTimeOutState( &xTimeOut );
1456:Middlewares/Third_Party/FreeRTOS/Source/queue.c ****                     xEntryTimeSet = pdTRUE;
1457:Middlewares/Third_Party/FreeRTOS/Source/queue.c ****                 }
ARM GAS  /tmp/ccMJcgml.s 			page 27


1458:Middlewares/Third_Party/FreeRTOS/Source/queue.c ****                 else
1459:Middlewares/Third_Party/FreeRTOS/Source/queue.c ****                 {
1460:Middlewares/Third_Party/FreeRTOS/Source/queue.c ****                     /* Entry time was already set. */
1461:Middlewares/Third_Party/FreeRTOS/Source/queue.c ****                     mtCOVERAGE_TEST_MARKER();
1462:Middlewares/Third_Party/FreeRTOS/Source/queue.c ****                 }
1463:Middlewares/Third_Party/FreeRTOS/Source/queue.c ****             }
1464:Middlewares/Third_Party/FreeRTOS/Source/queue.c ****         }
1465:Middlewares/Third_Party/FreeRTOS/Source/queue.c ****         taskEXIT_CRITICAL();
1466:Middlewares/Third_Party/FreeRTOS/Source/queue.c **** 
1467:Middlewares/Third_Party/FreeRTOS/Source/queue.c ****         /* Interrupts and other tasks can send to and receive from the queue
1468:Middlewares/Third_Party/FreeRTOS/Source/queue.c ****          * now the critical section has been exited. */
1469:Middlewares/Third_Party/FreeRTOS/Source/queue.c **** 
1470:Middlewares/Third_Party/FreeRTOS/Source/queue.c ****         vTaskSuspendAll();
1471:Middlewares/Third_Party/FreeRTOS/Source/queue.c ****         prvLockQueue( pxQueue );
1472:Middlewares/Third_Party/FreeRTOS/Source/queue.c **** 
1473:Middlewares/Third_Party/FreeRTOS/Source/queue.c ****         /* Update the timeout state to see if it has expired yet. */
1474:Middlewares/Third_Party/FreeRTOS/Source/queue.c ****         if( xTaskCheckForTimeOut( &xTimeOut, &xTicksToWait ) == pdFALSE )
1475:Middlewares/Third_Party/FreeRTOS/Source/queue.c ****         {
1476:Middlewares/Third_Party/FreeRTOS/Source/queue.c ****             /* The timeout has not expired.  If the queue is still empty place
1477:Middlewares/Third_Party/FreeRTOS/Source/queue.c ****              * the task on the list of tasks waiting to receive from the queue. */
1478:Middlewares/Third_Party/FreeRTOS/Source/queue.c ****             if( prvIsQueueEmpty( pxQueue ) != pdFALSE )
1479:Middlewares/Third_Party/FreeRTOS/Source/queue.c ****             {
1480:Middlewares/Third_Party/FreeRTOS/Source/queue.c ****                 traceBLOCKING_ON_QUEUE_RECEIVE( pxQueue );
1481:Middlewares/Third_Party/FreeRTOS/Source/queue.c ****                 vTaskPlaceOnEventList( &( pxQueue->xTasksWaitingToReceive ), xTicksToWait );
1482:Middlewares/Third_Party/FreeRTOS/Source/queue.c ****                 prvUnlockQueue( pxQueue );
1483:Middlewares/Third_Party/FreeRTOS/Source/queue.c **** 
1484:Middlewares/Third_Party/FreeRTOS/Source/queue.c ****                 if( xTaskResumeAll() == pdFALSE )
1485:Middlewares/Third_Party/FreeRTOS/Source/queue.c ****                 {
1486:Middlewares/Third_Party/FreeRTOS/Source/queue.c ****                     portYIELD_WITHIN_API();
1487:Middlewares/Third_Party/FreeRTOS/Source/queue.c ****                 }
1488:Middlewares/Third_Party/FreeRTOS/Source/queue.c ****                 else
1489:Middlewares/Third_Party/FreeRTOS/Source/queue.c ****                 {
1490:Middlewares/Third_Party/FreeRTOS/Source/queue.c ****                     mtCOVERAGE_TEST_MARKER();
1491:Middlewares/Third_Party/FreeRTOS/Source/queue.c ****                 }
1492:Middlewares/Third_Party/FreeRTOS/Source/queue.c ****             }
1493:Middlewares/Third_Party/FreeRTOS/Source/queue.c ****             else
1494:Middlewares/Third_Party/FreeRTOS/Source/queue.c ****             {
1495:Middlewares/Third_Party/FreeRTOS/Source/queue.c ****                 /* The queue contains data again.  Loop back to try and read the
1496:Middlewares/Third_Party/FreeRTOS/Source/queue.c ****                  * data. */
1497:Middlewares/Third_Party/FreeRTOS/Source/queue.c ****                 prvUnlockQueue( pxQueue );
1498:Middlewares/Third_Party/FreeRTOS/Source/queue.c ****                 ( void ) xTaskResumeAll();
1499:Middlewares/Third_Party/FreeRTOS/Source/queue.c ****             }
1500:Middlewares/Third_Party/FreeRTOS/Source/queue.c ****         }
1501:Middlewares/Third_Party/FreeRTOS/Source/queue.c ****         else
1502:Middlewares/Third_Party/FreeRTOS/Source/queue.c ****         {
1503:Middlewares/Third_Party/FreeRTOS/Source/queue.c ****             /* Timed out.  If there is no data in the queue exit, otherwise loop
1504:Middlewares/Third_Party/FreeRTOS/Source/queue.c ****              * back and attempt to read the data. */
1505:Middlewares/Third_Party/FreeRTOS/Source/queue.c ****             prvUnlockQueue( pxQueue );
1506:Middlewares/Third_Party/FreeRTOS/Source/queue.c ****             ( void ) xTaskResumeAll();
1507:Middlewares/Third_Party/FreeRTOS/Source/queue.c **** 
1508:Middlewares/Third_Party/FreeRTOS/Source/queue.c ****             if( prvIsQueueEmpty( pxQueue ) != pdFALSE )
1509:Middlewares/Third_Party/FreeRTOS/Source/queue.c ****             {
1510:Middlewares/Third_Party/FreeRTOS/Source/queue.c ****                 traceQUEUE_RECEIVE_FAILED( pxQueue );
1511:Middlewares/Third_Party/FreeRTOS/Source/queue.c ****                 return errQUEUE_EMPTY;
1512:Middlewares/Third_Party/FreeRTOS/Source/queue.c ****             }
1513:Middlewares/Third_Party/FreeRTOS/Source/queue.c ****             else
1514:Middlewares/Third_Party/FreeRTOS/Source/queue.c ****             {
ARM GAS  /tmp/ccMJcgml.s 			page 28


1515:Middlewares/Third_Party/FreeRTOS/Source/queue.c ****                 mtCOVERAGE_TEST_MARKER();
1516:Middlewares/Third_Party/FreeRTOS/Source/queue.c ****             }
1517:Middlewares/Third_Party/FreeRTOS/Source/queue.c ****         }
1518:Middlewares/Third_Party/FreeRTOS/Source/queue.c ****     } /*lint -restore */
1519:Middlewares/Third_Party/FreeRTOS/Source/queue.c **** }
1520:Middlewares/Third_Party/FreeRTOS/Source/queue.c **** /*-----------------------------------------------------------*/
1521:Middlewares/Third_Party/FreeRTOS/Source/queue.c **** 
1522:Middlewares/Third_Party/FreeRTOS/Source/queue.c **** BaseType_t xQueueSemaphoreTake( QueueHandle_t xQueue,
1523:Middlewares/Third_Party/FreeRTOS/Source/queue.c ****                                 TickType_t xTicksToWait )
1524:Middlewares/Third_Party/FreeRTOS/Source/queue.c **** {
1525:Middlewares/Third_Party/FreeRTOS/Source/queue.c ****     BaseType_t xEntryTimeSet = pdFALSE;
1526:Middlewares/Third_Party/FreeRTOS/Source/queue.c ****     TimeOut_t xTimeOut;
1527:Middlewares/Third_Party/FreeRTOS/Source/queue.c ****     Queue_t * const pxQueue = xQueue;
1528:Middlewares/Third_Party/FreeRTOS/Source/queue.c **** 
1529:Middlewares/Third_Party/FreeRTOS/Source/queue.c ****     #if ( configUSE_MUTEXES == 1 )
1530:Middlewares/Third_Party/FreeRTOS/Source/queue.c ****         BaseType_t xInheritanceOccurred = pdFALSE;
1531:Middlewares/Third_Party/FreeRTOS/Source/queue.c ****     #endif
1532:Middlewares/Third_Party/FreeRTOS/Source/queue.c **** 
1533:Middlewares/Third_Party/FreeRTOS/Source/queue.c ****     /* Check the queue pointer is not NULL. */
1534:Middlewares/Third_Party/FreeRTOS/Source/queue.c ****     configASSERT( ( pxQueue ) );
1535:Middlewares/Third_Party/FreeRTOS/Source/queue.c **** 
1536:Middlewares/Third_Party/FreeRTOS/Source/queue.c ****     /* Check this really is a semaphore, in which case the item size will be
1537:Middlewares/Third_Party/FreeRTOS/Source/queue.c ****      * 0. */
1538:Middlewares/Third_Party/FreeRTOS/Source/queue.c ****     configASSERT( pxQueue->uxItemSize == 0 );
1539:Middlewares/Third_Party/FreeRTOS/Source/queue.c **** 
1540:Middlewares/Third_Party/FreeRTOS/Source/queue.c ****     /* Cannot block if the scheduler is suspended. */
1541:Middlewares/Third_Party/FreeRTOS/Source/queue.c ****     #if ( ( INCLUDE_xTaskGetSchedulerState == 1 ) || ( configUSE_TIMERS == 1 ) )
1542:Middlewares/Third_Party/FreeRTOS/Source/queue.c ****     {
1543:Middlewares/Third_Party/FreeRTOS/Source/queue.c ****         configASSERT( !( ( xTaskGetSchedulerState() == taskSCHEDULER_SUSPENDED ) && ( xTicksToWait 
1544:Middlewares/Third_Party/FreeRTOS/Source/queue.c ****     }
1545:Middlewares/Third_Party/FreeRTOS/Source/queue.c ****     #endif
1546:Middlewares/Third_Party/FreeRTOS/Source/queue.c **** 
1547:Middlewares/Third_Party/FreeRTOS/Source/queue.c ****     /*lint -save -e904 This function relaxes the coding standard somewhat to allow return
1548:Middlewares/Third_Party/FreeRTOS/Source/queue.c ****      * statements within the function itself.  This is done in the interest
1549:Middlewares/Third_Party/FreeRTOS/Source/queue.c ****      * of execution time efficiency. */
1550:Middlewares/Third_Party/FreeRTOS/Source/queue.c ****     for( ; ; )
1551:Middlewares/Third_Party/FreeRTOS/Source/queue.c ****     {
1552:Middlewares/Third_Party/FreeRTOS/Source/queue.c ****         taskENTER_CRITICAL();
1553:Middlewares/Third_Party/FreeRTOS/Source/queue.c ****         {
1554:Middlewares/Third_Party/FreeRTOS/Source/queue.c ****             /* Semaphores are queues with an item size of 0, and where the
1555:Middlewares/Third_Party/FreeRTOS/Source/queue.c ****              * number of messages in the queue is the semaphore's count value. */
1556:Middlewares/Third_Party/FreeRTOS/Source/queue.c ****             const UBaseType_t uxSemaphoreCount = pxQueue->uxMessagesWaiting;
1557:Middlewares/Third_Party/FreeRTOS/Source/queue.c **** 
1558:Middlewares/Third_Party/FreeRTOS/Source/queue.c ****             /* Is there data in the queue now?  To be running the calling task
1559:Middlewares/Third_Party/FreeRTOS/Source/queue.c ****              * must be the highest priority task wanting to access the queue. */
1560:Middlewares/Third_Party/FreeRTOS/Source/queue.c ****             if( uxSemaphoreCount > ( UBaseType_t ) 0 )
1561:Middlewares/Third_Party/FreeRTOS/Source/queue.c ****             {
1562:Middlewares/Third_Party/FreeRTOS/Source/queue.c ****                 traceQUEUE_RECEIVE( pxQueue );
1563:Middlewares/Third_Party/FreeRTOS/Source/queue.c **** 
1564:Middlewares/Third_Party/FreeRTOS/Source/queue.c ****                 /* Semaphores are queues with a data size of zero and where the
1565:Middlewares/Third_Party/FreeRTOS/Source/queue.c ****                  * messages waiting is the semaphore's count.  Reduce the count. */
1566:Middlewares/Third_Party/FreeRTOS/Source/queue.c ****                 pxQueue->uxMessagesWaiting = uxSemaphoreCount - ( UBaseType_t ) 1;
1567:Middlewares/Third_Party/FreeRTOS/Source/queue.c **** 
1568:Middlewares/Third_Party/FreeRTOS/Source/queue.c ****                 #if ( configUSE_MUTEXES == 1 )
1569:Middlewares/Third_Party/FreeRTOS/Source/queue.c ****                 {
1570:Middlewares/Third_Party/FreeRTOS/Source/queue.c ****                     if( pxQueue->uxQueueType == queueQUEUE_IS_MUTEX )
1571:Middlewares/Third_Party/FreeRTOS/Source/queue.c ****                     {
ARM GAS  /tmp/ccMJcgml.s 			page 29


1572:Middlewares/Third_Party/FreeRTOS/Source/queue.c ****                         /* Record the information required to implement
1573:Middlewares/Third_Party/FreeRTOS/Source/queue.c ****                          * priority inheritance should it become necessary. */
1574:Middlewares/Third_Party/FreeRTOS/Source/queue.c ****                         pxQueue->u.xSemaphore.xMutexHolder = pvTaskIncrementMutexHeldCount();
1575:Middlewares/Third_Party/FreeRTOS/Source/queue.c ****                     }
1576:Middlewares/Third_Party/FreeRTOS/Source/queue.c ****                     else
1577:Middlewares/Third_Party/FreeRTOS/Source/queue.c ****                     {
1578:Middlewares/Third_Party/FreeRTOS/Source/queue.c ****                         mtCOVERAGE_TEST_MARKER();
1579:Middlewares/Third_Party/FreeRTOS/Source/queue.c ****                     }
1580:Middlewares/Third_Party/FreeRTOS/Source/queue.c ****                 }
1581:Middlewares/Third_Party/FreeRTOS/Source/queue.c ****                 #endif /* configUSE_MUTEXES */
1582:Middlewares/Third_Party/FreeRTOS/Source/queue.c **** 
1583:Middlewares/Third_Party/FreeRTOS/Source/queue.c ****                 /* Check to see if other tasks are blocked waiting to give the
1584:Middlewares/Third_Party/FreeRTOS/Source/queue.c ****                  * semaphore, and if so, unblock the highest priority such task. */
1585:Middlewares/Third_Party/FreeRTOS/Source/queue.c ****                 if( listLIST_IS_EMPTY( &( pxQueue->xTasksWaitingToSend ) ) == pdFALSE )
1586:Middlewares/Third_Party/FreeRTOS/Source/queue.c ****                 {
1587:Middlewares/Third_Party/FreeRTOS/Source/queue.c ****                     if( xTaskRemoveFromEventList( &( pxQueue->xTasksWaitingToSend ) ) != pdFALSE )
1588:Middlewares/Third_Party/FreeRTOS/Source/queue.c ****                     {
1589:Middlewares/Third_Party/FreeRTOS/Source/queue.c ****                         queueYIELD_IF_USING_PREEMPTION();
1590:Middlewares/Third_Party/FreeRTOS/Source/queue.c ****                     }
1591:Middlewares/Third_Party/FreeRTOS/Source/queue.c ****                     else
1592:Middlewares/Third_Party/FreeRTOS/Source/queue.c ****                     {
1593:Middlewares/Third_Party/FreeRTOS/Source/queue.c ****                         mtCOVERAGE_TEST_MARKER();
1594:Middlewares/Third_Party/FreeRTOS/Source/queue.c ****                     }
1595:Middlewares/Third_Party/FreeRTOS/Source/queue.c ****                 }
1596:Middlewares/Third_Party/FreeRTOS/Source/queue.c ****                 else
1597:Middlewares/Third_Party/FreeRTOS/Source/queue.c ****                 {
1598:Middlewares/Third_Party/FreeRTOS/Source/queue.c ****                     mtCOVERAGE_TEST_MARKER();
1599:Middlewares/Third_Party/FreeRTOS/Source/queue.c ****                 }
1600:Middlewares/Third_Party/FreeRTOS/Source/queue.c **** 
1601:Middlewares/Third_Party/FreeRTOS/Source/queue.c ****                 taskEXIT_CRITICAL();
1602:Middlewares/Third_Party/FreeRTOS/Source/queue.c ****                 return pdPASS;
1603:Middlewares/Third_Party/FreeRTOS/Source/queue.c ****             }
1604:Middlewares/Third_Party/FreeRTOS/Source/queue.c ****             else
1605:Middlewares/Third_Party/FreeRTOS/Source/queue.c ****             {
1606:Middlewares/Third_Party/FreeRTOS/Source/queue.c ****                 if( xTicksToWait == ( TickType_t ) 0 )
1607:Middlewares/Third_Party/FreeRTOS/Source/queue.c ****                 {
1608:Middlewares/Third_Party/FreeRTOS/Source/queue.c ****                     /* The semaphore count was 0 and no block time is specified
1609:Middlewares/Third_Party/FreeRTOS/Source/queue.c ****                      * (or the block time has expired) so exit now. */
1610:Middlewares/Third_Party/FreeRTOS/Source/queue.c ****                     taskEXIT_CRITICAL();
1611:Middlewares/Third_Party/FreeRTOS/Source/queue.c ****                     traceQUEUE_RECEIVE_FAILED( pxQueue );
1612:Middlewares/Third_Party/FreeRTOS/Source/queue.c ****                     return errQUEUE_EMPTY;
1613:Middlewares/Third_Party/FreeRTOS/Source/queue.c ****                 }
1614:Middlewares/Third_Party/FreeRTOS/Source/queue.c ****                 else if( xEntryTimeSet == pdFALSE )
1615:Middlewares/Third_Party/FreeRTOS/Source/queue.c ****                 {
1616:Middlewares/Third_Party/FreeRTOS/Source/queue.c ****                     /* The semaphore count was 0 and a block time was specified
1617:Middlewares/Third_Party/FreeRTOS/Source/queue.c ****                      * so configure the timeout structure ready to block. */
1618:Middlewares/Third_Party/FreeRTOS/Source/queue.c ****                     vTaskInternalSetTimeOutState( &xTimeOut );
1619:Middlewares/Third_Party/FreeRTOS/Source/queue.c ****                     xEntryTimeSet = pdTRUE;
1620:Middlewares/Third_Party/FreeRTOS/Source/queue.c ****                 }
1621:Middlewares/Third_Party/FreeRTOS/Source/queue.c ****                 else
1622:Middlewares/Third_Party/FreeRTOS/Source/queue.c ****                 {
1623:Middlewares/Third_Party/FreeRTOS/Source/queue.c ****                     /* Entry time was already set. */
1624:Middlewares/Third_Party/FreeRTOS/Source/queue.c ****                     mtCOVERAGE_TEST_MARKER();
1625:Middlewares/Third_Party/FreeRTOS/Source/queue.c ****                 }
1626:Middlewares/Third_Party/FreeRTOS/Source/queue.c ****             }
1627:Middlewares/Third_Party/FreeRTOS/Source/queue.c ****         }
1628:Middlewares/Third_Party/FreeRTOS/Source/queue.c ****         taskEXIT_CRITICAL();
ARM GAS  /tmp/ccMJcgml.s 			page 30


1629:Middlewares/Third_Party/FreeRTOS/Source/queue.c **** 
1630:Middlewares/Third_Party/FreeRTOS/Source/queue.c ****         /* Interrupts and other tasks can give to and take from the semaphore
1631:Middlewares/Third_Party/FreeRTOS/Source/queue.c ****          * now the critical section has been exited. */
1632:Middlewares/Third_Party/FreeRTOS/Source/queue.c **** 
1633:Middlewares/Third_Party/FreeRTOS/Source/queue.c ****         vTaskSuspendAll();
1634:Middlewares/Third_Party/FreeRTOS/Source/queue.c ****         prvLockQueue( pxQueue );
1635:Middlewares/Third_Party/FreeRTOS/Source/queue.c **** 
1636:Middlewares/Third_Party/FreeRTOS/Source/queue.c ****         /* Update the timeout state to see if it has expired yet. */
1637:Middlewares/Third_Party/FreeRTOS/Source/queue.c ****         if( xTaskCheckForTimeOut( &xTimeOut, &xTicksToWait ) == pdFALSE )
1638:Middlewares/Third_Party/FreeRTOS/Source/queue.c ****         {
1639:Middlewares/Third_Party/FreeRTOS/Source/queue.c ****             /* A block time is specified and not expired.  If the semaphore
1640:Middlewares/Third_Party/FreeRTOS/Source/queue.c ****              * count is 0 then enter the Blocked state to wait for a semaphore to
1641:Middlewares/Third_Party/FreeRTOS/Source/queue.c ****              * become available.  As semaphores are implemented with queues the
1642:Middlewares/Third_Party/FreeRTOS/Source/queue.c ****              * queue being empty is equivalent to the semaphore count being 0. */
1643:Middlewares/Third_Party/FreeRTOS/Source/queue.c ****             if( prvIsQueueEmpty( pxQueue ) != pdFALSE )
1644:Middlewares/Third_Party/FreeRTOS/Source/queue.c ****             {
1645:Middlewares/Third_Party/FreeRTOS/Source/queue.c ****                 traceBLOCKING_ON_QUEUE_RECEIVE( pxQueue );
1646:Middlewares/Third_Party/FreeRTOS/Source/queue.c **** 
1647:Middlewares/Third_Party/FreeRTOS/Source/queue.c ****                 #if ( configUSE_MUTEXES == 1 )
1648:Middlewares/Third_Party/FreeRTOS/Source/queue.c ****                 {
1649:Middlewares/Third_Party/FreeRTOS/Source/queue.c ****                     if( pxQueue->uxQueueType == queueQUEUE_IS_MUTEX )
1650:Middlewares/Third_Party/FreeRTOS/Source/queue.c ****                     {
1651:Middlewares/Third_Party/FreeRTOS/Source/queue.c ****                         taskENTER_CRITICAL();
1652:Middlewares/Third_Party/FreeRTOS/Source/queue.c ****                         {
1653:Middlewares/Third_Party/FreeRTOS/Source/queue.c ****                             xInheritanceOccurred = xTaskPriorityInherit( pxQueue->u.xSemaphore.xMut
1654:Middlewares/Third_Party/FreeRTOS/Source/queue.c ****                         }
1655:Middlewares/Third_Party/FreeRTOS/Source/queue.c ****                         taskEXIT_CRITICAL();
1656:Middlewares/Third_Party/FreeRTOS/Source/queue.c ****                     }
1657:Middlewares/Third_Party/FreeRTOS/Source/queue.c ****                     else
1658:Middlewares/Third_Party/FreeRTOS/Source/queue.c ****                     {
1659:Middlewares/Third_Party/FreeRTOS/Source/queue.c ****                         mtCOVERAGE_TEST_MARKER();
1660:Middlewares/Third_Party/FreeRTOS/Source/queue.c ****                     }
1661:Middlewares/Third_Party/FreeRTOS/Source/queue.c ****                 }
1662:Middlewares/Third_Party/FreeRTOS/Source/queue.c ****                 #endif /* if ( configUSE_MUTEXES == 1 ) */
1663:Middlewares/Third_Party/FreeRTOS/Source/queue.c **** 
1664:Middlewares/Third_Party/FreeRTOS/Source/queue.c ****                 vTaskPlaceOnEventList( &( pxQueue->xTasksWaitingToReceive ), xTicksToWait );
1665:Middlewares/Third_Party/FreeRTOS/Source/queue.c ****                 prvUnlockQueue( pxQueue );
1666:Middlewares/Third_Party/FreeRTOS/Source/queue.c **** 
1667:Middlewares/Third_Party/FreeRTOS/Source/queue.c ****                 if( xTaskResumeAll() == pdFALSE )
1668:Middlewares/Third_Party/FreeRTOS/Source/queue.c ****                 {
1669:Middlewares/Third_Party/FreeRTOS/Source/queue.c ****                     portYIELD_WITHIN_API();
1670:Middlewares/Third_Party/FreeRTOS/Source/queue.c ****                 }
1671:Middlewares/Third_Party/FreeRTOS/Source/queue.c ****                 else
1672:Middlewares/Third_Party/FreeRTOS/Source/queue.c ****                 {
1673:Middlewares/Third_Party/FreeRTOS/Source/queue.c ****                     mtCOVERAGE_TEST_MARKER();
1674:Middlewares/Third_Party/FreeRTOS/Source/queue.c ****                 }
1675:Middlewares/Third_Party/FreeRTOS/Source/queue.c ****             }
1676:Middlewares/Third_Party/FreeRTOS/Source/queue.c ****             else
1677:Middlewares/Third_Party/FreeRTOS/Source/queue.c ****             {
1678:Middlewares/Third_Party/FreeRTOS/Source/queue.c ****                 /* There was no timeout and the semaphore count was not 0, so
1679:Middlewares/Third_Party/FreeRTOS/Source/queue.c ****                  * attempt to take the semaphore again. */
1680:Middlewares/Third_Party/FreeRTOS/Source/queue.c ****                 prvUnlockQueue( pxQueue );
1681:Middlewares/Third_Party/FreeRTOS/Source/queue.c ****                 ( void ) xTaskResumeAll();
1682:Middlewares/Third_Party/FreeRTOS/Source/queue.c ****             }
1683:Middlewares/Third_Party/FreeRTOS/Source/queue.c ****         }
1684:Middlewares/Third_Party/FreeRTOS/Source/queue.c ****         else
1685:Middlewares/Third_Party/FreeRTOS/Source/queue.c ****         {
ARM GAS  /tmp/ccMJcgml.s 			page 31


1686:Middlewares/Third_Party/FreeRTOS/Source/queue.c ****             /* Timed out. */
1687:Middlewares/Third_Party/FreeRTOS/Source/queue.c ****             prvUnlockQueue( pxQueue );
1688:Middlewares/Third_Party/FreeRTOS/Source/queue.c ****             ( void ) xTaskResumeAll();
1689:Middlewares/Third_Party/FreeRTOS/Source/queue.c **** 
1690:Middlewares/Third_Party/FreeRTOS/Source/queue.c ****             /* If the semaphore count is 0 exit now as the timeout has
1691:Middlewares/Third_Party/FreeRTOS/Source/queue.c ****              * expired.  Otherwise return to attempt to take the semaphore that is
1692:Middlewares/Third_Party/FreeRTOS/Source/queue.c ****              * known to be available.  As semaphores are implemented by queues the
1693:Middlewares/Third_Party/FreeRTOS/Source/queue.c ****              * queue being empty is equivalent to the semaphore count being 0. */
1694:Middlewares/Third_Party/FreeRTOS/Source/queue.c ****             if( prvIsQueueEmpty( pxQueue ) != pdFALSE )
1695:Middlewares/Third_Party/FreeRTOS/Source/queue.c ****             {
1696:Middlewares/Third_Party/FreeRTOS/Source/queue.c ****                 #if ( configUSE_MUTEXES == 1 )
1697:Middlewares/Third_Party/FreeRTOS/Source/queue.c ****                 {
1698:Middlewares/Third_Party/FreeRTOS/Source/queue.c ****                     /* xInheritanceOccurred could only have be set if
1699:Middlewares/Third_Party/FreeRTOS/Source/queue.c ****                      * pxQueue->uxQueueType == queueQUEUE_IS_MUTEX so no need to
1700:Middlewares/Third_Party/FreeRTOS/Source/queue.c ****                      * test the mutex type again to check it is actually a mutex. */
1701:Middlewares/Third_Party/FreeRTOS/Source/queue.c ****                     if( xInheritanceOccurred != pdFALSE )
1702:Middlewares/Third_Party/FreeRTOS/Source/queue.c ****                     {
1703:Middlewares/Third_Party/FreeRTOS/Source/queue.c ****                         taskENTER_CRITICAL();
1704:Middlewares/Third_Party/FreeRTOS/Source/queue.c ****                         {
1705:Middlewares/Third_Party/FreeRTOS/Source/queue.c ****                             UBaseType_t uxHighestWaitingPriority;
1706:Middlewares/Third_Party/FreeRTOS/Source/queue.c **** 
1707:Middlewares/Third_Party/FreeRTOS/Source/queue.c ****                             /* This task blocking on the mutex caused another
1708:Middlewares/Third_Party/FreeRTOS/Source/queue.c ****                              * task to inherit this task's priority.  Now this task
1709:Middlewares/Third_Party/FreeRTOS/Source/queue.c ****                              * has timed out the priority should be disinherited
1710:Middlewares/Third_Party/FreeRTOS/Source/queue.c ****                              * again, but only as low as the next highest priority
1711:Middlewares/Third_Party/FreeRTOS/Source/queue.c ****                              * task that is waiting for the same mutex. */
1712:Middlewares/Third_Party/FreeRTOS/Source/queue.c ****                             uxHighestWaitingPriority = prvGetDisinheritPriorityAfterTimeout( pxQueu
1713:Middlewares/Third_Party/FreeRTOS/Source/queue.c ****                             vTaskPriorityDisinheritAfterTimeout( pxQueue->u.xSemaphore.xMutexHolder
1714:Middlewares/Third_Party/FreeRTOS/Source/queue.c ****                         }
1715:Middlewares/Third_Party/FreeRTOS/Source/queue.c ****                         taskEXIT_CRITICAL();
1716:Middlewares/Third_Party/FreeRTOS/Source/queue.c ****                     }
1717:Middlewares/Third_Party/FreeRTOS/Source/queue.c ****                 }
1718:Middlewares/Third_Party/FreeRTOS/Source/queue.c ****                 #endif /* configUSE_MUTEXES */
1719:Middlewares/Third_Party/FreeRTOS/Source/queue.c **** 
1720:Middlewares/Third_Party/FreeRTOS/Source/queue.c ****                 traceQUEUE_RECEIVE_FAILED( pxQueue );
1721:Middlewares/Third_Party/FreeRTOS/Source/queue.c ****                 return errQUEUE_EMPTY;
1722:Middlewares/Third_Party/FreeRTOS/Source/queue.c ****             }
1723:Middlewares/Third_Party/FreeRTOS/Source/queue.c ****             else
1724:Middlewares/Third_Party/FreeRTOS/Source/queue.c ****             {
1725:Middlewares/Third_Party/FreeRTOS/Source/queue.c ****                 mtCOVERAGE_TEST_MARKER();
1726:Middlewares/Third_Party/FreeRTOS/Source/queue.c ****             }
1727:Middlewares/Third_Party/FreeRTOS/Source/queue.c ****         }
1728:Middlewares/Third_Party/FreeRTOS/Source/queue.c ****     } /*lint -restore */
1729:Middlewares/Third_Party/FreeRTOS/Source/queue.c **** }
1730:Middlewares/Third_Party/FreeRTOS/Source/queue.c **** /*-----------------------------------------------------------*/
1731:Middlewares/Third_Party/FreeRTOS/Source/queue.c **** 
1732:Middlewares/Third_Party/FreeRTOS/Source/queue.c **** BaseType_t xQueuePeek( QueueHandle_t xQueue,
1733:Middlewares/Third_Party/FreeRTOS/Source/queue.c ****                        void * const pvBuffer,
1734:Middlewares/Third_Party/FreeRTOS/Source/queue.c ****                        TickType_t xTicksToWait )
1735:Middlewares/Third_Party/FreeRTOS/Source/queue.c **** {
1736:Middlewares/Third_Party/FreeRTOS/Source/queue.c ****     BaseType_t xEntryTimeSet = pdFALSE;
1737:Middlewares/Third_Party/FreeRTOS/Source/queue.c ****     TimeOut_t xTimeOut;
1738:Middlewares/Third_Party/FreeRTOS/Source/queue.c ****     int8_t * pcOriginalReadPosition;
1739:Middlewares/Third_Party/FreeRTOS/Source/queue.c ****     Queue_t * const pxQueue = xQueue;
1740:Middlewares/Third_Party/FreeRTOS/Source/queue.c **** 
1741:Middlewares/Third_Party/FreeRTOS/Source/queue.c ****     /* Check the pointer is not NULL. */
1742:Middlewares/Third_Party/FreeRTOS/Source/queue.c ****     configASSERT( ( pxQueue ) );
ARM GAS  /tmp/ccMJcgml.s 			page 32


1743:Middlewares/Third_Party/FreeRTOS/Source/queue.c **** 
1744:Middlewares/Third_Party/FreeRTOS/Source/queue.c ****     /* The buffer into which data is received can only be NULL if the data size
1745:Middlewares/Third_Party/FreeRTOS/Source/queue.c ****      * is zero (so no data is copied into the buffer. */
1746:Middlewares/Third_Party/FreeRTOS/Source/queue.c ****     configASSERT( !( ( ( pvBuffer ) == NULL ) && ( ( pxQueue )->uxItemSize != ( UBaseType_t ) 0U ) 
1747:Middlewares/Third_Party/FreeRTOS/Source/queue.c **** 
1748:Middlewares/Third_Party/FreeRTOS/Source/queue.c ****     /* Cannot block if the scheduler is suspended. */
1749:Middlewares/Third_Party/FreeRTOS/Source/queue.c ****     #if ( ( INCLUDE_xTaskGetSchedulerState == 1 ) || ( configUSE_TIMERS == 1 ) )
1750:Middlewares/Third_Party/FreeRTOS/Source/queue.c ****     {
1751:Middlewares/Third_Party/FreeRTOS/Source/queue.c ****         configASSERT( !( ( xTaskGetSchedulerState() == taskSCHEDULER_SUSPENDED ) && ( xTicksToWait 
1752:Middlewares/Third_Party/FreeRTOS/Source/queue.c ****     }
1753:Middlewares/Third_Party/FreeRTOS/Source/queue.c ****     #endif
1754:Middlewares/Third_Party/FreeRTOS/Source/queue.c **** 
1755:Middlewares/Third_Party/FreeRTOS/Source/queue.c ****     /*lint -save -e904  This function relaxes the coding standard somewhat to
1756:Middlewares/Third_Party/FreeRTOS/Source/queue.c ****      * allow return statements within the function itself.  This is done in the
1757:Middlewares/Third_Party/FreeRTOS/Source/queue.c ****      * interest of execution time efficiency. */
1758:Middlewares/Third_Party/FreeRTOS/Source/queue.c ****     for( ; ; )
1759:Middlewares/Third_Party/FreeRTOS/Source/queue.c ****     {
1760:Middlewares/Third_Party/FreeRTOS/Source/queue.c ****         taskENTER_CRITICAL();
1761:Middlewares/Third_Party/FreeRTOS/Source/queue.c ****         {
1762:Middlewares/Third_Party/FreeRTOS/Source/queue.c ****             const UBaseType_t uxMessagesWaiting = pxQueue->uxMessagesWaiting;
1763:Middlewares/Third_Party/FreeRTOS/Source/queue.c **** 
1764:Middlewares/Third_Party/FreeRTOS/Source/queue.c ****             /* Is there data in the queue now?  To be running the calling task
1765:Middlewares/Third_Party/FreeRTOS/Source/queue.c ****              * must be the highest priority task wanting to access the queue. */
1766:Middlewares/Third_Party/FreeRTOS/Source/queue.c ****             if( uxMessagesWaiting > ( UBaseType_t ) 0 )
1767:Middlewares/Third_Party/FreeRTOS/Source/queue.c ****             {
1768:Middlewares/Third_Party/FreeRTOS/Source/queue.c ****                 /* Remember the read position so it can be reset after the data
1769:Middlewares/Third_Party/FreeRTOS/Source/queue.c ****                  * is read from the queue as this function is only peeking the
1770:Middlewares/Third_Party/FreeRTOS/Source/queue.c ****                  * data, not removing it. */
1771:Middlewares/Third_Party/FreeRTOS/Source/queue.c ****                 pcOriginalReadPosition = pxQueue->u.xQueue.pcReadFrom;
1772:Middlewares/Third_Party/FreeRTOS/Source/queue.c **** 
1773:Middlewares/Third_Party/FreeRTOS/Source/queue.c ****                 prvCopyDataFromQueue( pxQueue, pvBuffer );
1774:Middlewares/Third_Party/FreeRTOS/Source/queue.c ****                 traceQUEUE_PEEK( pxQueue );
1775:Middlewares/Third_Party/FreeRTOS/Source/queue.c **** 
1776:Middlewares/Third_Party/FreeRTOS/Source/queue.c ****                 /* The data is not being removed, so reset the read pointer. */
1777:Middlewares/Third_Party/FreeRTOS/Source/queue.c ****                 pxQueue->u.xQueue.pcReadFrom = pcOriginalReadPosition;
1778:Middlewares/Third_Party/FreeRTOS/Source/queue.c **** 
1779:Middlewares/Third_Party/FreeRTOS/Source/queue.c ****                 /* The data is being left in the queue, so see if there are
1780:Middlewares/Third_Party/FreeRTOS/Source/queue.c ****                  * any other tasks waiting for the data. */
1781:Middlewares/Third_Party/FreeRTOS/Source/queue.c ****                 if( listLIST_IS_EMPTY( &( pxQueue->xTasksWaitingToReceive ) ) == pdFALSE )
1782:Middlewares/Third_Party/FreeRTOS/Source/queue.c ****                 {
1783:Middlewares/Third_Party/FreeRTOS/Source/queue.c ****                     if( xTaskRemoveFromEventList( &( pxQueue->xTasksWaitingToReceive ) ) != pdFALSE
1784:Middlewares/Third_Party/FreeRTOS/Source/queue.c ****                     {
1785:Middlewares/Third_Party/FreeRTOS/Source/queue.c ****                         /* The task waiting has a higher priority than this task. */
1786:Middlewares/Third_Party/FreeRTOS/Source/queue.c ****                         queueYIELD_IF_USING_PREEMPTION();
1787:Middlewares/Third_Party/FreeRTOS/Source/queue.c ****                     }
1788:Middlewares/Third_Party/FreeRTOS/Source/queue.c ****                     else
1789:Middlewares/Third_Party/FreeRTOS/Source/queue.c ****                     {
1790:Middlewares/Third_Party/FreeRTOS/Source/queue.c ****                         mtCOVERAGE_TEST_MARKER();
1791:Middlewares/Third_Party/FreeRTOS/Source/queue.c ****                     }
1792:Middlewares/Third_Party/FreeRTOS/Source/queue.c ****                 }
1793:Middlewares/Third_Party/FreeRTOS/Source/queue.c ****                 else
1794:Middlewares/Third_Party/FreeRTOS/Source/queue.c ****                 {
1795:Middlewares/Third_Party/FreeRTOS/Source/queue.c ****                     mtCOVERAGE_TEST_MARKER();
1796:Middlewares/Third_Party/FreeRTOS/Source/queue.c ****                 }
1797:Middlewares/Third_Party/FreeRTOS/Source/queue.c **** 
1798:Middlewares/Third_Party/FreeRTOS/Source/queue.c ****                 taskEXIT_CRITICAL();
1799:Middlewares/Third_Party/FreeRTOS/Source/queue.c ****                 return pdPASS;
ARM GAS  /tmp/ccMJcgml.s 			page 33


1800:Middlewares/Third_Party/FreeRTOS/Source/queue.c ****             }
1801:Middlewares/Third_Party/FreeRTOS/Source/queue.c ****             else
1802:Middlewares/Third_Party/FreeRTOS/Source/queue.c ****             {
1803:Middlewares/Third_Party/FreeRTOS/Source/queue.c ****                 if( xTicksToWait == ( TickType_t ) 0 )
1804:Middlewares/Third_Party/FreeRTOS/Source/queue.c ****                 {
1805:Middlewares/Third_Party/FreeRTOS/Source/queue.c ****                     /* The queue was empty and no block time is specified (or
1806:Middlewares/Third_Party/FreeRTOS/Source/queue.c ****                      * the block time has expired) so leave now. */
1807:Middlewares/Third_Party/FreeRTOS/Source/queue.c ****                     taskEXIT_CRITICAL();
1808:Middlewares/Third_Party/FreeRTOS/Source/queue.c ****                     traceQUEUE_PEEK_FAILED( pxQueue );
1809:Middlewares/Third_Party/FreeRTOS/Source/queue.c ****                     return errQUEUE_EMPTY;
1810:Middlewares/Third_Party/FreeRTOS/Source/queue.c ****                 }
1811:Middlewares/Third_Party/FreeRTOS/Source/queue.c ****                 else if( xEntryTimeSet == pdFALSE )
1812:Middlewares/Third_Party/FreeRTOS/Source/queue.c ****                 {
1813:Middlewares/Third_Party/FreeRTOS/Source/queue.c ****                     /* The queue was empty and a block time was specified so
1814:Middlewares/Third_Party/FreeRTOS/Source/queue.c ****                      * configure the timeout structure ready to enter the blocked
1815:Middlewares/Third_Party/FreeRTOS/Source/queue.c ****                      * state. */
1816:Middlewares/Third_Party/FreeRTOS/Source/queue.c ****                     vTaskInternalSetTimeOutState( &xTimeOut );
1817:Middlewares/Third_Party/FreeRTOS/Source/queue.c ****                     xEntryTimeSet = pdTRUE;
1818:Middlewares/Third_Party/FreeRTOS/Source/queue.c ****                 }
1819:Middlewares/Third_Party/FreeRTOS/Source/queue.c ****                 else
1820:Middlewares/Third_Party/FreeRTOS/Source/queue.c ****                 {
1821:Middlewares/Third_Party/FreeRTOS/Source/queue.c ****                     /* Entry time was already set. */
1822:Middlewares/Third_Party/FreeRTOS/Source/queue.c ****                     mtCOVERAGE_TEST_MARKER();
1823:Middlewares/Third_Party/FreeRTOS/Source/queue.c ****                 }
1824:Middlewares/Third_Party/FreeRTOS/Source/queue.c ****             }
1825:Middlewares/Third_Party/FreeRTOS/Source/queue.c ****         }
1826:Middlewares/Third_Party/FreeRTOS/Source/queue.c ****         taskEXIT_CRITICAL();
1827:Middlewares/Third_Party/FreeRTOS/Source/queue.c **** 
1828:Middlewares/Third_Party/FreeRTOS/Source/queue.c ****         /* Interrupts and other tasks can send to and receive from the queue
1829:Middlewares/Third_Party/FreeRTOS/Source/queue.c ****          * now that the critical section has been exited. */
1830:Middlewares/Third_Party/FreeRTOS/Source/queue.c **** 
1831:Middlewares/Third_Party/FreeRTOS/Source/queue.c ****         vTaskSuspendAll();
1832:Middlewares/Third_Party/FreeRTOS/Source/queue.c ****         prvLockQueue( pxQueue );
1833:Middlewares/Third_Party/FreeRTOS/Source/queue.c **** 
1834:Middlewares/Third_Party/FreeRTOS/Source/queue.c ****         /* Update the timeout state to see if it has expired yet. */
1835:Middlewares/Third_Party/FreeRTOS/Source/queue.c ****         if( xTaskCheckForTimeOut( &xTimeOut, &xTicksToWait ) == pdFALSE )
1836:Middlewares/Third_Party/FreeRTOS/Source/queue.c ****         {
1837:Middlewares/Third_Party/FreeRTOS/Source/queue.c ****             /* Timeout has not expired yet, check to see if there is data in the
1838:Middlewares/Third_Party/FreeRTOS/Source/queue.c ****             * queue now, and if not enter the Blocked state to wait for data. */
1839:Middlewares/Third_Party/FreeRTOS/Source/queue.c ****             if( prvIsQueueEmpty( pxQueue ) != pdFALSE )
1840:Middlewares/Third_Party/FreeRTOS/Source/queue.c ****             {
1841:Middlewares/Third_Party/FreeRTOS/Source/queue.c ****                 traceBLOCKING_ON_QUEUE_PEEK( pxQueue );
1842:Middlewares/Third_Party/FreeRTOS/Source/queue.c ****                 vTaskPlaceOnEventList( &( pxQueue->xTasksWaitingToReceive ), xTicksToWait );
1843:Middlewares/Third_Party/FreeRTOS/Source/queue.c ****                 prvUnlockQueue( pxQueue );
1844:Middlewares/Third_Party/FreeRTOS/Source/queue.c **** 
1845:Middlewares/Third_Party/FreeRTOS/Source/queue.c ****                 if( xTaskResumeAll() == pdFALSE )
1846:Middlewares/Third_Party/FreeRTOS/Source/queue.c ****                 {
1847:Middlewares/Third_Party/FreeRTOS/Source/queue.c ****                     portYIELD_WITHIN_API();
1848:Middlewares/Third_Party/FreeRTOS/Source/queue.c ****                 }
1849:Middlewares/Third_Party/FreeRTOS/Source/queue.c ****                 else
1850:Middlewares/Third_Party/FreeRTOS/Source/queue.c ****                 {
1851:Middlewares/Third_Party/FreeRTOS/Source/queue.c ****                     mtCOVERAGE_TEST_MARKER();
1852:Middlewares/Third_Party/FreeRTOS/Source/queue.c ****                 }
1853:Middlewares/Third_Party/FreeRTOS/Source/queue.c ****             }
1854:Middlewares/Third_Party/FreeRTOS/Source/queue.c ****             else
1855:Middlewares/Third_Party/FreeRTOS/Source/queue.c ****             {
1856:Middlewares/Third_Party/FreeRTOS/Source/queue.c ****                 /* There is data in the queue now, so don't enter the blocked
ARM GAS  /tmp/ccMJcgml.s 			page 34


1857:Middlewares/Third_Party/FreeRTOS/Source/queue.c ****                  * state, instead return to try and obtain the data. */
1858:Middlewares/Third_Party/FreeRTOS/Source/queue.c ****                 prvUnlockQueue( pxQueue );
1859:Middlewares/Third_Party/FreeRTOS/Source/queue.c ****                 ( void ) xTaskResumeAll();
1860:Middlewares/Third_Party/FreeRTOS/Source/queue.c ****             }
1861:Middlewares/Third_Party/FreeRTOS/Source/queue.c ****         }
1862:Middlewares/Third_Party/FreeRTOS/Source/queue.c ****         else
1863:Middlewares/Third_Party/FreeRTOS/Source/queue.c ****         {
1864:Middlewares/Third_Party/FreeRTOS/Source/queue.c ****             /* The timeout has expired.  If there is still no data in the queue
1865:Middlewares/Third_Party/FreeRTOS/Source/queue.c ****              * exit, otherwise go back and try to read the data again. */
1866:Middlewares/Third_Party/FreeRTOS/Source/queue.c ****             prvUnlockQueue( pxQueue );
1867:Middlewares/Third_Party/FreeRTOS/Source/queue.c ****             ( void ) xTaskResumeAll();
1868:Middlewares/Third_Party/FreeRTOS/Source/queue.c **** 
1869:Middlewares/Third_Party/FreeRTOS/Source/queue.c ****             if( prvIsQueueEmpty( pxQueue ) != pdFALSE )
1870:Middlewares/Third_Party/FreeRTOS/Source/queue.c ****             {
1871:Middlewares/Third_Party/FreeRTOS/Source/queue.c ****                 traceQUEUE_PEEK_FAILED( pxQueue );
1872:Middlewares/Third_Party/FreeRTOS/Source/queue.c ****                 return errQUEUE_EMPTY;
1873:Middlewares/Third_Party/FreeRTOS/Source/queue.c ****             }
1874:Middlewares/Third_Party/FreeRTOS/Source/queue.c ****             else
1875:Middlewares/Third_Party/FreeRTOS/Source/queue.c ****             {
1876:Middlewares/Third_Party/FreeRTOS/Source/queue.c ****                 mtCOVERAGE_TEST_MARKER();
1877:Middlewares/Third_Party/FreeRTOS/Source/queue.c ****             }
1878:Middlewares/Third_Party/FreeRTOS/Source/queue.c ****         }
1879:Middlewares/Third_Party/FreeRTOS/Source/queue.c ****     } /*lint -restore */
1880:Middlewares/Third_Party/FreeRTOS/Source/queue.c **** }
1881:Middlewares/Third_Party/FreeRTOS/Source/queue.c **** /*-----------------------------------------------------------*/
1882:Middlewares/Third_Party/FreeRTOS/Source/queue.c **** 
1883:Middlewares/Third_Party/FreeRTOS/Source/queue.c **** BaseType_t xQueueReceiveFromISR( QueueHandle_t xQueue,
1884:Middlewares/Third_Party/FreeRTOS/Source/queue.c ****                                  void * const pvBuffer,
1885:Middlewares/Third_Party/FreeRTOS/Source/queue.c ****                                  BaseType_t * const pxHigherPriorityTaskWoken )
1886:Middlewares/Third_Party/FreeRTOS/Source/queue.c **** {
1887:Middlewares/Third_Party/FreeRTOS/Source/queue.c ****     BaseType_t xReturn;
1888:Middlewares/Third_Party/FreeRTOS/Source/queue.c ****     UBaseType_t uxSavedInterruptStatus;
1889:Middlewares/Third_Party/FreeRTOS/Source/queue.c ****     Queue_t * const pxQueue = xQueue;
1890:Middlewares/Third_Party/FreeRTOS/Source/queue.c **** 
1891:Middlewares/Third_Party/FreeRTOS/Source/queue.c ****     configASSERT( pxQueue );
1892:Middlewares/Third_Party/FreeRTOS/Source/queue.c ****     configASSERT( !( ( pvBuffer == NULL ) && ( pxQueue->uxItemSize != ( UBaseType_t ) 0U ) ) );
1893:Middlewares/Third_Party/FreeRTOS/Source/queue.c **** 
1894:Middlewares/Third_Party/FreeRTOS/Source/queue.c ****     /* RTOS ports that support interrupt nesting have the concept of a maximum
1895:Middlewares/Third_Party/FreeRTOS/Source/queue.c ****      * system call (or maximum API call) interrupt priority.  Interrupts that are
1896:Middlewares/Third_Party/FreeRTOS/Source/queue.c ****      * above the maximum system call priority are kept permanently enabled, even
1897:Middlewares/Third_Party/FreeRTOS/Source/queue.c ****      * when the RTOS kernel is in a critical section, but cannot make any calls to
1898:Middlewares/Third_Party/FreeRTOS/Source/queue.c ****      * FreeRTOS API functions.  If configASSERT() is defined in FreeRTOSConfig.h
1899:Middlewares/Third_Party/FreeRTOS/Source/queue.c ****      * then portASSERT_IF_INTERRUPT_PRIORITY_INVALID() will result in an assertion
1900:Middlewares/Third_Party/FreeRTOS/Source/queue.c ****      * failure if a FreeRTOS API function is called from an interrupt that has been
1901:Middlewares/Third_Party/FreeRTOS/Source/queue.c ****      * assigned a priority above the configured maximum system call priority.
1902:Middlewares/Third_Party/FreeRTOS/Source/queue.c ****      * Only FreeRTOS functions that end in FromISR can be called from interrupts
1903:Middlewares/Third_Party/FreeRTOS/Source/queue.c ****      * that have been assigned a priority at or (logically) below the maximum
1904:Middlewares/Third_Party/FreeRTOS/Source/queue.c ****      * system call interrupt priority.  FreeRTOS maintains a separate interrupt
1905:Middlewares/Third_Party/FreeRTOS/Source/queue.c ****      * safe API to ensure interrupt entry is as fast and as simple as possible.
1906:Middlewares/Third_Party/FreeRTOS/Source/queue.c ****      * More information (albeit Cortex-M specific) is provided on the following
1907:Middlewares/Third_Party/FreeRTOS/Source/queue.c ****      * link: https://www.FreeRTOS.org/RTOS-Cortex-M3-M4.html */
1908:Middlewares/Third_Party/FreeRTOS/Source/queue.c ****     portASSERT_IF_INTERRUPT_PRIORITY_INVALID();
1909:Middlewares/Third_Party/FreeRTOS/Source/queue.c **** 
1910:Middlewares/Third_Party/FreeRTOS/Source/queue.c ****     uxSavedInterruptStatus = portSET_INTERRUPT_MASK_FROM_ISR();
1911:Middlewares/Third_Party/FreeRTOS/Source/queue.c ****     {
1912:Middlewares/Third_Party/FreeRTOS/Source/queue.c ****         const UBaseType_t uxMessagesWaiting = pxQueue->uxMessagesWaiting;
1913:Middlewares/Third_Party/FreeRTOS/Source/queue.c **** 
ARM GAS  /tmp/ccMJcgml.s 			page 35


1914:Middlewares/Third_Party/FreeRTOS/Source/queue.c ****         /* Cannot block in an ISR, so check there is data available. */
1915:Middlewares/Third_Party/FreeRTOS/Source/queue.c ****         if( uxMessagesWaiting > ( UBaseType_t ) 0 )
1916:Middlewares/Third_Party/FreeRTOS/Source/queue.c ****         {
1917:Middlewares/Third_Party/FreeRTOS/Source/queue.c ****             const int8_t cRxLock = pxQueue->cRxLock;
1918:Middlewares/Third_Party/FreeRTOS/Source/queue.c **** 
1919:Middlewares/Third_Party/FreeRTOS/Source/queue.c ****             traceQUEUE_RECEIVE_FROM_ISR( pxQueue );
1920:Middlewares/Third_Party/FreeRTOS/Source/queue.c **** 
1921:Middlewares/Third_Party/FreeRTOS/Source/queue.c ****             prvCopyDataFromQueue( pxQueue, pvBuffer );
1922:Middlewares/Third_Party/FreeRTOS/Source/queue.c ****             pxQueue->uxMessagesWaiting = uxMessagesWaiting - ( UBaseType_t ) 1;
1923:Middlewares/Third_Party/FreeRTOS/Source/queue.c **** 
1924:Middlewares/Third_Party/FreeRTOS/Source/queue.c ****             /* If the queue is locked the event list will not be modified.
1925:Middlewares/Third_Party/FreeRTOS/Source/queue.c ****              * Instead update the lock count so the task that unlocks the queue
1926:Middlewares/Third_Party/FreeRTOS/Source/queue.c ****              * will know that an ISR has removed data while the queue was
1927:Middlewares/Third_Party/FreeRTOS/Source/queue.c ****              * locked. */
1928:Middlewares/Third_Party/FreeRTOS/Source/queue.c ****             if( cRxLock == queueUNLOCKED )
1929:Middlewares/Third_Party/FreeRTOS/Source/queue.c ****             {
1930:Middlewares/Third_Party/FreeRTOS/Source/queue.c ****                 if( listLIST_IS_EMPTY( &( pxQueue->xTasksWaitingToSend ) ) == pdFALSE )
1931:Middlewares/Third_Party/FreeRTOS/Source/queue.c ****                 {
1932:Middlewares/Third_Party/FreeRTOS/Source/queue.c ****                     if( xTaskRemoveFromEventList( &( pxQueue->xTasksWaitingToSend ) ) != pdFALSE )
1933:Middlewares/Third_Party/FreeRTOS/Source/queue.c ****                     {
1934:Middlewares/Third_Party/FreeRTOS/Source/queue.c ****                         /* The task waiting has a higher priority than us so
1935:Middlewares/Third_Party/FreeRTOS/Source/queue.c ****                          * force a context switch. */
1936:Middlewares/Third_Party/FreeRTOS/Source/queue.c ****                         if( pxHigherPriorityTaskWoken != NULL )
1937:Middlewares/Third_Party/FreeRTOS/Source/queue.c ****                         {
1938:Middlewares/Third_Party/FreeRTOS/Source/queue.c ****                             *pxHigherPriorityTaskWoken = pdTRUE;
1939:Middlewares/Third_Party/FreeRTOS/Source/queue.c ****                         }
1940:Middlewares/Third_Party/FreeRTOS/Source/queue.c ****                         else
1941:Middlewares/Third_Party/FreeRTOS/Source/queue.c ****                         {
1942:Middlewares/Third_Party/FreeRTOS/Source/queue.c ****                             mtCOVERAGE_TEST_MARKER();
1943:Middlewares/Third_Party/FreeRTOS/Source/queue.c ****                         }
1944:Middlewares/Third_Party/FreeRTOS/Source/queue.c ****                     }
1945:Middlewares/Third_Party/FreeRTOS/Source/queue.c ****                     else
1946:Middlewares/Third_Party/FreeRTOS/Source/queue.c ****                     {
1947:Middlewares/Third_Party/FreeRTOS/Source/queue.c ****                         mtCOVERAGE_TEST_MARKER();
1948:Middlewares/Third_Party/FreeRTOS/Source/queue.c ****                     }
1949:Middlewares/Third_Party/FreeRTOS/Source/queue.c ****                 }
1950:Middlewares/Third_Party/FreeRTOS/Source/queue.c ****                 else
1951:Middlewares/Third_Party/FreeRTOS/Source/queue.c ****                 {
1952:Middlewares/Third_Party/FreeRTOS/Source/queue.c ****                     mtCOVERAGE_TEST_MARKER();
1953:Middlewares/Third_Party/FreeRTOS/Source/queue.c ****                 }
1954:Middlewares/Third_Party/FreeRTOS/Source/queue.c ****             }
1955:Middlewares/Third_Party/FreeRTOS/Source/queue.c ****             else
1956:Middlewares/Third_Party/FreeRTOS/Source/queue.c ****             {
1957:Middlewares/Third_Party/FreeRTOS/Source/queue.c ****                 /* Increment the lock count so the task that unlocks the queue
1958:Middlewares/Third_Party/FreeRTOS/Source/queue.c ****                  * knows that data was removed while it was locked. */
1959:Middlewares/Third_Party/FreeRTOS/Source/queue.c ****                 prvIncrementQueueRxLock( pxQueue, cRxLock );
1960:Middlewares/Third_Party/FreeRTOS/Source/queue.c ****             }
1961:Middlewares/Third_Party/FreeRTOS/Source/queue.c **** 
1962:Middlewares/Third_Party/FreeRTOS/Source/queue.c ****             xReturn = pdPASS;
1963:Middlewares/Third_Party/FreeRTOS/Source/queue.c ****         }
1964:Middlewares/Third_Party/FreeRTOS/Source/queue.c ****         else
1965:Middlewares/Third_Party/FreeRTOS/Source/queue.c ****         {
1966:Middlewares/Third_Party/FreeRTOS/Source/queue.c ****             xReturn = pdFAIL;
1967:Middlewares/Third_Party/FreeRTOS/Source/queue.c ****             traceQUEUE_RECEIVE_FROM_ISR_FAILED( pxQueue );
1968:Middlewares/Third_Party/FreeRTOS/Source/queue.c ****         }
1969:Middlewares/Third_Party/FreeRTOS/Source/queue.c ****     }
1970:Middlewares/Third_Party/FreeRTOS/Source/queue.c ****     portCLEAR_INTERRUPT_MASK_FROM_ISR( uxSavedInterruptStatus );
ARM GAS  /tmp/ccMJcgml.s 			page 36


1971:Middlewares/Third_Party/FreeRTOS/Source/queue.c **** 
1972:Middlewares/Third_Party/FreeRTOS/Source/queue.c ****     return xReturn;
1973:Middlewares/Third_Party/FreeRTOS/Source/queue.c **** }
1974:Middlewares/Third_Party/FreeRTOS/Source/queue.c **** /*-----------------------------------------------------------*/
1975:Middlewares/Third_Party/FreeRTOS/Source/queue.c **** 
1976:Middlewares/Third_Party/FreeRTOS/Source/queue.c **** BaseType_t xQueuePeekFromISR( QueueHandle_t xQueue,
1977:Middlewares/Third_Party/FreeRTOS/Source/queue.c ****                               void * const pvBuffer )
1978:Middlewares/Third_Party/FreeRTOS/Source/queue.c **** {
1979:Middlewares/Third_Party/FreeRTOS/Source/queue.c ****     BaseType_t xReturn;
1980:Middlewares/Third_Party/FreeRTOS/Source/queue.c ****     UBaseType_t uxSavedInterruptStatus;
1981:Middlewares/Third_Party/FreeRTOS/Source/queue.c ****     int8_t * pcOriginalReadPosition;
1982:Middlewares/Third_Party/FreeRTOS/Source/queue.c ****     Queue_t * const pxQueue = xQueue;
1983:Middlewares/Third_Party/FreeRTOS/Source/queue.c **** 
1984:Middlewares/Third_Party/FreeRTOS/Source/queue.c ****     configASSERT( pxQueue );
1985:Middlewares/Third_Party/FreeRTOS/Source/queue.c ****     configASSERT( !( ( pvBuffer == NULL ) && ( pxQueue->uxItemSize != ( UBaseType_t ) 0U ) ) );
1986:Middlewares/Third_Party/FreeRTOS/Source/queue.c ****     configASSERT( pxQueue->uxItemSize != 0 ); /* Can't peek a semaphore. */
1987:Middlewares/Third_Party/FreeRTOS/Source/queue.c **** 
1988:Middlewares/Third_Party/FreeRTOS/Source/queue.c ****     /* RTOS ports that support interrupt nesting have the concept of a maximum
1989:Middlewares/Third_Party/FreeRTOS/Source/queue.c ****      * system call (or maximum API call) interrupt priority.  Interrupts that are
1990:Middlewares/Third_Party/FreeRTOS/Source/queue.c ****      * above the maximum system call priority are kept permanently enabled, even
1991:Middlewares/Third_Party/FreeRTOS/Source/queue.c ****      * when the RTOS kernel is in a critical section, but cannot make any calls to
1992:Middlewares/Third_Party/FreeRTOS/Source/queue.c ****      * FreeRTOS API functions.  If configASSERT() is defined in FreeRTOSConfig.h
1993:Middlewares/Third_Party/FreeRTOS/Source/queue.c ****      * then portASSERT_IF_INTERRUPT_PRIORITY_INVALID() will result in an assertion
1994:Middlewares/Third_Party/FreeRTOS/Source/queue.c ****      * failure if a FreeRTOS API function is called from an interrupt that has been
1995:Middlewares/Third_Party/FreeRTOS/Source/queue.c ****      * assigned a priority above the configured maximum system call priority.
1996:Middlewares/Third_Party/FreeRTOS/Source/queue.c ****      * Only FreeRTOS functions that end in FromISR can be called from interrupts
1997:Middlewares/Third_Party/FreeRTOS/Source/queue.c ****      * that have been assigned a priority at or (logically) below the maximum
1998:Middlewares/Third_Party/FreeRTOS/Source/queue.c ****      * system call interrupt priority.  FreeRTOS maintains a separate interrupt
1999:Middlewares/Third_Party/FreeRTOS/Source/queue.c ****      * safe API to ensure interrupt entry is as fast and as simple as possible.
2000:Middlewares/Third_Party/FreeRTOS/Source/queue.c ****      * More information (albeit Cortex-M specific) is provided on the following
2001:Middlewares/Third_Party/FreeRTOS/Source/queue.c ****      * link: https://www.FreeRTOS.org/RTOS-Cortex-M3-M4.html */
2002:Middlewares/Third_Party/FreeRTOS/Source/queue.c ****     portASSERT_IF_INTERRUPT_PRIORITY_INVALID();
2003:Middlewares/Third_Party/FreeRTOS/Source/queue.c **** 
2004:Middlewares/Third_Party/FreeRTOS/Source/queue.c ****     uxSavedInterruptStatus = portSET_INTERRUPT_MASK_FROM_ISR();
2005:Middlewares/Third_Party/FreeRTOS/Source/queue.c ****     {
2006:Middlewares/Third_Party/FreeRTOS/Source/queue.c ****         /* Cannot block in an ISR, so check there is data available. */
2007:Middlewares/Third_Party/FreeRTOS/Source/queue.c ****         if( pxQueue->uxMessagesWaiting > ( UBaseType_t ) 0 )
2008:Middlewares/Third_Party/FreeRTOS/Source/queue.c ****         {
2009:Middlewares/Third_Party/FreeRTOS/Source/queue.c ****             traceQUEUE_PEEK_FROM_ISR( pxQueue );
2010:Middlewares/Third_Party/FreeRTOS/Source/queue.c **** 
2011:Middlewares/Third_Party/FreeRTOS/Source/queue.c ****             /* Remember the read position so it can be reset as nothing is
2012:Middlewares/Third_Party/FreeRTOS/Source/queue.c ****              * actually being removed from the queue. */
2013:Middlewares/Third_Party/FreeRTOS/Source/queue.c ****             pcOriginalReadPosition = pxQueue->u.xQueue.pcReadFrom;
2014:Middlewares/Third_Party/FreeRTOS/Source/queue.c ****             prvCopyDataFromQueue( pxQueue, pvBuffer );
2015:Middlewares/Third_Party/FreeRTOS/Source/queue.c ****             pxQueue->u.xQueue.pcReadFrom = pcOriginalReadPosition;
2016:Middlewares/Third_Party/FreeRTOS/Source/queue.c **** 
2017:Middlewares/Third_Party/FreeRTOS/Source/queue.c ****             xReturn = pdPASS;
2018:Middlewares/Third_Party/FreeRTOS/Source/queue.c ****         }
2019:Middlewares/Third_Party/FreeRTOS/Source/queue.c ****         else
2020:Middlewares/Third_Party/FreeRTOS/Source/queue.c ****         {
2021:Middlewares/Third_Party/FreeRTOS/Source/queue.c ****             xReturn = pdFAIL;
2022:Middlewares/Third_Party/FreeRTOS/Source/queue.c ****             traceQUEUE_PEEK_FROM_ISR_FAILED( pxQueue );
2023:Middlewares/Third_Party/FreeRTOS/Source/queue.c ****         }
2024:Middlewares/Third_Party/FreeRTOS/Source/queue.c ****     }
2025:Middlewares/Third_Party/FreeRTOS/Source/queue.c ****     portCLEAR_INTERRUPT_MASK_FROM_ISR( uxSavedInterruptStatus );
2026:Middlewares/Third_Party/FreeRTOS/Source/queue.c **** 
2027:Middlewares/Third_Party/FreeRTOS/Source/queue.c ****     return xReturn;
ARM GAS  /tmp/ccMJcgml.s 			page 37


2028:Middlewares/Third_Party/FreeRTOS/Source/queue.c **** }
2029:Middlewares/Third_Party/FreeRTOS/Source/queue.c **** /*-----------------------------------------------------------*/
2030:Middlewares/Third_Party/FreeRTOS/Source/queue.c **** 
2031:Middlewares/Third_Party/FreeRTOS/Source/queue.c **** UBaseType_t uxQueueMessagesWaiting( const QueueHandle_t xQueue )
2032:Middlewares/Third_Party/FreeRTOS/Source/queue.c **** {
2033:Middlewares/Third_Party/FreeRTOS/Source/queue.c ****     UBaseType_t uxReturn;
2034:Middlewares/Third_Party/FreeRTOS/Source/queue.c **** 
2035:Middlewares/Third_Party/FreeRTOS/Source/queue.c ****     configASSERT( xQueue );
2036:Middlewares/Third_Party/FreeRTOS/Source/queue.c **** 
2037:Middlewares/Third_Party/FreeRTOS/Source/queue.c ****     taskENTER_CRITICAL();
2038:Middlewares/Third_Party/FreeRTOS/Source/queue.c ****     {
2039:Middlewares/Third_Party/FreeRTOS/Source/queue.c ****         uxReturn = ( ( Queue_t * ) xQueue )->uxMessagesWaiting;
2040:Middlewares/Third_Party/FreeRTOS/Source/queue.c ****     }
2041:Middlewares/Third_Party/FreeRTOS/Source/queue.c ****     taskEXIT_CRITICAL();
2042:Middlewares/Third_Party/FreeRTOS/Source/queue.c **** 
2043:Middlewares/Third_Party/FreeRTOS/Source/queue.c ****     return uxReturn;
2044:Middlewares/Third_Party/FreeRTOS/Source/queue.c **** } /*lint !e818 Pointer cannot be declared const as xQueue is a typedef not pointer. */
2045:Middlewares/Third_Party/FreeRTOS/Source/queue.c **** /*-----------------------------------------------------------*/
2046:Middlewares/Third_Party/FreeRTOS/Source/queue.c **** 
2047:Middlewares/Third_Party/FreeRTOS/Source/queue.c **** UBaseType_t uxQueueSpacesAvailable( const QueueHandle_t xQueue )
2048:Middlewares/Third_Party/FreeRTOS/Source/queue.c **** {
2049:Middlewares/Third_Party/FreeRTOS/Source/queue.c ****     UBaseType_t uxReturn;
2050:Middlewares/Third_Party/FreeRTOS/Source/queue.c ****     Queue_t * const pxQueue = xQueue;
2051:Middlewares/Third_Party/FreeRTOS/Source/queue.c **** 
2052:Middlewares/Third_Party/FreeRTOS/Source/queue.c ****     configASSERT( pxQueue );
2053:Middlewares/Third_Party/FreeRTOS/Source/queue.c **** 
2054:Middlewares/Third_Party/FreeRTOS/Source/queue.c ****     taskENTER_CRITICAL();
2055:Middlewares/Third_Party/FreeRTOS/Source/queue.c ****     {
2056:Middlewares/Third_Party/FreeRTOS/Source/queue.c ****         uxReturn = pxQueue->uxLength - pxQueue->uxMessagesWaiting;
2057:Middlewares/Third_Party/FreeRTOS/Source/queue.c ****     }
2058:Middlewares/Third_Party/FreeRTOS/Source/queue.c ****     taskEXIT_CRITICAL();
2059:Middlewares/Third_Party/FreeRTOS/Source/queue.c **** 
2060:Middlewares/Third_Party/FreeRTOS/Source/queue.c ****     return uxReturn;
2061:Middlewares/Third_Party/FreeRTOS/Source/queue.c **** } /*lint !e818 Pointer cannot be declared const as xQueue is a typedef not pointer. */
2062:Middlewares/Third_Party/FreeRTOS/Source/queue.c **** /*-----------------------------------------------------------*/
2063:Middlewares/Third_Party/FreeRTOS/Source/queue.c **** 
2064:Middlewares/Third_Party/FreeRTOS/Source/queue.c **** UBaseType_t uxQueueMessagesWaitingFromISR( const QueueHandle_t xQueue )
2065:Middlewares/Third_Party/FreeRTOS/Source/queue.c **** {
2066:Middlewares/Third_Party/FreeRTOS/Source/queue.c ****     UBaseType_t uxReturn;
2067:Middlewares/Third_Party/FreeRTOS/Source/queue.c ****     Queue_t * const pxQueue = xQueue;
2068:Middlewares/Third_Party/FreeRTOS/Source/queue.c **** 
2069:Middlewares/Third_Party/FreeRTOS/Source/queue.c ****     configASSERT( pxQueue );
2070:Middlewares/Third_Party/FreeRTOS/Source/queue.c ****     uxReturn = pxQueue->uxMessagesWaiting;
2071:Middlewares/Third_Party/FreeRTOS/Source/queue.c **** 
2072:Middlewares/Third_Party/FreeRTOS/Source/queue.c ****     return uxReturn;
2073:Middlewares/Third_Party/FreeRTOS/Source/queue.c **** } /*lint !e818 Pointer cannot be declared const as xQueue is a typedef not pointer. */
2074:Middlewares/Third_Party/FreeRTOS/Source/queue.c **** /*-----------------------------------------------------------*/
2075:Middlewares/Third_Party/FreeRTOS/Source/queue.c **** 
2076:Middlewares/Third_Party/FreeRTOS/Source/queue.c **** void vQueueDelete( QueueHandle_t xQueue )
2077:Middlewares/Third_Party/FreeRTOS/Source/queue.c **** {
2078:Middlewares/Third_Party/FreeRTOS/Source/queue.c ****     Queue_t * const pxQueue = xQueue;
2079:Middlewares/Third_Party/FreeRTOS/Source/queue.c **** 
2080:Middlewares/Third_Party/FreeRTOS/Source/queue.c ****     configASSERT( pxQueue );
2081:Middlewares/Third_Party/FreeRTOS/Source/queue.c ****     traceQUEUE_DELETE( pxQueue );
2082:Middlewares/Third_Party/FreeRTOS/Source/queue.c **** 
2083:Middlewares/Third_Party/FreeRTOS/Source/queue.c ****     #if ( configQUEUE_REGISTRY_SIZE > 0 )
2084:Middlewares/Third_Party/FreeRTOS/Source/queue.c ****     {
ARM GAS  /tmp/ccMJcgml.s 			page 38


2085:Middlewares/Third_Party/FreeRTOS/Source/queue.c ****         vQueueUnregisterQueue( pxQueue );
2086:Middlewares/Third_Party/FreeRTOS/Source/queue.c ****     }
2087:Middlewares/Third_Party/FreeRTOS/Source/queue.c ****     #endif
2088:Middlewares/Third_Party/FreeRTOS/Source/queue.c **** 
2089:Middlewares/Third_Party/FreeRTOS/Source/queue.c ****     #if ( ( configSUPPORT_DYNAMIC_ALLOCATION == 1 ) && ( configSUPPORT_STATIC_ALLOCATION == 0 ) )
2090:Middlewares/Third_Party/FreeRTOS/Source/queue.c ****     {
2091:Middlewares/Third_Party/FreeRTOS/Source/queue.c ****         /* The queue can only have been allocated dynamically - free it
2092:Middlewares/Third_Party/FreeRTOS/Source/queue.c ****          * again. */
2093:Middlewares/Third_Party/FreeRTOS/Source/queue.c ****         vPortFree( pxQueue );
2094:Middlewares/Third_Party/FreeRTOS/Source/queue.c ****     }
2095:Middlewares/Third_Party/FreeRTOS/Source/queue.c ****     #elif ( ( configSUPPORT_DYNAMIC_ALLOCATION == 1 ) && ( configSUPPORT_STATIC_ALLOCATION == 1 ) )
2096:Middlewares/Third_Party/FreeRTOS/Source/queue.c ****     {
2097:Middlewares/Third_Party/FreeRTOS/Source/queue.c ****         /* The queue could have been allocated statically or dynamically, so
2098:Middlewares/Third_Party/FreeRTOS/Source/queue.c ****          * check before attempting to free the memory. */
2099:Middlewares/Third_Party/FreeRTOS/Source/queue.c ****         if( pxQueue->ucStaticallyAllocated == ( uint8_t ) pdFALSE )
2100:Middlewares/Third_Party/FreeRTOS/Source/queue.c ****         {
2101:Middlewares/Third_Party/FreeRTOS/Source/queue.c ****             vPortFree( pxQueue );
2102:Middlewares/Third_Party/FreeRTOS/Source/queue.c ****         }
2103:Middlewares/Third_Party/FreeRTOS/Source/queue.c ****         else
2104:Middlewares/Third_Party/FreeRTOS/Source/queue.c ****         {
2105:Middlewares/Third_Party/FreeRTOS/Source/queue.c ****             mtCOVERAGE_TEST_MARKER();
2106:Middlewares/Third_Party/FreeRTOS/Source/queue.c ****         }
2107:Middlewares/Third_Party/FreeRTOS/Source/queue.c ****     }
2108:Middlewares/Third_Party/FreeRTOS/Source/queue.c ****     #else /* if ( ( configSUPPORT_DYNAMIC_ALLOCATION == 1 ) && ( configSUPPORT_STATIC_ALLOCATION ==
2109:Middlewares/Third_Party/FreeRTOS/Source/queue.c ****     {
2110:Middlewares/Third_Party/FreeRTOS/Source/queue.c ****         /* The queue must have been statically allocated, so is not going to be
2111:Middlewares/Third_Party/FreeRTOS/Source/queue.c ****          * deleted.  Avoid compiler warnings about the unused parameter. */
2112:Middlewares/Third_Party/FreeRTOS/Source/queue.c ****         ( void ) pxQueue;
2113:Middlewares/Third_Party/FreeRTOS/Source/queue.c ****     }
2114:Middlewares/Third_Party/FreeRTOS/Source/queue.c ****     #endif /* configSUPPORT_DYNAMIC_ALLOCATION */
2115:Middlewares/Third_Party/FreeRTOS/Source/queue.c **** }
2116:Middlewares/Third_Party/FreeRTOS/Source/queue.c **** /*-----------------------------------------------------------*/
2117:Middlewares/Third_Party/FreeRTOS/Source/queue.c **** 
2118:Middlewares/Third_Party/FreeRTOS/Source/queue.c **** #if ( configUSE_TRACE_FACILITY == 1 )
2119:Middlewares/Third_Party/FreeRTOS/Source/queue.c **** 
2120:Middlewares/Third_Party/FreeRTOS/Source/queue.c ****     UBaseType_t uxQueueGetQueueNumber( QueueHandle_t xQueue )
2121:Middlewares/Third_Party/FreeRTOS/Source/queue.c ****     {
2122:Middlewares/Third_Party/FreeRTOS/Source/queue.c ****         return ( ( Queue_t * ) xQueue )->uxQueueNumber;
2123:Middlewares/Third_Party/FreeRTOS/Source/queue.c ****     }
2124:Middlewares/Third_Party/FreeRTOS/Source/queue.c **** 
2125:Middlewares/Third_Party/FreeRTOS/Source/queue.c **** #endif /* configUSE_TRACE_FACILITY */
2126:Middlewares/Third_Party/FreeRTOS/Source/queue.c **** /*-----------------------------------------------------------*/
2127:Middlewares/Third_Party/FreeRTOS/Source/queue.c **** 
2128:Middlewares/Third_Party/FreeRTOS/Source/queue.c **** #if ( configUSE_TRACE_FACILITY == 1 )
2129:Middlewares/Third_Party/FreeRTOS/Source/queue.c **** 
2130:Middlewares/Third_Party/FreeRTOS/Source/queue.c ****     void vQueueSetQueueNumber( QueueHandle_t xQueue,
2131:Middlewares/Third_Party/FreeRTOS/Source/queue.c ****                                UBaseType_t uxQueueNumber )
2132:Middlewares/Third_Party/FreeRTOS/Source/queue.c ****     {
2133:Middlewares/Third_Party/FreeRTOS/Source/queue.c ****         ( ( Queue_t * ) xQueue )->uxQueueNumber = uxQueueNumber;
2134:Middlewares/Third_Party/FreeRTOS/Source/queue.c ****     }
2135:Middlewares/Third_Party/FreeRTOS/Source/queue.c **** 
2136:Middlewares/Third_Party/FreeRTOS/Source/queue.c **** #endif /* configUSE_TRACE_FACILITY */
2137:Middlewares/Third_Party/FreeRTOS/Source/queue.c **** /*-----------------------------------------------------------*/
2138:Middlewares/Third_Party/FreeRTOS/Source/queue.c **** 
2139:Middlewares/Third_Party/FreeRTOS/Source/queue.c **** #if ( configUSE_TRACE_FACILITY == 1 )
2140:Middlewares/Third_Party/FreeRTOS/Source/queue.c **** 
2141:Middlewares/Third_Party/FreeRTOS/Source/queue.c ****     uint8_t ucQueueGetQueueType( QueueHandle_t xQueue )
ARM GAS  /tmp/ccMJcgml.s 			page 39


2142:Middlewares/Third_Party/FreeRTOS/Source/queue.c ****     {
2143:Middlewares/Third_Party/FreeRTOS/Source/queue.c ****         return ( ( Queue_t * ) xQueue )->ucQueueType;
2144:Middlewares/Third_Party/FreeRTOS/Source/queue.c ****     }
2145:Middlewares/Third_Party/FreeRTOS/Source/queue.c **** 
2146:Middlewares/Third_Party/FreeRTOS/Source/queue.c **** #endif /* configUSE_TRACE_FACILITY */
2147:Middlewares/Third_Party/FreeRTOS/Source/queue.c **** /*-----------------------------------------------------------*/
2148:Middlewares/Third_Party/FreeRTOS/Source/queue.c **** 
2149:Middlewares/Third_Party/FreeRTOS/Source/queue.c **** #if ( configUSE_MUTEXES == 1 )
2150:Middlewares/Third_Party/FreeRTOS/Source/queue.c **** 
2151:Middlewares/Third_Party/FreeRTOS/Source/queue.c ****     static UBaseType_t prvGetDisinheritPriorityAfterTimeout( const Queue_t * const pxQueue )
2152:Middlewares/Third_Party/FreeRTOS/Source/queue.c ****     {
2153:Middlewares/Third_Party/FreeRTOS/Source/queue.c ****         UBaseType_t uxHighestPriorityOfWaitingTasks;
2154:Middlewares/Third_Party/FreeRTOS/Source/queue.c **** 
2155:Middlewares/Third_Party/FreeRTOS/Source/queue.c ****         /* If a task waiting for a mutex causes the mutex holder to inherit a
2156:Middlewares/Third_Party/FreeRTOS/Source/queue.c ****          * priority, but the waiting task times out, then the holder should
2157:Middlewares/Third_Party/FreeRTOS/Source/queue.c ****          * disinherit the priority - but only down to the highest priority of any
2158:Middlewares/Third_Party/FreeRTOS/Source/queue.c ****          * other tasks that are waiting for the same mutex.  For this purpose,
2159:Middlewares/Third_Party/FreeRTOS/Source/queue.c ****          * return the priority of the highest priority task that is waiting for the
2160:Middlewares/Third_Party/FreeRTOS/Source/queue.c ****          * mutex. */
2161:Middlewares/Third_Party/FreeRTOS/Source/queue.c ****         if( listCURRENT_LIST_LENGTH( &( pxQueue->xTasksWaitingToReceive ) ) > 0U )
2162:Middlewares/Third_Party/FreeRTOS/Source/queue.c ****         {
2163:Middlewares/Third_Party/FreeRTOS/Source/queue.c ****             uxHighestPriorityOfWaitingTasks = ( UBaseType_t ) configMAX_PRIORITIES - ( UBaseType_t 
2164:Middlewares/Third_Party/FreeRTOS/Source/queue.c ****         }
2165:Middlewares/Third_Party/FreeRTOS/Source/queue.c ****         else
2166:Middlewares/Third_Party/FreeRTOS/Source/queue.c ****         {
2167:Middlewares/Third_Party/FreeRTOS/Source/queue.c ****             uxHighestPriorityOfWaitingTasks = tskIDLE_PRIORITY;
2168:Middlewares/Third_Party/FreeRTOS/Source/queue.c ****         }
2169:Middlewares/Third_Party/FreeRTOS/Source/queue.c **** 
2170:Middlewares/Third_Party/FreeRTOS/Source/queue.c ****         return uxHighestPriorityOfWaitingTasks;
2171:Middlewares/Third_Party/FreeRTOS/Source/queue.c ****     }
2172:Middlewares/Third_Party/FreeRTOS/Source/queue.c **** 
2173:Middlewares/Third_Party/FreeRTOS/Source/queue.c **** #endif /* configUSE_MUTEXES */
2174:Middlewares/Third_Party/FreeRTOS/Source/queue.c **** /*-----------------------------------------------------------*/
2175:Middlewares/Third_Party/FreeRTOS/Source/queue.c **** 
2176:Middlewares/Third_Party/FreeRTOS/Source/queue.c **** static BaseType_t prvCopyDataToQueue( Queue_t * const pxQueue,
2177:Middlewares/Third_Party/FreeRTOS/Source/queue.c ****                                       const void * pvItemToQueue,
2178:Middlewares/Third_Party/FreeRTOS/Source/queue.c ****                                       const BaseType_t xPosition )
2179:Middlewares/Third_Party/FreeRTOS/Source/queue.c **** {
2180:Middlewares/Third_Party/FreeRTOS/Source/queue.c ****     BaseType_t xReturn = pdFALSE;
2181:Middlewares/Third_Party/FreeRTOS/Source/queue.c ****     UBaseType_t uxMessagesWaiting;
2182:Middlewares/Third_Party/FreeRTOS/Source/queue.c **** 
2183:Middlewares/Third_Party/FreeRTOS/Source/queue.c ****     /* This function is called from a critical section. */
2184:Middlewares/Third_Party/FreeRTOS/Source/queue.c **** 
2185:Middlewares/Third_Party/FreeRTOS/Source/queue.c ****     uxMessagesWaiting = pxQueue->uxMessagesWaiting;
2186:Middlewares/Third_Party/FreeRTOS/Source/queue.c **** 
2187:Middlewares/Third_Party/FreeRTOS/Source/queue.c ****     if( pxQueue->uxItemSize == ( UBaseType_t ) 0 )
2188:Middlewares/Third_Party/FreeRTOS/Source/queue.c ****     {
2189:Middlewares/Third_Party/FreeRTOS/Source/queue.c ****         #if ( configUSE_MUTEXES == 1 )
2190:Middlewares/Third_Party/FreeRTOS/Source/queue.c ****         {
2191:Middlewares/Third_Party/FreeRTOS/Source/queue.c ****             if( pxQueue->uxQueueType == queueQUEUE_IS_MUTEX )
2192:Middlewares/Third_Party/FreeRTOS/Source/queue.c ****             {
2193:Middlewares/Third_Party/FreeRTOS/Source/queue.c ****                 /* The mutex is no longer being held. */
2194:Middlewares/Third_Party/FreeRTOS/Source/queue.c ****                 xReturn = xTaskPriorityDisinherit( pxQueue->u.xSemaphore.xMutexHolder );
2195:Middlewares/Third_Party/FreeRTOS/Source/queue.c ****                 pxQueue->u.xSemaphore.xMutexHolder = NULL;
2196:Middlewares/Third_Party/FreeRTOS/Source/queue.c ****             }
2197:Middlewares/Third_Party/FreeRTOS/Source/queue.c ****             else
2198:Middlewares/Third_Party/FreeRTOS/Source/queue.c ****             {
ARM GAS  /tmp/ccMJcgml.s 			page 40


2199:Middlewares/Third_Party/FreeRTOS/Source/queue.c ****                 mtCOVERAGE_TEST_MARKER();
2200:Middlewares/Third_Party/FreeRTOS/Source/queue.c ****             }
2201:Middlewares/Third_Party/FreeRTOS/Source/queue.c ****         }
2202:Middlewares/Third_Party/FreeRTOS/Source/queue.c ****         #endif /* configUSE_MUTEXES */
2203:Middlewares/Third_Party/FreeRTOS/Source/queue.c ****     }
2204:Middlewares/Third_Party/FreeRTOS/Source/queue.c ****     else if( xPosition == queueSEND_TO_BACK )
2205:Middlewares/Third_Party/FreeRTOS/Source/queue.c ****     {
2206:Middlewares/Third_Party/FreeRTOS/Source/queue.c ****         ( void ) memcpy( ( void * ) pxQueue->pcWriteTo, pvItemToQueue, ( size_t ) pxQueue->uxItemSi
2207:Middlewares/Third_Party/FreeRTOS/Source/queue.c ****         pxQueue->pcWriteTo += pxQueue->uxItemSize;                                                 
2208:Middlewares/Third_Party/FreeRTOS/Source/queue.c **** 
2209:Middlewares/Third_Party/FreeRTOS/Source/queue.c ****         if( pxQueue->pcWriteTo >= pxQueue->u.xQueue.pcTail )                                       
2210:Middlewares/Third_Party/FreeRTOS/Source/queue.c ****         {
2211:Middlewares/Third_Party/FreeRTOS/Source/queue.c ****             pxQueue->pcWriteTo = pxQueue->pcHead;
2212:Middlewares/Third_Party/FreeRTOS/Source/queue.c ****         }
2213:Middlewares/Third_Party/FreeRTOS/Source/queue.c ****         else
2214:Middlewares/Third_Party/FreeRTOS/Source/queue.c ****         {
2215:Middlewares/Third_Party/FreeRTOS/Source/queue.c ****             mtCOVERAGE_TEST_MARKER();
2216:Middlewares/Third_Party/FreeRTOS/Source/queue.c ****         }
2217:Middlewares/Third_Party/FreeRTOS/Source/queue.c ****     }
2218:Middlewares/Third_Party/FreeRTOS/Source/queue.c ****     else
2219:Middlewares/Third_Party/FreeRTOS/Source/queue.c ****     {
2220:Middlewares/Third_Party/FreeRTOS/Source/queue.c ****         ( void ) memcpy( ( void * ) pxQueue->u.xQueue.pcReadFrom, pvItemToQueue, ( size_t ) pxQueue
2221:Middlewares/Third_Party/FreeRTOS/Source/queue.c ****         pxQueue->u.xQueue.pcReadFrom -= pxQueue->uxItemSize;
2222:Middlewares/Third_Party/FreeRTOS/Source/queue.c **** 
2223:Middlewares/Third_Party/FreeRTOS/Source/queue.c ****         if( pxQueue->u.xQueue.pcReadFrom < pxQueue->pcHead ) /*lint !e946 MISRA exception justified
2224:Middlewares/Third_Party/FreeRTOS/Source/queue.c ****         {
2225:Middlewares/Third_Party/FreeRTOS/Source/queue.c ****             pxQueue->u.xQueue.pcReadFrom = ( pxQueue->u.xQueue.pcTail - pxQueue->uxItemSize );
2226:Middlewares/Third_Party/FreeRTOS/Source/queue.c ****         }
2227:Middlewares/Third_Party/FreeRTOS/Source/queue.c ****         else
2228:Middlewares/Third_Party/FreeRTOS/Source/queue.c ****         {
2229:Middlewares/Third_Party/FreeRTOS/Source/queue.c ****             mtCOVERAGE_TEST_MARKER();
2230:Middlewares/Third_Party/FreeRTOS/Source/queue.c ****         }
2231:Middlewares/Third_Party/FreeRTOS/Source/queue.c **** 
2232:Middlewares/Third_Party/FreeRTOS/Source/queue.c ****         if( xPosition == queueOVERWRITE )
2233:Middlewares/Third_Party/FreeRTOS/Source/queue.c ****         {
2234:Middlewares/Third_Party/FreeRTOS/Source/queue.c ****             if( uxMessagesWaiting > ( UBaseType_t ) 0 )
2235:Middlewares/Third_Party/FreeRTOS/Source/queue.c ****             {
2236:Middlewares/Third_Party/FreeRTOS/Source/queue.c ****                 /* An item is not being added but overwritten, so subtract
2237:Middlewares/Third_Party/FreeRTOS/Source/queue.c ****                  * one from the recorded number of items in the queue so when
2238:Middlewares/Third_Party/FreeRTOS/Source/queue.c ****                  * one is added again below the number of recorded items remains
2239:Middlewares/Third_Party/FreeRTOS/Source/queue.c ****                  * correct. */
2240:Middlewares/Third_Party/FreeRTOS/Source/queue.c ****                 --uxMessagesWaiting;
2241:Middlewares/Third_Party/FreeRTOS/Source/queue.c ****             }
2242:Middlewares/Third_Party/FreeRTOS/Source/queue.c ****             else
2243:Middlewares/Third_Party/FreeRTOS/Source/queue.c ****             {
2244:Middlewares/Third_Party/FreeRTOS/Source/queue.c ****                 mtCOVERAGE_TEST_MARKER();
2245:Middlewares/Third_Party/FreeRTOS/Source/queue.c ****             }
2246:Middlewares/Third_Party/FreeRTOS/Source/queue.c ****         }
2247:Middlewares/Third_Party/FreeRTOS/Source/queue.c ****         else
2248:Middlewares/Third_Party/FreeRTOS/Source/queue.c ****         {
2249:Middlewares/Third_Party/FreeRTOS/Source/queue.c ****             mtCOVERAGE_TEST_MARKER();
2250:Middlewares/Third_Party/FreeRTOS/Source/queue.c ****         }
2251:Middlewares/Third_Party/FreeRTOS/Source/queue.c ****     }
2252:Middlewares/Third_Party/FreeRTOS/Source/queue.c **** 
2253:Middlewares/Third_Party/FreeRTOS/Source/queue.c ****     pxQueue->uxMessagesWaiting = uxMessagesWaiting + ( UBaseType_t ) 1;
2254:Middlewares/Third_Party/FreeRTOS/Source/queue.c **** 
2255:Middlewares/Third_Party/FreeRTOS/Source/queue.c ****     return xReturn;
ARM GAS  /tmp/ccMJcgml.s 			page 41


2256:Middlewares/Third_Party/FreeRTOS/Source/queue.c **** }
2257:Middlewares/Third_Party/FreeRTOS/Source/queue.c **** /*-----------------------------------------------------------*/
2258:Middlewares/Third_Party/FreeRTOS/Source/queue.c **** 
2259:Middlewares/Third_Party/FreeRTOS/Source/queue.c **** static void prvCopyDataFromQueue( Queue_t * const pxQueue,
2260:Middlewares/Third_Party/FreeRTOS/Source/queue.c ****                                   void * const pvBuffer )
2261:Middlewares/Third_Party/FreeRTOS/Source/queue.c **** {
2262:Middlewares/Third_Party/FreeRTOS/Source/queue.c ****     if( pxQueue->uxItemSize != ( UBaseType_t ) 0 )
2263:Middlewares/Third_Party/FreeRTOS/Source/queue.c ****     {
2264:Middlewares/Third_Party/FreeRTOS/Source/queue.c ****         pxQueue->u.xQueue.pcReadFrom += pxQueue->uxItemSize;           /*lint !e9016 Pointer arithm
2265:Middlewares/Third_Party/FreeRTOS/Source/queue.c **** 
2266:Middlewares/Third_Party/FreeRTOS/Source/queue.c ****         if( pxQueue->u.xQueue.pcReadFrom >= pxQueue->u.xQueue.pcTail ) /*lint !e946 MISRA exception
2267:Middlewares/Third_Party/FreeRTOS/Source/queue.c ****         {
2268:Middlewares/Third_Party/FreeRTOS/Source/queue.c ****             pxQueue->u.xQueue.pcReadFrom = pxQueue->pcHead;
2269:Middlewares/Third_Party/FreeRTOS/Source/queue.c ****         }
2270:Middlewares/Third_Party/FreeRTOS/Source/queue.c ****         else
2271:Middlewares/Third_Party/FreeRTOS/Source/queue.c ****         {
2272:Middlewares/Third_Party/FreeRTOS/Source/queue.c ****             mtCOVERAGE_TEST_MARKER();
2273:Middlewares/Third_Party/FreeRTOS/Source/queue.c ****         }
2274:Middlewares/Third_Party/FreeRTOS/Source/queue.c **** 
2275:Middlewares/Third_Party/FreeRTOS/Source/queue.c ****         ( void ) memcpy( ( void * ) pvBuffer, ( void * ) pxQueue->u.xQueue.pcReadFrom, ( size_t ) p
2276:Middlewares/Third_Party/FreeRTOS/Source/queue.c ****     }
2277:Middlewares/Third_Party/FreeRTOS/Source/queue.c **** }
2278:Middlewares/Third_Party/FreeRTOS/Source/queue.c **** /*-----------------------------------------------------------*/
2279:Middlewares/Third_Party/FreeRTOS/Source/queue.c **** 
2280:Middlewares/Third_Party/FreeRTOS/Source/queue.c **** static void prvUnlockQueue( Queue_t * const pxQueue )
2281:Middlewares/Third_Party/FreeRTOS/Source/queue.c **** {
2282:Middlewares/Third_Party/FreeRTOS/Source/queue.c ****     /* THIS FUNCTION MUST BE CALLED WITH THE SCHEDULER SUSPENDED. */
2283:Middlewares/Third_Party/FreeRTOS/Source/queue.c **** 
2284:Middlewares/Third_Party/FreeRTOS/Source/queue.c ****     /* The lock counts contains the number of extra data items placed or
2285:Middlewares/Third_Party/FreeRTOS/Source/queue.c ****      * removed from the queue while the queue was locked.  When a queue is
2286:Middlewares/Third_Party/FreeRTOS/Source/queue.c ****      * locked items can be added or removed, but the event lists cannot be
2287:Middlewares/Third_Party/FreeRTOS/Source/queue.c ****      * updated. */
2288:Middlewares/Third_Party/FreeRTOS/Source/queue.c ****     taskENTER_CRITICAL();
2289:Middlewares/Third_Party/FreeRTOS/Source/queue.c ****     {
2290:Middlewares/Third_Party/FreeRTOS/Source/queue.c ****         int8_t cTxLock = pxQueue->cTxLock;
2291:Middlewares/Third_Party/FreeRTOS/Source/queue.c **** 
2292:Middlewares/Third_Party/FreeRTOS/Source/queue.c ****         /* See if data was added to the queue while it was locked. */
2293:Middlewares/Third_Party/FreeRTOS/Source/queue.c ****         while( cTxLock > queueLOCKED_UNMODIFIED )
2294:Middlewares/Third_Party/FreeRTOS/Source/queue.c ****         {
2295:Middlewares/Third_Party/FreeRTOS/Source/queue.c ****             /* Data was posted while the queue was locked.  Are any tasks
2296:Middlewares/Third_Party/FreeRTOS/Source/queue.c ****              * blocked waiting for data to become available? */
2297:Middlewares/Third_Party/FreeRTOS/Source/queue.c ****             #if ( configUSE_QUEUE_SETS == 1 )
2298:Middlewares/Third_Party/FreeRTOS/Source/queue.c ****             {
2299:Middlewares/Third_Party/FreeRTOS/Source/queue.c ****                 if( pxQueue->pxQueueSetContainer != NULL )
2300:Middlewares/Third_Party/FreeRTOS/Source/queue.c ****                 {
2301:Middlewares/Third_Party/FreeRTOS/Source/queue.c ****                     if( prvNotifyQueueSetContainer( pxQueue ) != pdFALSE )
2302:Middlewares/Third_Party/FreeRTOS/Source/queue.c ****                     {
2303:Middlewares/Third_Party/FreeRTOS/Source/queue.c ****                         /* The queue is a member of a queue set, and posting to
2304:Middlewares/Third_Party/FreeRTOS/Source/queue.c ****                          * the queue set caused a higher priority task to unblock.
2305:Middlewares/Third_Party/FreeRTOS/Source/queue.c ****                          * A context switch is required. */
2306:Middlewares/Third_Party/FreeRTOS/Source/queue.c ****                         vTaskMissedYield();
2307:Middlewares/Third_Party/FreeRTOS/Source/queue.c ****                     }
2308:Middlewares/Third_Party/FreeRTOS/Source/queue.c ****                     else
2309:Middlewares/Third_Party/FreeRTOS/Source/queue.c ****                     {
2310:Middlewares/Third_Party/FreeRTOS/Source/queue.c ****                         mtCOVERAGE_TEST_MARKER();
2311:Middlewares/Third_Party/FreeRTOS/Source/queue.c ****                     }
2312:Middlewares/Third_Party/FreeRTOS/Source/queue.c ****                 }
ARM GAS  /tmp/ccMJcgml.s 			page 42


2313:Middlewares/Third_Party/FreeRTOS/Source/queue.c ****                 else
2314:Middlewares/Third_Party/FreeRTOS/Source/queue.c ****                 {
2315:Middlewares/Third_Party/FreeRTOS/Source/queue.c ****                     /* Tasks that are removed from the event list will get
2316:Middlewares/Third_Party/FreeRTOS/Source/queue.c ****                      * added to the pending ready list as the scheduler is still
2317:Middlewares/Third_Party/FreeRTOS/Source/queue.c ****                      * suspended. */
2318:Middlewares/Third_Party/FreeRTOS/Source/queue.c ****                     if( listLIST_IS_EMPTY( &( pxQueue->xTasksWaitingToReceive ) ) == pdFALSE )
2319:Middlewares/Third_Party/FreeRTOS/Source/queue.c ****                     {
2320:Middlewares/Third_Party/FreeRTOS/Source/queue.c ****                         if( xTaskRemoveFromEventList( &( pxQueue->xTasksWaitingToReceive ) ) != pdF
2321:Middlewares/Third_Party/FreeRTOS/Source/queue.c ****                         {
2322:Middlewares/Third_Party/FreeRTOS/Source/queue.c ****                             /* The task waiting has a higher priority so record that a
2323:Middlewares/Third_Party/FreeRTOS/Source/queue.c ****                              * context switch is required. */
2324:Middlewares/Third_Party/FreeRTOS/Source/queue.c ****                             vTaskMissedYield();
2325:Middlewares/Third_Party/FreeRTOS/Source/queue.c ****                         }
2326:Middlewares/Third_Party/FreeRTOS/Source/queue.c ****                         else
2327:Middlewares/Third_Party/FreeRTOS/Source/queue.c ****                         {
2328:Middlewares/Third_Party/FreeRTOS/Source/queue.c ****                             mtCOVERAGE_TEST_MARKER();
2329:Middlewares/Third_Party/FreeRTOS/Source/queue.c ****                         }
2330:Middlewares/Third_Party/FreeRTOS/Source/queue.c ****                     }
2331:Middlewares/Third_Party/FreeRTOS/Source/queue.c ****                     else
2332:Middlewares/Third_Party/FreeRTOS/Source/queue.c ****                     {
2333:Middlewares/Third_Party/FreeRTOS/Source/queue.c ****                         break;
2334:Middlewares/Third_Party/FreeRTOS/Source/queue.c ****                     }
2335:Middlewares/Third_Party/FreeRTOS/Source/queue.c ****                 }
2336:Middlewares/Third_Party/FreeRTOS/Source/queue.c ****             }
2337:Middlewares/Third_Party/FreeRTOS/Source/queue.c ****             #else /* configUSE_QUEUE_SETS */
2338:Middlewares/Third_Party/FreeRTOS/Source/queue.c ****             {
2339:Middlewares/Third_Party/FreeRTOS/Source/queue.c ****                 /* Tasks that are removed from the event list will get added to
2340:Middlewares/Third_Party/FreeRTOS/Source/queue.c ****                  * the pending ready list as the scheduler is still suspended. */
2341:Middlewares/Third_Party/FreeRTOS/Source/queue.c ****                 if( listLIST_IS_EMPTY( &( pxQueue->xTasksWaitingToReceive ) ) == pdFALSE )
2342:Middlewares/Third_Party/FreeRTOS/Source/queue.c ****                 {
2343:Middlewares/Third_Party/FreeRTOS/Source/queue.c ****                     if( xTaskRemoveFromEventList( &( pxQueue->xTasksWaitingToReceive ) ) != pdFALSE
2344:Middlewares/Third_Party/FreeRTOS/Source/queue.c ****                     {
2345:Middlewares/Third_Party/FreeRTOS/Source/queue.c ****                         /* The task waiting has a higher priority so record that
2346:Middlewares/Third_Party/FreeRTOS/Source/queue.c ****                          * a context switch is required. */
2347:Middlewares/Third_Party/FreeRTOS/Source/queue.c ****                         vTaskMissedYield();
2348:Middlewares/Third_Party/FreeRTOS/Source/queue.c ****                     }
2349:Middlewares/Third_Party/FreeRTOS/Source/queue.c ****                     else
2350:Middlewares/Third_Party/FreeRTOS/Source/queue.c ****                     {
2351:Middlewares/Third_Party/FreeRTOS/Source/queue.c ****                         mtCOVERAGE_TEST_MARKER();
2352:Middlewares/Third_Party/FreeRTOS/Source/queue.c ****                     }
2353:Middlewares/Third_Party/FreeRTOS/Source/queue.c ****                 }
2354:Middlewares/Third_Party/FreeRTOS/Source/queue.c ****                 else
2355:Middlewares/Third_Party/FreeRTOS/Source/queue.c ****                 {
2356:Middlewares/Third_Party/FreeRTOS/Source/queue.c ****                     break;
2357:Middlewares/Third_Party/FreeRTOS/Source/queue.c ****                 }
2358:Middlewares/Third_Party/FreeRTOS/Source/queue.c ****             }
2359:Middlewares/Third_Party/FreeRTOS/Source/queue.c ****             #endif /* configUSE_QUEUE_SETS */
2360:Middlewares/Third_Party/FreeRTOS/Source/queue.c **** 
2361:Middlewares/Third_Party/FreeRTOS/Source/queue.c ****             --cTxLock;
2362:Middlewares/Third_Party/FreeRTOS/Source/queue.c ****         }
2363:Middlewares/Third_Party/FreeRTOS/Source/queue.c **** 
2364:Middlewares/Third_Party/FreeRTOS/Source/queue.c ****         pxQueue->cTxLock = queueUNLOCKED;
2365:Middlewares/Third_Party/FreeRTOS/Source/queue.c ****     }
2366:Middlewares/Third_Party/FreeRTOS/Source/queue.c ****     taskEXIT_CRITICAL();
2367:Middlewares/Third_Party/FreeRTOS/Source/queue.c **** 
2368:Middlewares/Third_Party/FreeRTOS/Source/queue.c ****     /* Do the same for the Rx lock. */
2369:Middlewares/Third_Party/FreeRTOS/Source/queue.c ****     taskENTER_CRITICAL();
ARM GAS  /tmp/ccMJcgml.s 			page 43


2370:Middlewares/Third_Party/FreeRTOS/Source/queue.c ****     {
2371:Middlewares/Third_Party/FreeRTOS/Source/queue.c ****         int8_t cRxLock = pxQueue->cRxLock;
2372:Middlewares/Third_Party/FreeRTOS/Source/queue.c **** 
2373:Middlewares/Third_Party/FreeRTOS/Source/queue.c ****         while( cRxLock > queueLOCKED_UNMODIFIED )
2374:Middlewares/Third_Party/FreeRTOS/Source/queue.c ****         {
2375:Middlewares/Third_Party/FreeRTOS/Source/queue.c ****             if( listLIST_IS_EMPTY( &( pxQueue->xTasksWaitingToSend ) ) == pdFALSE )
2376:Middlewares/Third_Party/FreeRTOS/Source/queue.c ****             {
2377:Middlewares/Third_Party/FreeRTOS/Source/queue.c ****                 if( xTaskRemoveFromEventList( &( pxQueue->xTasksWaitingToSend ) ) != pdFALSE )
2378:Middlewares/Third_Party/FreeRTOS/Source/queue.c ****                 {
2379:Middlewares/Third_Party/FreeRTOS/Source/queue.c ****                     vTaskMissedYield();
2380:Middlewares/Third_Party/FreeRTOS/Source/queue.c ****                 }
2381:Middlewares/Third_Party/FreeRTOS/Source/queue.c ****                 else
2382:Middlewares/Third_Party/FreeRTOS/Source/queue.c ****                 {
2383:Middlewares/Third_Party/FreeRTOS/Source/queue.c ****                     mtCOVERAGE_TEST_MARKER();
2384:Middlewares/Third_Party/FreeRTOS/Source/queue.c ****                 }
2385:Middlewares/Third_Party/FreeRTOS/Source/queue.c **** 
2386:Middlewares/Third_Party/FreeRTOS/Source/queue.c ****                 --cRxLock;
2387:Middlewares/Third_Party/FreeRTOS/Source/queue.c ****             }
2388:Middlewares/Third_Party/FreeRTOS/Source/queue.c ****             else
2389:Middlewares/Third_Party/FreeRTOS/Source/queue.c ****             {
2390:Middlewares/Third_Party/FreeRTOS/Source/queue.c ****                 break;
2391:Middlewares/Third_Party/FreeRTOS/Source/queue.c ****             }
2392:Middlewares/Third_Party/FreeRTOS/Source/queue.c ****         }
2393:Middlewares/Third_Party/FreeRTOS/Source/queue.c **** 
2394:Middlewares/Third_Party/FreeRTOS/Source/queue.c ****         pxQueue->cRxLock = queueUNLOCKED;
2395:Middlewares/Third_Party/FreeRTOS/Source/queue.c ****     }
2396:Middlewares/Third_Party/FreeRTOS/Source/queue.c ****     taskEXIT_CRITICAL();
2397:Middlewares/Third_Party/FreeRTOS/Source/queue.c **** }
2398:Middlewares/Third_Party/FreeRTOS/Source/queue.c **** /*-----------------------------------------------------------*/
2399:Middlewares/Third_Party/FreeRTOS/Source/queue.c **** 
2400:Middlewares/Third_Party/FreeRTOS/Source/queue.c **** static BaseType_t prvIsQueueEmpty( const Queue_t * pxQueue )
2401:Middlewares/Third_Party/FreeRTOS/Source/queue.c **** {
  27              		.loc 1 2401 1 view -0
  28              		.cfi_startproc
  29              		@ args = 0, pretend = 0, frame = 0
  30              		@ frame_needed = 0, uses_anonymous_args = 0
2402:Middlewares/Third_Party/FreeRTOS/Source/queue.c ****     BaseType_t xReturn;
  31              		.loc 1 2402 5 view .LVU1
2403:Middlewares/Third_Party/FreeRTOS/Source/queue.c **** 
2404:Middlewares/Third_Party/FreeRTOS/Source/queue.c ****     taskENTER_CRITICAL();
  32              		.loc 1 2404 5 view .LVU2
2401:Middlewares/Third_Party/FreeRTOS/Source/queue.c ****     BaseType_t xReturn;
  33              		.loc 1 2401 1 is_stmt 0 view .LVU3
  34 0000 10B5     		push	{r4, lr}
  35              		.cfi_def_cfa_offset 8
  36              		.cfi_offset 4, -8
  37              		.cfi_offset 14, -4
2401:Middlewares/Third_Party/FreeRTOS/Source/queue.c ****     BaseType_t xReturn;
  38              		.loc 1 2401 1 view .LVU4
  39 0002 0400     		movs	r4, r0
2405:Middlewares/Third_Party/FreeRTOS/Source/queue.c ****     {
2406:Middlewares/Third_Party/FreeRTOS/Source/queue.c ****         if( pxQueue->uxMessagesWaiting == ( UBaseType_t ) 0 )
2407:Middlewares/Third_Party/FreeRTOS/Source/queue.c ****         {
2408:Middlewares/Third_Party/FreeRTOS/Source/queue.c ****             xReturn = pdTRUE;
2409:Middlewares/Third_Party/FreeRTOS/Source/queue.c ****         }
2410:Middlewares/Third_Party/FreeRTOS/Source/queue.c ****         else
2411:Middlewares/Third_Party/FreeRTOS/Source/queue.c ****         {
ARM GAS  /tmp/ccMJcgml.s 			page 44


2412:Middlewares/Third_Party/FreeRTOS/Source/queue.c ****             xReturn = pdFALSE;
2413:Middlewares/Third_Party/FreeRTOS/Source/queue.c ****         }
2414:Middlewares/Third_Party/FreeRTOS/Source/queue.c ****     }
2415:Middlewares/Third_Party/FreeRTOS/Source/queue.c ****     taskEXIT_CRITICAL();
2416:Middlewares/Third_Party/FreeRTOS/Source/queue.c **** 
2417:Middlewares/Third_Party/FreeRTOS/Source/queue.c ****     return xReturn;
2418:Middlewares/Third_Party/FreeRTOS/Source/queue.c **** }
  40              		.loc 1 2418 1 view .LVU5
  41              		@ sp needed
2404:Middlewares/Third_Party/FreeRTOS/Source/queue.c ****     {
  42              		.loc 1 2404 5 view .LVU6
  43 0004 FFF7FEFF 		bl	vPortEnterCritical
  44              	.LVL1:
2406:Middlewares/Third_Party/FreeRTOS/Source/queue.c ****         {
  45              		.loc 1 2406 9 is_stmt 1 view .LVU7
2406:Middlewares/Third_Party/FreeRTOS/Source/queue.c ****         {
  46              		.loc 1 2406 20 is_stmt 0 view .LVU8
  47 0008 A46B     		ldr	r4, [r4, #56]
  48              	.LVL2:
2415:Middlewares/Third_Party/FreeRTOS/Source/queue.c **** 
  49              		.loc 1 2415 5 is_stmt 1 view .LVU9
  50 000a FFF7FEFF 		bl	vPortExitCritical
  51              	.LVL3:
2417:Middlewares/Third_Party/FreeRTOS/Source/queue.c **** }
  52              		.loc 1 2417 5 view .LVU10
2406:Middlewares/Third_Party/FreeRTOS/Source/queue.c ****         {
  53              		.loc 1 2406 11 is_stmt 0 view .LVU11
  54 000e 6042     		rsbs	r0, r4, #0
  55 0010 6041     		adcs	r0, r0, r4
  56              	.LVL4:
  57              		.loc 1 2418 1 view .LVU12
  58 0012 10BD     		pop	{r4, pc}
  59              		.cfi_endproc
  60              	.LFE29:
  62              		.section	.text.prvCopyDataToQueue,"ax",%progbits
  63              		.align	1
  64              		.syntax unified
  65              		.code	16
  66              		.thumb_func
  68              	prvCopyDataToQueue:
  69              	.LVL5:
  70              	.LFB26:
2179:Middlewares/Third_Party/FreeRTOS/Source/queue.c ****     BaseType_t xReturn = pdFALSE;
  71              		.loc 1 2179 1 is_stmt 1 view -0
  72              		.cfi_startproc
  73              		@ args = 0, pretend = 0, frame = 0
  74              		@ frame_needed = 0, uses_anonymous_args = 0
2180:Middlewares/Third_Party/FreeRTOS/Source/queue.c ****     UBaseType_t uxMessagesWaiting;
  75              		.loc 1 2180 5 view .LVU14
2181:Middlewares/Third_Party/FreeRTOS/Source/queue.c **** 
  76              		.loc 1 2181 5 view .LVU15
2185:Middlewares/Third_Party/FreeRTOS/Source/queue.c **** 
  77              		.loc 1 2185 5 view .LVU16
2179:Middlewares/Third_Party/FreeRTOS/Source/queue.c ****     BaseType_t xReturn = pdFALSE;
  78              		.loc 1 2179 1 is_stmt 0 view .LVU17
  79 0000 70B5     		push	{r4, r5, r6, lr}
  80              		.cfi_def_cfa_offset 16
ARM GAS  /tmp/ccMJcgml.s 			page 45


  81              		.cfi_offset 4, -16
  82              		.cfi_offset 5, -12
  83              		.cfi_offset 6, -8
  84              		.cfi_offset 14, -4
2179:Middlewares/Third_Party/FreeRTOS/Source/queue.c ****     BaseType_t xReturn = pdFALSE;
  85              		.loc 1 2179 1 view .LVU18
  86 0002 1600     		movs	r6, r2
2187:Middlewares/Third_Party/FreeRTOS/Source/queue.c ****     {
  87              		.loc 1 2187 16 view .LVU19
  88 0004 026C     		ldr	r2, [r0, #64]
  89              	.LVL6:
2179:Middlewares/Third_Party/FreeRTOS/Source/queue.c ****     BaseType_t xReturn = pdFALSE;
  90              		.loc 1 2179 1 view .LVU20
  91 0006 0400     		movs	r4, r0
2185:Middlewares/Third_Party/FreeRTOS/Source/queue.c **** 
  92              		.loc 1 2185 23 view .LVU21
  93 0008 856B     		ldr	r5, [r0, #56]
  94              	.LVL7:
2187:Middlewares/Third_Party/FreeRTOS/Source/queue.c ****     {
  95              		.loc 1 2187 5 is_stmt 1 view .LVU22
2187:Middlewares/Third_Party/FreeRTOS/Source/queue.c ****     {
  96              		.loc 1 2187 7 is_stmt 0 view .LVU23
  97 000a 002A     		cmp	r2, #0
  98 000c 09D1     		bne	.L3
2191:Middlewares/Third_Party/FreeRTOS/Source/queue.c ****             {
  99              		.loc 1 2191 13 is_stmt 1 view .LVU24
2191:Middlewares/Third_Party/FreeRTOS/Source/queue.c ****             {
 100              		.loc 1 2191 15 is_stmt 0 view .LVU25
 101 000e 0668     		ldr	r6, [r0]
 102              	.LVL8:
2191:Middlewares/Third_Party/FreeRTOS/Source/queue.c ****             {
 103              		.loc 1 2191 15 view .LVU26
 104 0010 002E     		cmp	r6, #0
 105 0012 12D1     		bne	.L4
2194:Middlewares/Third_Party/FreeRTOS/Source/queue.c ****                 pxQueue->u.xSemaphore.xMutexHolder = NULL;
 106              		.loc 1 2194 17 is_stmt 1 view .LVU27
2194:Middlewares/Third_Party/FreeRTOS/Source/queue.c ****                 pxQueue->u.xSemaphore.xMutexHolder = NULL;
 107              		.loc 1 2194 27 is_stmt 0 view .LVU28
 108 0014 8068     		ldr	r0, [r0, #8]
 109              	.LVL9:
2194:Middlewares/Third_Party/FreeRTOS/Source/queue.c ****                 pxQueue->u.xSemaphore.xMutexHolder = NULL;
 110              		.loc 1 2194 27 view .LVU29
 111 0016 FFF7FEFF 		bl	xTaskPriorityDisinherit
 112              	.LVL10:
2195:Middlewares/Third_Party/FreeRTOS/Source/queue.c ****             }
 113              		.loc 1 2195 17 is_stmt 1 view .LVU30
2195:Middlewares/Third_Party/FreeRTOS/Source/queue.c ****             }
 114              		.loc 1 2195 52 is_stmt 0 view .LVU31
 115 001a A660     		str	r6, [r4, #8]
 116              	.LVL11:
 117              	.L5:
2249:Middlewares/Third_Party/FreeRTOS/Source/queue.c ****         }
 118              		.loc 1 2249 37 is_stmt 1 view .LVU32
2253:Middlewares/Third_Party/FreeRTOS/Source/queue.c **** 
 119              		.loc 1 2253 5 view .LVU33
2253:Middlewares/Third_Party/FreeRTOS/Source/queue.c **** 
 120              		.loc 1 2253 52 is_stmt 0 view .LVU34
ARM GAS  /tmp/ccMJcgml.s 			page 46


 121 001c 0135     		adds	r5, r5, #1
 122              	.LVL12:
2253:Middlewares/Third_Party/FreeRTOS/Source/queue.c **** 
 123              		.loc 1 2253 32 view .LVU35
 124 001e A563     		str	r5, [r4, #56]
2255:Middlewares/Third_Party/FreeRTOS/Source/queue.c **** }
 125              		.loc 1 2255 5 is_stmt 1 view .LVU36
2256:Middlewares/Third_Party/FreeRTOS/Source/queue.c **** /*-----------------------------------------------------------*/
 126              		.loc 1 2256 1 is_stmt 0 view .LVU37
 127              		@ sp needed
 128              	.LVL13:
 129              	.LVL14:
2256:Middlewares/Third_Party/FreeRTOS/Source/queue.c **** /*-----------------------------------------------------------*/
 130              		.loc 1 2256 1 view .LVU38
 131 0020 70BD     		pop	{r4, r5, r6, pc}
 132              	.LVL15:
 133              	.L3:
2204:Middlewares/Third_Party/FreeRTOS/Source/queue.c ****     {
 134              		.loc 1 2204 10 is_stmt 1 view .LVU39
2204:Middlewares/Third_Party/FreeRTOS/Source/queue.c ****     {
 135              		.loc 1 2204 12 is_stmt 0 view .LVU40
 136 0022 002E     		cmp	r6, #0
 137 0024 0ED1     		bne	.L6
2206:Middlewares/Third_Party/FreeRTOS/Source/queue.c ****         pxQueue->pcWriteTo += pxQueue->uxItemSize;                                                 
 138              		.loc 1 2206 9 is_stmt 1 view .LVU41
2206:Middlewares/Third_Party/FreeRTOS/Source/queue.c ****         pxQueue->pcWriteTo += pxQueue->uxItemSize;                                                 
 139              		.loc 1 2206 18 is_stmt 0 view .LVU42
 140 0026 4068     		ldr	r0, [r0, #4]
 141              	.LVL16:
2206:Middlewares/Third_Party/FreeRTOS/Source/queue.c ****         pxQueue->pcWriteTo += pxQueue->uxItemSize;                                                 
 142              		.loc 1 2206 18 view .LVU43
 143 0028 FFF7FEFF 		bl	memcpy
 144              	.LVL17:
2207:Middlewares/Third_Party/FreeRTOS/Source/queue.c **** 
 145              		.loc 1 2207 9 is_stmt 1 view .LVU44
2207:Middlewares/Third_Party/FreeRTOS/Source/queue.c **** 
 146              		.loc 1 2207 28 is_stmt 0 view .LVU45
 147 002c 6368     		ldr	r3, [r4, #4]
 148 002e 226C     		ldr	r2, [r4, #64]
 149 0030 9B18     		adds	r3, r3, r2
2209:Middlewares/Third_Party/FreeRTOS/Source/queue.c ****         {
 150              		.loc 1 2209 11 view .LVU46
 151 0032 A268     		ldr	r2, [r4, #8]
2207:Middlewares/Third_Party/FreeRTOS/Source/queue.c **** 
 152              		.loc 1 2207 28 view .LVU47
 153 0034 6360     		str	r3, [r4, #4]
2209:Middlewares/Third_Party/FreeRTOS/Source/queue.c ****         {
 154              		.loc 1 2209 9 is_stmt 1 view .LVU48
2209:Middlewares/Third_Party/FreeRTOS/Source/queue.c ****         {
 155              		.loc 1 2209 11 is_stmt 0 view .LVU49
 156 0036 9342     		cmp	r3, r2
 157 0038 01D2     		bcs	.L7
 158              	.LVL18:
 159              	.L4:
2180:Middlewares/Third_Party/FreeRTOS/Source/queue.c ****     UBaseType_t uxMessagesWaiting;
 160              		.loc 1 2180 16 view .LVU50
 161 003a 0020     		movs	r0, #0
ARM GAS  /tmp/ccMJcgml.s 			page 47


 162 003c EEE7     		b	.L5
 163              	.LVL19:
 164              	.L7:
2211:Middlewares/Third_Party/FreeRTOS/Source/queue.c ****         }
 165              		.loc 1 2211 13 is_stmt 1 view .LVU51
2211:Middlewares/Third_Party/FreeRTOS/Source/queue.c ****         }
 166              		.loc 1 2211 32 is_stmt 0 view .LVU52
 167 003e 2368     		ldr	r3, [r4]
 168 0040 6360     		str	r3, [r4, #4]
 169 0042 FAE7     		b	.L4
 170              	.LVL20:
 171              	.L6:
2220:Middlewares/Third_Party/FreeRTOS/Source/queue.c ****         pxQueue->u.xQueue.pcReadFrom -= pxQueue->uxItemSize;
 172              		.loc 1 2220 9 is_stmt 1 view .LVU53
2220:Middlewares/Third_Party/FreeRTOS/Source/queue.c ****         pxQueue->u.xQueue.pcReadFrom -= pxQueue->uxItemSize;
 173              		.loc 1 2220 18 is_stmt 0 view .LVU54
 174 0044 C068     		ldr	r0, [r0, #12]
 175              	.LVL21:
2220:Middlewares/Third_Party/FreeRTOS/Source/queue.c ****         pxQueue->u.xQueue.pcReadFrom -= pxQueue->uxItemSize;
 176              		.loc 1 2220 18 view .LVU55
 177 0046 FFF7FEFF 		bl	memcpy
 178              	.LVL22:
2221:Middlewares/Third_Party/FreeRTOS/Source/queue.c **** 
 179              		.loc 1 2221 9 is_stmt 1 view .LVU56
2221:Middlewares/Third_Party/FreeRTOS/Source/queue.c **** 
 180              		.loc 1 2221 38 is_stmt 0 view .LVU57
 181 004a 226C     		ldr	r2, [r4, #64]
 182 004c E368     		ldr	r3, [r4, #12]
 183 004e 5142     		rsbs	r1, r2, #0
 184 0050 9B1A     		subs	r3, r3, r2
2223:Middlewares/Third_Party/FreeRTOS/Source/queue.c ****         {
 185              		.loc 1 2223 11 view .LVU58
 186 0052 2268     		ldr	r2, [r4]
2221:Middlewares/Third_Party/FreeRTOS/Source/queue.c **** 
 187              		.loc 1 2221 38 view .LVU59
 188 0054 E360     		str	r3, [r4, #12]
2223:Middlewares/Third_Party/FreeRTOS/Source/queue.c ****         {
 189              		.loc 1 2223 9 is_stmt 1 view .LVU60
2223:Middlewares/Third_Party/FreeRTOS/Source/queue.c ****         {
 190              		.loc 1 2223 11 is_stmt 0 view .LVU61
 191 0056 9342     		cmp	r3, r2
 192 0058 02D2     		bcs	.L8
2225:Middlewares/Third_Party/FreeRTOS/Source/queue.c ****         }
 193              		.loc 1 2225 13 is_stmt 1 view .LVU62
2225:Middlewares/Third_Party/FreeRTOS/Source/queue.c ****         }
 194              		.loc 1 2225 71 is_stmt 0 view .LVU63
 195 005a A368     		ldr	r3, [r4, #8]
 196 005c 5B18     		adds	r3, r3, r1
2225:Middlewares/Third_Party/FreeRTOS/Source/queue.c ****         }
 197              		.loc 1 2225 42 view .LVU64
 198 005e E360     		str	r3, [r4, #12]
 199              	.L8:
2229:Middlewares/Third_Party/FreeRTOS/Source/queue.c ****         }
 200              		.loc 1 2229 37 is_stmt 1 view .LVU65
2232:Middlewares/Third_Party/FreeRTOS/Source/queue.c ****         {
 201              		.loc 1 2232 9 view .LVU66
2180:Middlewares/Third_Party/FreeRTOS/Source/queue.c ****     UBaseType_t uxMessagesWaiting;
ARM GAS  /tmp/ccMJcgml.s 			page 48


 202              		.loc 1 2180 16 is_stmt 0 view .LVU67
 203 0060 0020     		movs	r0, #0
2232:Middlewares/Third_Party/FreeRTOS/Source/queue.c ****         {
 204              		.loc 1 2232 11 view .LVU68
 205 0062 022E     		cmp	r6, #2
 206 0064 DAD1     		bne	.L5
2234:Middlewares/Third_Party/FreeRTOS/Source/queue.c ****             {
 207              		.loc 1 2234 13 is_stmt 1 view .LVU69
2240:Middlewares/Third_Party/FreeRTOS/Source/queue.c ****             }
 208              		.loc 1 2240 17 is_stmt 0 view .LVU70
 209 0066 2B00     		movs	r3, r5
 210 0068 5A1E     		subs	r2, r3, #1
 211 006a 9341     		sbcs	r3, r3, r2
 212 006c ED1A     		subs	r5, r5, r3
 213              	.LVL23:
2240:Middlewares/Third_Party/FreeRTOS/Source/queue.c ****             }
 214              		.loc 1 2240 17 view .LVU71
 215 006e D5E7     		b	.L5
 216              		.cfi_endproc
 217              	.LFE26:
 219              		.section	.text.prvCopyDataFromQueue,"ax",%progbits
 220              		.align	1
 221              		.syntax unified
 222              		.code	16
 223              		.thumb_func
 225              	prvCopyDataFromQueue:
 226              	.LVL24:
 227              	.LFB27:
2261:Middlewares/Third_Party/FreeRTOS/Source/queue.c ****     if( pxQueue->uxItemSize != ( UBaseType_t ) 0 )
 228              		.loc 1 2261 1 is_stmt 1 view -0
 229              		.cfi_startproc
 230              		@ args = 0, pretend = 0, frame = 0
 231              		@ frame_needed = 0, uses_anonymous_args = 0
2262:Middlewares/Third_Party/FreeRTOS/Source/queue.c ****     {
 232              		.loc 1 2262 5 view .LVU73
2261:Middlewares/Third_Party/FreeRTOS/Source/queue.c ****     if( pxQueue->uxItemSize != ( UBaseType_t ) 0 )
 233              		.loc 1 2261 1 is_stmt 0 view .LVU74
 234 0000 0300     		movs	r3, r0
2262:Middlewares/Third_Party/FreeRTOS/Source/queue.c ****     {
 235              		.loc 1 2262 16 view .LVU75
 236 0002 1A6C     		ldr	r2, [r3, #64]
2261:Middlewares/Third_Party/FreeRTOS/Source/queue.c ****     if( pxQueue->uxItemSize != ( UBaseType_t ) 0 )
 237              		.loc 1 2261 1 view .LVU76
 238 0004 0800     		movs	r0, r1
 239              	.LVL25:
2261:Middlewares/Third_Party/FreeRTOS/Source/queue.c ****     if( pxQueue->uxItemSize != ( UBaseType_t ) 0 )
 240              		.loc 1 2261 1 view .LVU77
 241 0006 10B5     		push	{r4, lr}
 242              		.cfi_def_cfa_offset 8
 243              		.cfi_offset 4, -8
 244              		.cfi_offset 14, -4
2262:Middlewares/Third_Party/FreeRTOS/Source/queue.c ****     {
 245              		.loc 1 2262 7 view .LVU78
 246 0008 002A     		cmp	r2, #0
 247 000a 0AD0     		beq	.L12
2264:Middlewares/Third_Party/FreeRTOS/Source/queue.c **** 
 248              		.loc 1 2264 9 is_stmt 1 view .LVU79
ARM GAS  /tmp/ccMJcgml.s 			page 49


2264:Middlewares/Third_Party/FreeRTOS/Source/queue.c **** 
 249              		.loc 1 2264 38 is_stmt 0 view .LVU80
 250 000c DC68     		ldr	r4, [r3, #12]
2266:Middlewares/Third_Party/FreeRTOS/Source/queue.c ****         {
 251              		.loc 1 2266 11 view .LVU81
 252 000e 9968     		ldr	r1, [r3, #8]
 253              	.LVL26:
2264:Middlewares/Third_Party/FreeRTOS/Source/queue.c **** 
 254              		.loc 1 2264 38 view .LVU82
 255 0010 A418     		adds	r4, r4, r2
 256 0012 DC60     		str	r4, [r3, #12]
2266:Middlewares/Third_Party/FreeRTOS/Source/queue.c ****         {
 257              		.loc 1 2266 9 is_stmt 1 view .LVU83
2266:Middlewares/Third_Party/FreeRTOS/Source/queue.c ****         {
 258              		.loc 1 2266 11 is_stmt 0 view .LVU84
 259 0014 8C42     		cmp	r4, r1
 260 0016 01D3     		bcc	.L14
2268:Middlewares/Third_Party/FreeRTOS/Source/queue.c ****         }
 261              		.loc 1 2268 13 is_stmt 1 view .LVU85
2268:Middlewares/Third_Party/FreeRTOS/Source/queue.c ****         }
 262              		.loc 1 2268 42 is_stmt 0 view .LVU86
 263 0018 1968     		ldr	r1, [r3]
 264 001a D960     		str	r1, [r3, #12]
 265              	.L14:
2272:Middlewares/Third_Party/FreeRTOS/Source/queue.c ****         }
 266              		.loc 1 2272 37 is_stmt 1 view .LVU87
2275:Middlewares/Third_Party/FreeRTOS/Source/queue.c ****     }
 267              		.loc 1 2275 9 view .LVU88
2275:Middlewares/Third_Party/FreeRTOS/Source/queue.c ****     }
 268              		.loc 1 2275 18 is_stmt 0 view .LVU89
 269 001c D968     		ldr	r1, [r3, #12]
 270 001e FFF7FEFF 		bl	memcpy
 271              	.LVL27:
 272              	.L12:
2277:Middlewares/Third_Party/FreeRTOS/Source/queue.c **** /*-----------------------------------------------------------*/
 273              		.loc 1 2277 1 view .LVU90
 274              		@ sp needed
 275 0022 10BD     		pop	{r4, pc}
 276              		.cfi_endproc
 277              	.LFE27:
 279              		.section	.text.prvUnlockQueue,"ax",%progbits
 280              		.align	1
 281              		.syntax unified
 282              		.code	16
 283              		.thumb_func
 285              	prvUnlockQueue:
 286              	.LVL28:
 287              	.LFB28:
2281:Middlewares/Third_Party/FreeRTOS/Source/queue.c ****     /* THIS FUNCTION MUST BE CALLED WITH THE SCHEDULER SUSPENDED. */
 288              		.loc 1 2281 1 is_stmt 1 view -0
 289              		.cfi_startproc
 290              		@ args = 0, pretend = 0, frame = 0
 291              		@ frame_needed = 0, uses_anonymous_args = 0
2288:Middlewares/Third_Party/FreeRTOS/Source/queue.c ****     {
 292              		.loc 1 2288 5 view .LVU92
2281:Middlewares/Third_Party/FreeRTOS/Source/queue.c ****     /* THIS FUNCTION MUST BE CALLED WITH THE SCHEDULER SUSPENDED. */
 293              		.loc 1 2281 1 is_stmt 0 view .LVU93
ARM GAS  /tmp/ccMJcgml.s 			page 50


 294 0000 70B5     		push	{r4, r5, r6, lr}
 295              		.cfi_def_cfa_offset 16
 296              		.cfi_offset 4, -16
 297              		.cfi_offset 5, -12
 298              		.cfi_offset 6, -8
 299              		.cfi_offset 14, -4
2281:Middlewares/Third_Party/FreeRTOS/Source/queue.c ****     /* THIS FUNCTION MUST BE CALLED WITH THE SCHEDULER SUSPENDED. */
 300              		.loc 1 2281 1 view .LVU94
 301 0002 0400     		movs	r4, r0
 302              	.LBB2:
2290:Middlewares/Third_Party/FreeRTOS/Source/queue.c **** 
 303              		.loc 1 2290 16 view .LVU95
 304 0004 2600     		movs	r6, r4
 305 0006 4536     		adds	r6, r6, #69
 306              	.LBE2:
2288:Middlewares/Third_Party/FreeRTOS/Source/queue.c ****     {
 307              		.loc 1 2288 5 view .LVU96
 308 0008 FFF7FEFF 		bl	vPortEnterCritical
 309              	.LVL29:
 310              	.LBB3:
2290:Middlewares/Third_Party/FreeRTOS/Source/queue.c **** 
 311              		.loc 1 2290 9 is_stmt 1 view .LVU97
2290:Middlewares/Third_Party/FreeRTOS/Source/queue.c **** 
 312              		.loc 1 2290 16 is_stmt 0 view .LVU98
 313 000c 3578     		ldrb	r5, [r6]
 314              	.L36:
2361:Middlewares/Third_Party/FreeRTOS/Source/queue.c ****         }
 315              		.loc 1 2361 13 view .LVU99
 316 000e 6DB2     		sxtb	r5, r5
 317              	.LVL30:
2293:Middlewares/Third_Party/FreeRTOS/Source/queue.c ****         {
 318              		.loc 1 2293 24 is_stmt 1 view .LVU100
 319 0010 002D     		cmp	r5, #0
 320 0012 02DD     		ble	.L24
2341:Middlewares/Third_Party/FreeRTOS/Source/queue.c ****                 {
 321              		.loc 1 2341 17 view .LVU101
2341:Middlewares/Third_Party/FreeRTOS/Source/queue.c ****                 {
 322              		.loc 1 2341 21 is_stmt 0 view .LVU102
 323 0014 636A     		ldr	r3, [r4, #36]
2341:Middlewares/Third_Party/FreeRTOS/Source/queue.c ****                 {
 324              		.loc 1 2341 19 view .LVU103
 325 0016 002B     		cmp	r3, #0
 326 0018 13D1     		bne	.L20
 327              	.L24:
2364:Middlewares/Third_Party/FreeRTOS/Source/queue.c ****     }
 328              		.loc 1 2364 9 is_stmt 1 view .LVU104
2364:Middlewares/Third_Party/FreeRTOS/Source/queue.c ****     }
 329              		.loc 1 2364 26 is_stmt 0 view .LVU105
 330 001a FF23     		movs	r3, #255
 331 001c 3370     		strb	r3, [r6]
 332              	.LBE3:
2366:Middlewares/Third_Party/FreeRTOS/Source/queue.c **** 
 333              		.loc 1 2366 5 is_stmt 1 view .LVU106
 334              	.LBB4:
2371:Middlewares/Third_Party/FreeRTOS/Source/queue.c **** 
 335              		.loc 1 2371 16 is_stmt 0 view .LVU107
 336 001e 2600     		movs	r6, r4
ARM GAS  /tmp/ccMJcgml.s 			page 51


 337 0020 4436     		adds	r6, r6, #68
 338              	.LBE4:
2366:Middlewares/Third_Party/FreeRTOS/Source/queue.c **** 
 339              		.loc 1 2366 5 view .LVU108
 340 0022 FFF7FEFF 		bl	vPortExitCritical
 341              	.LVL31:
2369:Middlewares/Third_Party/FreeRTOS/Source/queue.c ****     {
 342              		.loc 1 2369 5 is_stmt 1 view .LVU109
 343 0026 FFF7FEFF 		bl	vPortEnterCritical
 344              	.LVL32:
 345              	.LBB5:
2371:Middlewares/Third_Party/FreeRTOS/Source/queue.c **** 
 346              		.loc 1 2371 9 view .LVU110
2371:Middlewares/Third_Party/FreeRTOS/Source/queue.c **** 
 347              		.loc 1 2371 16 is_stmt 0 view .LVU111
 348 002a 3578     		ldrb	r5, [r6]
 349              	.LVL33:
 350              	.L37:
2386:Middlewares/Third_Party/FreeRTOS/Source/queue.c ****             }
 351              		.loc 1 2386 17 view .LVU112
 352 002c 6DB2     		sxtb	r5, r5
 353              	.LVL34:
2373:Middlewares/Third_Party/FreeRTOS/Source/queue.c ****         {
 354              		.loc 1 2373 24 is_stmt 1 view .LVU113
 355 002e 002D     		cmp	r5, #0
 356 0030 02DD     		ble	.L28
2375:Middlewares/Third_Party/FreeRTOS/Source/queue.c ****             {
 357              		.loc 1 2375 13 view .LVU114
2375:Middlewares/Third_Party/FreeRTOS/Source/queue.c ****             {
 358              		.loc 1 2375 17 is_stmt 0 view .LVU115
 359 0032 2369     		ldr	r3, [r4, #16]
2375:Middlewares/Third_Party/FreeRTOS/Source/queue.c ****             {
 360              		.loc 1 2375 15 view .LVU116
 361 0034 002B     		cmp	r3, #0
 362 0036 0ED1     		bne	.L25
 363              	.L28:
2394:Middlewares/Third_Party/FreeRTOS/Source/queue.c ****     }
 364              		.loc 1 2394 9 is_stmt 1 view .LVU117
2394:Middlewares/Third_Party/FreeRTOS/Source/queue.c ****     }
 365              		.loc 1 2394 26 is_stmt 0 view .LVU118
 366 0038 FF23     		movs	r3, #255
 367              	.LBE5:
2397:Middlewares/Third_Party/FreeRTOS/Source/queue.c **** /*-----------------------------------------------------------*/
 368              		.loc 1 2397 1 view .LVU119
 369              		@ sp needed
 370              	.LBB6:
2394:Middlewares/Third_Party/FreeRTOS/Source/queue.c ****     }
 371              		.loc 1 2394 26 view .LVU120
 372 003a 3370     		strb	r3, [r6]
 373              	.LBE6:
2396:Middlewares/Third_Party/FreeRTOS/Source/queue.c **** }
 374              		.loc 1 2396 5 is_stmt 1 view .LVU121
 375 003c FFF7FEFF 		bl	vPortExitCritical
 376              	.LVL35:
 377              	.LVL36:
 378              	.LVL37:
 379              	.LVL38:
ARM GAS  /tmp/ccMJcgml.s 			page 52


2397:Middlewares/Third_Party/FreeRTOS/Source/queue.c **** /*-----------------------------------------------------------*/
 380              		.loc 1 2397 1 is_stmt 0 view .LVU122
 381 0040 70BD     		pop	{r4, r5, r6, pc}
 382              	.LVL39:
 383              	.L20:
 384              	.LBB7:
2343:Middlewares/Third_Party/FreeRTOS/Source/queue.c ****                     {
 385              		.loc 1 2343 21 is_stmt 1 view .LVU123
2343:Middlewares/Third_Party/FreeRTOS/Source/queue.c ****                     {
 386              		.loc 1 2343 51 is_stmt 0 view .LVU124
 387 0042 2000     		movs	r0, r4
 388 0044 2430     		adds	r0, r0, #36
2343:Middlewares/Third_Party/FreeRTOS/Source/queue.c ****                     {
 389              		.loc 1 2343 25 view .LVU125
 390 0046 FFF7FEFF 		bl	xTaskRemoveFromEventList
 391              	.LVL40:
2343:Middlewares/Third_Party/FreeRTOS/Source/queue.c ****                     {
 392              		.loc 1 2343 23 discriminator 1 view .LVU126
 393 004a 0028     		cmp	r0, #0
 394 004c 01D0     		beq	.L22
2347:Middlewares/Third_Party/FreeRTOS/Source/queue.c ****                     }
 395              		.loc 1 2347 25 is_stmt 1 view .LVU127
 396 004e FFF7FEFF 		bl	vTaskMissedYield
 397              	.LVL41:
 398              	.L22:
2351:Middlewares/Third_Party/FreeRTOS/Source/queue.c ****                     }
 399              		.loc 1 2351 49 view .LVU128
2361:Middlewares/Third_Party/FreeRTOS/Source/queue.c ****         }
 400              		.loc 1 2361 13 view .LVU129
 401 0052 013D     		subs	r5, r5, #1
 402              	.LVL42:
2361:Middlewares/Third_Party/FreeRTOS/Source/queue.c ****         }
 403              		.loc 1 2361 13 is_stmt 0 view .LVU130
 404 0054 DBE7     		b	.L36
 405              	.LVL43:
 406              	.L25:
2361:Middlewares/Third_Party/FreeRTOS/Source/queue.c ****         }
 407              		.loc 1 2361 13 view .LVU131
 408              	.LBE7:
 409              	.LBB8:
2377:Middlewares/Third_Party/FreeRTOS/Source/queue.c ****                 {
 410              		.loc 1 2377 17 is_stmt 1 view .LVU132
2377:Middlewares/Third_Party/FreeRTOS/Source/queue.c ****                 {
 411              		.loc 1 2377 47 is_stmt 0 view .LVU133
 412 0056 2000     		movs	r0, r4
 413 0058 1030     		adds	r0, r0, #16
2377:Middlewares/Third_Party/FreeRTOS/Source/queue.c ****                 {
 414              		.loc 1 2377 21 view .LVU134
 415 005a FFF7FEFF 		bl	xTaskRemoveFromEventList
 416              	.LVL44:
2377:Middlewares/Third_Party/FreeRTOS/Source/queue.c ****                 {
 417              		.loc 1 2377 19 discriminator 1 view .LVU135
 418 005e 0028     		cmp	r0, #0
 419 0060 01D0     		beq	.L26
2379:Middlewares/Third_Party/FreeRTOS/Source/queue.c ****                 }
 420              		.loc 1 2379 21 is_stmt 1 view .LVU136
 421 0062 FFF7FEFF 		bl	vTaskMissedYield
ARM GAS  /tmp/ccMJcgml.s 			page 53


 422              	.LVL45:
 423              	.L26:
2383:Middlewares/Third_Party/FreeRTOS/Source/queue.c ****                 }
 424              		.loc 1 2383 45 view .LVU137
2386:Middlewares/Third_Party/FreeRTOS/Source/queue.c ****             }
 425              		.loc 1 2386 17 view .LVU138
 426 0066 013D     		subs	r5, r5, #1
 427              	.LVL46:
2386:Middlewares/Third_Party/FreeRTOS/Source/queue.c ****             }
 428              		.loc 1 2386 17 is_stmt 0 view .LVU139
 429 0068 E0E7     		b	.L37
 430              	.LBE8:
 431              		.cfi_endproc
 432              	.LFE28:
 434              		.section	.text.xQueueGenericReset,"ax",%progbits
 435              		.align	1
 436              		.global	xQueueGenericReset
 437              		.syntax unified
 438              		.code	16
 439              		.thumb_func
 441              	xQueueGenericReset:
 442              	.LVL47:
 443              	.LFB0:
 299:Middlewares/Third_Party/FreeRTOS/Source/queue.c ****     BaseType_t xReturn = pdPASS;
 444              		.loc 1 299 1 is_stmt 1 view -0
 445              		.cfi_startproc
 446              		@ args = 0, pretend = 0, frame = 0
 447              		@ frame_needed = 0, uses_anonymous_args = 0
 300:Middlewares/Third_Party/FreeRTOS/Source/queue.c ****     Queue_t * const pxQueue = xQueue;
 448              		.loc 1 300 5 view .LVU141
 301:Middlewares/Third_Party/FreeRTOS/Source/queue.c **** 
 449              		.loc 1 301 5 view .LVU142
 303:Middlewares/Third_Party/FreeRTOS/Source/queue.c **** 
 450              		.loc 1 303 5 view .LVU143
 299:Middlewares/Third_Party/FreeRTOS/Source/queue.c ****     BaseType_t xReturn = pdPASS;
 451              		.loc 1 299 1 is_stmt 0 view .LVU144
 452 0000 F8B5     		push	{r3, r4, r5, r6, r7, lr}
 453              		.cfi_def_cfa_offset 24
 454              		.cfi_offset 3, -24
 455              		.cfi_offset 4, -20
 456              		.cfi_offset 5, -16
 457              		.cfi_offset 6, -12
 458              		.cfi_offset 7, -8
 459              		.cfi_offset 14, -4
 299:Middlewares/Third_Party/FreeRTOS/Source/queue.c ****     BaseType_t xReturn = pdPASS;
 460              		.loc 1 299 1 view .LVU145
 461 0002 0400     		movs	r4, r0
 462 0004 0D00     		movs	r5, r1
 303:Middlewares/Third_Party/FreeRTOS/Source/queue.c **** 
 463              		.loc 1 303 5 view .LVU146
 464 0006 0028     		cmp	r0, #0
 465 0008 01D1     		bne	.L39
 303:Middlewares/Third_Party/FreeRTOS/Source/queue.c **** 
 466              		.loc 1 303 5 is_stmt 1 discriminator 1 view .LVU147
 467              		.syntax divided
 468              	@ 303 "Middlewares/Third_Party/FreeRTOS/Source/queue.c" 1
 469 000a 72B6     		 cpsid i 
ARM GAS  /tmp/ccMJcgml.s 			page 54


 470              	@ 0 "" 2
 471              		.thumb
 472              		.syntax unified
 473              	.L40:
 303:Middlewares/Third_Party/FreeRTOS/Source/queue.c **** 
 474              		.loc 1 303 5 discriminator 3 view .LVU148
 303:Middlewares/Third_Party/FreeRTOS/Source/queue.c **** 
 475              		.loc 1 303 5 discriminator 3 view .LVU149
 476 000c FEE7     		b	.L40
 477              	.L39:
 303:Middlewares/Third_Party/FreeRTOS/Source/queue.c **** 
 478              		.loc 1 303 28 discriminator 2 view .LVU150
 305:Middlewares/Third_Party/FreeRTOS/Source/queue.c ****         ( pxQueue->uxLength >= 1U ) &&
 479              		.loc 1 305 5 view .LVU151
 306:Middlewares/Third_Party/FreeRTOS/Source/queue.c ****         /* Check for multiplication overflow. */
 480              		.loc 1 306 18 is_stmt 0 view .LVU152
 481 000e C16B     		ldr	r1, [r0, #60]
 482              	.LVL48:
 305:Middlewares/Third_Party/FreeRTOS/Source/queue.c ****         ( pxQueue->uxLength >= 1U ) &&
 483              		.loc 1 305 29 discriminator 1 view .LVU153
 484 0010 0029     		cmp	r1, #0
 485 0012 43D0     		beq	.L41
 308:Middlewares/Third_Party/FreeRTOS/Source/queue.c ****     {
 486              		.loc 1 308 44 view .LVU154
 487 0014 026C     		ldr	r2, [r0, #64]
 488 0016 0B0C     		lsrs	r3, r1, #16
 489 0018 170C     		lsrs	r7, r2, #16
 490 001a 002B     		cmp	r3, #0
 491 001c 31D1     		bne	.L44
 492 001e 002F     		cmp	r7, #0
 493 0020 0BD0     		beq	.L60
 494 0022 3B1C     		adds	r3, r7, #0
 495 0024 081C     		adds	r0, r1, #0
 496              	.LVL49:
 497              	.L46:
 308:Middlewares/Third_Party/FreeRTOS/Source/queue.c ****     {
 498              		.loc 1 308 44 view .LVU155
 499 0026 89B2     		uxth	r1, r1
 500 0028 92B2     		uxth	r2, r2
 501 002a 4A43     		muls	r2, r1
 502 002c 80B2     		uxth	r0, r0
 503 002e 9BB2     		uxth	r3, r3
 504 0030 4343     		muls	r3, r0
 505 0032 120C     		lsrs	r2, r2, #16
 506 0034 9B18     		adds	r3, r3, r2
 507 0036 1B0C     		lsrs	r3, r3, #16
 508 0038 30D1     		bne	.L41
 509              	.L60:
 510              	.LVL50:
 511              	.LBB11:
 512              	.LBI11:
 297:Middlewares/Third_Party/FreeRTOS/Source/queue.c ****                                BaseType_t xNewQueue )
 513              		.loc 1 297 12 is_stmt 1 view .LVU156
 514              	.LBB12:
 310:Middlewares/Third_Party/FreeRTOS/Source/queue.c ****         {
 515              		.loc 1 310 9 view .LVU157
 516 003a FFF7FEFF 		bl	vPortEnterCritical
ARM GAS  /tmp/ccMJcgml.s 			page 55


 517              	.LVL51:
 312:Middlewares/Third_Party/FreeRTOS/Source/queue.c ****             pxQueue->uxMessagesWaiting = ( UBaseType_t ) 0U;
 518              		.loc 1 312 13 view .LVU158
 312:Middlewares/Third_Party/FreeRTOS/Source/queue.c ****             pxQueue->uxMessagesWaiting = ( UBaseType_t ) 0U;
 519              		.loc 1 312 87 is_stmt 0 view .LVU159
 520 003e 216C     		ldr	r1, [r4, #64]
 312:Middlewares/Third_Party/FreeRTOS/Source/queue.c ****             pxQueue->uxMessagesWaiting = ( UBaseType_t ) 0U;
 521              		.loc 1 312 78 view .LVU160
 522 0040 E36B     		ldr	r3, [r4, #60]
 312:Middlewares/Third_Party/FreeRTOS/Source/queue.c ****             pxQueue->uxMessagesWaiting = ( UBaseType_t ) 0U;
 523              		.loc 1 312 47 view .LVU161
 524 0042 2268     		ldr	r2, [r4]
 312:Middlewares/Third_Party/FreeRTOS/Source/queue.c ****             pxQueue->uxMessagesWaiting = ( UBaseType_t ) 0U;
 525              		.loc 1 312 78 view .LVU162
 526 0044 4B43     		muls	r3, r1
 312:Middlewares/Third_Party/FreeRTOS/Source/queue.c ****             pxQueue->uxMessagesWaiting = ( UBaseType_t ) 0U;
 527              		.loc 1 312 56 view .LVU163
 528 0046 D018     		adds	r0, r2, r3
 315:Middlewares/Third_Party/FreeRTOS/Source/queue.c ****             pxQueue->cRxLock = queueUNLOCKED;
 529              		.loc 1 315 60 view .LVU164
 530 0048 5B1A     		subs	r3, r3, r1
 314:Middlewares/Third_Party/FreeRTOS/Source/queue.c ****             pxQueue->u.xQueue.pcReadFrom = pxQueue->pcHead + ( ( pxQueue->uxLength - 1U ) * pxQueue
 531              		.loc 1 314 32 view .LVU165
 532 004a 6260     		str	r2, [r4, #4]
 315:Middlewares/Third_Party/FreeRTOS/Source/queue.c ****             pxQueue->cRxLock = queueUNLOCKED;
 533              		.loc 1 315 60 view .LVU166
 534 004c D218     		adds	r2, r2, r3
 316:Middlewares/Third_Party/FreeRTOS/Source/queue.c ****             pxQueue->cTxLock = queueUNLOCKED;
 535              		.loc 1 316 30 view .LVU167
 536 004e 2300     		movs	r3, r4
 312:Middlewares/Third_Party/FreeRTOS/Source/queue.c ****             pxQueue->uxMessagesWaiting = ( UBaseType_t ) 0U;
 537              		.loc 1 312 38 view .LVU168
 538 0050 A060     		str	r0, [r4, #8]
 313:Middlewares/Third_Party/FreeRTOS/Source/queue.c ****             pxQueue->pcWriteTo = pxQueue->pcHead;
 539              		.loc 1 313 13 is_stmt 1 view .LVU169
 315:Middlewares/Third_Party/FreeRTOS/Source/queue.c ****             pxQueue->cRxLock = queueUNLOCKED;
 540              		.loc 1 315 42 is_stmt 0 view .LVU170
 541 0052 E260     		str	r2, [r4, #12]
 313:Middlewares/Third_Party/FreeRTOS/Source/queue.c ****             pxQueue->pcWriteTo = pxQueue->pcHead;
 542              		.loc 1 313 40 view .LVU171
 543 0054 0020     		movs	r0, #0
 316:Middlewares/Third_Party/FreeRTOS/Source/queue.c ****             pxQueue->cTxLock = queueUNLOCKED;
 544              		.loc 1 316 30 view .LVU172
 545 0056 FF22     		movs	r2, #255
 546 0058 4433     		adds	r3, r3, #68
 313:Middlewares/Third_Party/FreeRTOS/Source/queue.c ****             pxQueue->pcWriteTo = pxQueue->pcHead;
 547              		.loc 1 313 40 view .LVU173
 548 005a A063     		str	r0, [r4, #56]
 314:Middlewares/Third_Party/FreeRTOS/Source/queue.c ****             pxQueue->u.xQueue.pcReadFrom = pxQueue->pcHead + ( ( pxQueue->uxLength - 1U ) * pxQueue
 549              		.loc 1 314 13 is_stmt 1 view .LVU174
 315:Middlewares/Third_Party/FreeRTOS/Source/queue.c ****             pxQueue->cRxLock = queueUNLOCKED;
 550              		.loc 1 315 13 view .LVU175
 316:Middlewares/Third_Party/FreeRTOS/Source/queue.c ****             pxQueue->cTxLock = queueUNLOCKED;
 551              		.loc 1 316 13 view .LVU176
 316:Middlewares/Third_Party/FreeRTOS/Source/queue.c ****             pxQueue->cTxLock = queueUNLOCKED;
 552              		.loc 1 316 30 is_stmt 0 view .LVU177
 553 005c 1A70     		strb	r2, [r3]
ARM GAS  /tmp/ccMJcgml.s 			page 56


 317:Middlewares/Third_Party/FreeRTOS/Source/queue.c **** 
 554              		.loc 1 317 13 is_stmt 1 view .LVU178
 317:Middlewares/Third_Party/FreeRTOS/Source/queue.c **** 
 555              		.loc 1 317 30 is_stmt 0 view .LVU179
 556 005e 5A70     		strb	r2, [r3, #1]
 319:Middlewares/Third_Party/FreeRTOS/Source/queue.c ****             {
 557              		.loc 1 319 13 is_stmt 1 view .LVU180
 319:Middlewares/Third_Party/FreeRTOS/Source/queue.c ****             {
 558              		.loc 1 319 15 is_stmt 0 view .LVU181
 559 0060 8542     		cmp	r5, r0
 560 0062 12D1     		bne	.L49
 326:Middlewares/Third_Party/FreeRTOS/Source/queue.c ****                 {
 561              		.loc 1 326 17 is_stmt 1 view .LVU182
 326:Middlewares/Third_Party/FreeRTOS/Source/queue.c ****                 {
 562              		.loc 1 326 21 is_stmt 0 view .LVU183
 563 0064 2369     		ldr	r3, [r4, #16]
 326:Middlewares/Third_Party/FreeRTOS/Source/queue.c ****                 {
 564              		.loc 1 326 19 view .LVU184
 565 0066 8342     		cmp	r3, r0
 566 0068 07D0     		beq	.L51
 328:Middlewares/Third_Party/FreeRTOS/Source/queue.c ****                     {
 567              		.loc 1 328 21 is_stmt 1 view .LVU185
 328:Middlewares/Third_Party/FreeRTOS/Source/queue.c ****                     {
 568              		.loc 1 328 51 is_stmt 0 view .LVU186
 569 006a 2000     		movs	r0, r4
 570 006c 1030     		adds	r0, r0, #16
 328:Middlewares/Third_Party/FreeRTOS/Source/queue.c ****                     {
 571              		.loc 1 328 25 view .LVU187
 572 006e FFF7FEFF 		bl	xTaskRemoveFromEventList
 573              	.LVL52:
 328:Middlewares/Third_Party/FreeRTOS/Source/queue.c ****                     {
 574              		.loc 1 328 23 discriminator 1 view .LVU188
 575 0072 0028     		cmp	r0, #0
 576 0074 01D0     		beq	.L51
 330:Middlewares/Third_Party/FreeRTOS/Source/queue.c ****                     }
 577              		.loc 1 330 25 is_stmt 1 view .LVU189
 578 0076 FFF7FEFF 		bl	vPortYield
 579              	.LVL53:
 580              	.L51:
 349:Middlewares/Third_Party/FreeRTOS/Source/queue.c ****     }
 581              		.loc 1 349 9 view .LVU190
 582              	.LBE12:
 583              	.LBE11:
 361:Middlewares/Third_Party/FreeRTOS/Source/queue.c **** /*-----------------------------------------------------------*/
 584              		.loc 1 361 1 is_stmt 0 view .LVU191
 585              		@ sp needed
 586              	.LBB15:
 587              	.LBB13:
 349:Middlewares/Third_Party/FreeRTOS/Source/queue.c ****     }
 588              		.loc 1 349 9 view .LVU192
 589 007a FFF7FEFF 		bl	vPortExitCritical
 590              	.LVL54:
 356:Middlewares/Third_Party/FreeRTOS/Source/queue.c **** 
 591              		.loc 1 356 5 is_stmt 1 view .LVU193
 356:Middlewares/Third_Party/FreeRTOS/Source/queue.c **** 
 592              		.loc 1 356 38 discriminator 2 view .LVU194
 360:Middlewares/Third_Party/FreeRTOS/Source/queue.c **** }
ARM GAS  /tmp/ccMJcgml.s 			page 57


 593              		.loc 1 360 5 view .LVU195
 360:Middlewares/Third_Party/FreeRTOS/Source/queue.c **** }
 594              		.loc 1 360 5 is_stmt 0 view .LVU196
 595              	.LBE13:
 596              	.LBE15:
 361:Middlewares/Third_Party/FreeRTOS/Source/queue.c **** /*-----------------------------------------------------------*/
 597              		.loc 1 361 1 view .LVU197
 598 007e 0120     		movs	r0, #1
 599              	.LVL55:
 600              	.LVL56:
 361:Middlewares/Third_Party/FreeRTOS/Source/queue.c **** /*-----------------------------------------------------------*/
 601              		.loc 1 361 1 view .LVU198
 602 0080 F8BD     		pop	{r3, r4, r5, r6, r7, pc}
 603              	.LVL57:
 604              	.L44:
 308:Middlewares/Third_Party/FreeRTOS/Source/queue.c ****     {
 605              		.loc 1 308 44 view .LVU199
 606 0082 002F     		cmp	r7, #0
 607 0084 0AD1     		bne	.L41
 608 0086 101C     		adds	r0, r2, #0
 609              	.LVL58:
 308:Middlewares/Third_Party/FreeRTOS/Source/queue.c ****     {
 610              		.loc 1 308 44 view .LVU200
 611 0088 CDE7     		b	.L46
 612              	.LVL59:
 613              	.L49:
 614              	.LBB16:
 615              	.LBB14:
 345:Middlewares/Third_Party/FreeRTOS/Source/queue.c ****                 vListInitialise( &( pxQueue->xTasksWaitingToReceive ) );
 616              		.loc 1 345 17 is_stmt 1 view .LVU201
 617 008a 2000     		movs	r0, r4
 618 008c 1030     		adds	r0, r0, #16
 619 008e FFF7FEFF 		bl	vListInitialise
 620              	.LVL60:
 346:Middlewares/Third_Party/FreeRTOS/Source/queue.c ****             }
 621              		.loc 1 346 17 view .LVU202
 622 0092 2000     		movs	r0, r4
 623 0094 2430     		adds	r0, r0, #36
 624 0096 FFF7FEFF 		bl	vListInitialise
 625              	.LVL61:
 626 009a EEE7     		b	.L51
 627              	.LVL62:
 628              	.L41:
 346:Middlewares/Third_Party/FreeRTOS/Source/queue.c ****             }
 629              		.loc 1 346 17 is_stmt 0 view .LVU203
 630              	.LBE14:
 631              	.LBE16:
 356:Middlewares/Third_Party/FreeRTOS/Source/queue.c **** 
 632              		.loc 1 356 5 is_stmt 1 discriminator 1 view .LVU204
 633              		.syntax divided
 634              	@ 356 "Middlewares/Third_Party/FreeRTOS/Source/queue.c" 1
 635 009c 72B6     		 cpsid i 
 636              	@ 0 "" 2
 637              		.thumb
 638              		.syntax unified
 639              	.L53:
 356:Middlewares/Third_Party/FreeRTOS/Source/queue.c **** 
ARM GAS  /tmp/ccMJcgml.s 			page 58


 640              		.loc 1 356 5 discriminator 3 view .LVU205
 356:Middlewares/Third_Party/FreeRTOS/Source/queue.c **** 
 641              		.loc 1 356 5 discriminator 3 view .LVU206
 642 009e FEE7     		b	.L53
 643              		.cfi_endproc
 644              	.LFE0:
 646              		.section	.text.xQueueGenericCreate,"ax",%progbits
 647              		.align	1
 648              		.global	xQueueGenericCreate
 649              		.syntax unified
 650              		.code	16
 651              		.thumb_func
 653              	xQueueGenericCreate:
 654              	.LVL63:
 655              	.LFB1:
 432:Middlewares/Third_Party/FreeRTOS/Source/queue.c ****         Queue_t * pxNewQueue = NULL;
 656              		.loc 1 432 5 view -0
 657              		.cfi_startproc
 658              		@ args = 0, pretend = 0, frame = 0
 659              		@ frame_needed = 0, uses_anonymous_args = 0
 433:Middlewares/Third_Party/FreeRTOS/Source/queue.c ****         size_t xQueueSizeInBytes;
 660              		.loc 1 433 9 view .LVU208
 434:Middlewares/Third_Party/FreeRTOS/Source/queue.c ****         uint8_t * pucQueueStorage;
 661              		.loc 1 434 9 view .LVU209
 435:Middlewares/Third_Party/FreeRTOS/Source/queue.c **** 
 662              		.loc 1 435 9 view .LVU210
 437:Middlewares/Third_Party/FreeRTOS/Source/queue.c ****             /* Check for multiplication overflow. */
 663              		.loc 1 437 9 view .LVU211
 432:Middlewares/Third_Party/FreeRTOS/Source/queue.c ****         Queue_t * pxNewQueue = NULL;
 664              		.loc 1 432 5 is_stmt 0 view .LVU212
 665 0000 F8B5     		push	{r3, r4, r5, r6, r7, lr}
 666              		.cfi_def_cfa_offset 24
 667              		.cfi_offset 3, -24
 668              		.cfi_offset 4, -20
 669              		.cfi_offset 5, -16
 670              		.cfi_offset 6, -12
 671              		.cfi_offset 7, -8
 672              		.cfi_offset 14, -4
 432:Middlewares/Third_Party/FreeRTOS/Source/queue.c ****         Queue_t * pxNewQueue = NULL;
 673              		.loc 1 432 5 view .LVU213
 674 0002 0500     		movs	r5, r0
 675 0004 0C00     		movs	r4, r1
 676 0006 1600     		movs	r6, r2
 437:Middlewares/Third_Party/FreeRTOS/Source/queue.c ****             /* Check for multiplication overflow. */
 677              		.loc 1 437 11 view .LVU214
 678 0008 0028     		cmp	r0, #0
 679 000a 2FD0     		beq	.L63
 439:Middlewares/Third_Party/FreeRTOS/Source/queue.c ****             /* Check for addition overflow. */
 680              		.loc 1 439 44 view .LVU215
 681 000c 030C     		lsrs	r3, r0, #16
 682 000e 080C     		lsrs	r0, r1, #16
 683              	.LVL64:
 439:Middlewares/Third_Party/FreeRTOS/Source/queue.c ****             /* Check for addition overflow. */
 684              		.loc 1 439 44 view .LVU216
 685 0010 002B     		cmp	r3, #0
 686 0012 27D1     		bne	.L66
 687 0014 0028     		cmp	r0, #0
ARM GAS  /tmp/ccMJcgml.s 			page 59


 688 0016 0BD0     		beq	.L82
 689 0018 031C     		adds	r3, r0, #0
 690 001a 291C     		adds	r1, r5, #0
 691              	.LVL65:
 692              	.L68:
 439:Middlewares/Third_Party/FreeRTOS/Source/queue.c ****             /* Check for addition overflow. */
 693              		.loc 1 439 44 view .LVU217
 694 001c A8B2     		uxth	r0, r5
 695 001e A2B2     		uxth	r2, r4
 696              	.LVL66:
 439:Middlewares/Third_Party/FreeRTOS/Source/queue.c ****             /* Check for addition overflow. */
 697              		.loc 1 439 44 view .LVU218
 698 0020 4243     		muls	r2, r0
 699 0022 89B2     		uxth	r1, r1
 700 0024 9BB2     		uxth	r3, r3
 701 0026 4B43     		muls	r3, r1
 702 0028 120C     		lsrs	r2, r2, #16
 703 002a 9B18     		adds	r3, r3, r2
 704 002c 1B0C     		lsrs	r3, r3, #16
 705 002e 1DD1     		bne	.L63
 706              	.L82:
 441:Middlewares/Third_Party/FreeRTOS/Source/queue.c ****         {
 707              		.loc 1 441 67 view .LVU219
 708 0030 2000     		movs	r0, r4
 709 0032 6843     		muls	r0, r5
 439:Middlewares/Third_Party/FreeRTOS/Source/queue.c ****             /* Check for addition overflow. */
 710              		.loc 1 439 60 view .LVU220
 711 0034 0300     		movs	r3, r0
 712 0036 5133     		adds	r3, r3, #81
 713 0038 18D8     		bhi	.L63
 446:Middlewares/Third_Party/FreeRTOS/Source/queue.c **** 
 714              		.loc 1 446 13 is_stmt 1 view .LVU221
 715              	.LVL67:
 457:Middlewares/Third_Party/FreeRTOS/Source/queue.c **** 
 716              		.loc 1 457 13 view .LVU222
 457:Middlewares/Third_Party/FreeRTOS/Source/queue.c **** 
 717              		.loc 1 457 40 is_stmt 0 view .LVU223
 718 003a 5030     		adds	r0, r0, #80
 719              	.LVL68:
 457:Middlewares/Third_Party/FreeRTOS/Source/queue.c **** 
 720              		.loc 1 457 40 view .LVU224
 721 003c FFF7FEFF 		bl	pvPortMalloc
 722              	.LVL69:
 457:Middlewares/Third_Party/FreeRTOS/Source/queue.c **** 
 723              		.loc 1 457 40 view .LVU225
 724 0040 071E     		subs	r7, r0, #0
 725              	.LVL70:
 459:Middlewares/Third_Party/FreeRTOS/Source/queue.c ****             {
 726              		.loc 1 459 13 is_stmt 1 view .LVU226
 459:Middlewares/Third_Party/FreeRTOS/Source/queue.c ****             {
 727              		.loc 1 459 15 is_stmt 0 view .LVU227
 728 0042 0DD0     		beq	.L62
 463:Middlewares/Third_Party/FreeRTOS/Source/queue.c ****                 pucQueueStorage += sizeof( Queue_t ); /*lint !e9016 Pointer arithmetic allowed on c
 729              		.loc 1 463 17 is_stmt 1 view .LVU228
 730              	.LVL71:
 464:Middlewares/Third_Party/FreeRTOS/Source/queue.c **** 
 731              		.loc 1 464 17 view .LVU229
ARM GAS  /tmp/ccMJcgml.s 			page 60


 475:Middlewares/Third_Party/FreeRTOS/Source/queue.c ****             }
 732              		.loc 1 475 17 view .LVU230
 733              	.LBB19:
 734              	.LBI19:
 495:Middlewares/Third_Party/FreeRTOS/Source/queue.c ****                                    const UBaseType_t uxItemSize,
 735              		.loc 1 495 13 view .LVU231
 736              	.LBB20:
 503:Middlewares/Third_Party/FreeRTOS/Source/queue.c **** 
 737              		.loc 1 503 5 view .LVU232
 505:Middlewares/Third_Party/FreeRTOS/Source/queue.c ****     {
 738              		.loc 1 505 5 view .LVU233
 511:Middlewares/Third_Party/FreeRTOS/Source/queue.c ****     }
 739              		.loc 1 511 28 is_stmt 0 view .LVU234
 740 0044 0300     		movs	r3, r0
 505:Middlewares/Third_Party/FreeRTOS/Source/queue.c ****     {
 741              		.loc 1 505 7 view .LVU235
 742 0046 002C     		cmp	r4, #0
 743 0048 00D0     		beq	.L72
 744              	.LBE20:
 745              	.LBE19:
 464:Middlewares/Third_Party/FreeRTOS/Source/queue.c **** 
 746              		.loc 1 464 33 view .LVU236
 747 004a 5033     		adds	r3, r3, #80
 748              	.LVL72:
 749              	.LBB22:
 750              	.LBB21:
 516:Middlewares/Third_Party/FreeRTOS/Source/queue.c ****     }
 751              		.loc 1 516 9 is_stmt 1 view .LVU237
 752              	.L72:
 516:Middlewares/Third_Party/FreeRTOS/Source/queue.c ****     }
 753              		.loc 1 516 9 is_stmt 0 view .LVU238
 754 004c 3B60     		str	r3, [r7]
 521:Middlewares/Third_Party/FreeRTOS/Source/queue.c ****     pxNewQueue->uxItemSize = uxItemSize;
 755              		.loc 1 521 5 is_stmt 1 view .LVU239
 523:Middlewares/Third_Party/FreeRTOS/Source/queue.c **** 
 756              		.loc 1 523 14 is_stmt 0 view .LVU240
 757 004e 0121     		movs	r1, #1
 758 0050 3800     		movs	r0, r7
 759              	.LVL73:
 521:Middlewares/Third_Party/FreeRTOS/Source/queue.c ****     pxNewQueue->uxItemSize = uxItemSize;
 760              		.loc 1 521 26 view .LVU241
 761 0052 FD63     		str	r5, [r7, #60]
 522:Middlewares/Third_Party/FreeRTOS/Source/queue.c ****     ( void ) xQueueGenericReset( pxNewQueue, pdTRUE );
 762              		.loc 1 522 5 is_stmt 1 view .LVU242
 522:Middlewares/Third_Party/FreeRTOS/Source/queue.c ****     ( void ) xQueueGenericReset( pxNewQueue, pdTRUE );
 763              		.loc 1 522 28 is_stmt 0 view .LVU243
 764 0054 3C64     		str	r4, [r7, #64]
 523:Middlewares/Third_Party/FreeRTOS/Source/queue.c **** 
 765              		.loc 1 523 5 is_stmt 1 view .LVU244
 523:Middlewares/Third_Party/FreeRTOS/Source/queue.c **** 
 766              		.loc 1 523 14 is_stmt 0 view .LVU245
 767 0056 FFF7FEFF 		bl	xQueueGenericReset
 768              	.LVL74:
 527:Middlewares/Third_Party/FreeRTOS/Source/queue.c ****     }
 769              		.loc 1 527 9 is_stmt 1 view .LVU246
 527:Middlewares/Third_Party/FreeRTOS/Source/queue.c ****     }
 770              		.loc 1 527 33 is_stmt 0 view .LVU247
ARM GAS  /tmp/ccMJcgml.s 			page 61


 771 005a 3B00     		movs	r3, r7
 772 005c 4C33     		adds	r3, r3, #76
 773 005e 1E70     		strb	r6, [r3]
 537:Middlewares/Third_Party/FreeRTOS/Source/queue.c **** }
 774              		.loc 1 537 36 is_stmt 1 view .LVU248
 775              	.LVL75:
 776              	.L62:
 537:Middlewares/Third_Party/FreeRTOS/Source/queue.c **** }
 777              		.loc 1 537 36 is_stmt 0 view .LVU249
 778              	.LBE21:
 779              	.LBE22:
 490:Middlewares/Third_Party/FreeRTOS/Source/queue.c **** 
 780              		.loc 1 490 5 view .LVU250
 781 0060 3800     		movs	r0, r7
 782              		@ sp needed
 783              	.LVL76:
 784              	.LVL77:
 785              	.LVL78:
 786              	.LVL79:
 490:Middlewares/Third_Party/FreeRTOS/Source/queue.c **** 
 787              		.loc 1 490 5 view .LVU251
 788 0062 F8BD     		pop	{r3, r4, r5, r6, r7, pc}
 789              	.LVL80:
 790              	.L66:
 439:Middlewares/Third_Party/FreeRTOS/Source/queue.c ****             /* Check for addition overflow. */
 791              		.loc 1 439 44 view .LVU252
 792 0064 0028     		cmp	r0, #0
 793 0066 01D1     		bne	.L63
 794 0068 211C     		adds	r1, r4, #0
 795              	.LVL81:
 439:Middlewares/Third_Party/FreeRTOS/Source/queue.c ****             /* Check for addition overflow. */
 796              		.loc 1 439 44 view .LVU253
 797 006a D7E7     		b	.L68
 798              	.LVL82:
 799              	.L63:
 485:Middlewares/Third_Party/FreeRTOS/Source/queue.c ****             mtCOVERAGE_TEST_MARKER();
 800              		.loc 1 485 13 is_stmt 1 view .LVU254
 485:Middlewares/Third_Party/FreeRTOS/Source/queue.c ****             mtCOVERAGE_TEST_MARKER();
 801              		.loc 1 485 13 discriminator 1 view .LVU255
 802              		.syntax divided
 803              	@ 485 "Middlewares/Third_Party/FreeRTOS/Source/queue.c" 1
 804 006c 72B6     		 cpsid i 
 805              	@ 0 "" 2
 806              		.thumb
 807              		.syntax unified
 808              	.L73:
 485:Middlewares/Third_Party/FreeRTOS/Source/queue.c ****             mtCOVERAGE_TEST_MARKER();
 809              		.loc 1 485 13 discriminator 3 view .LVU256
 485:Middlewares/Third_Party/FreeRTOS/Source/queue.c ****             mtCOVERAGE_TEST_MARKER();
 810              		.loc 1 485 13 discriminator 3 view .LVU257
 811 006e FEE7     		b	.L73
 812              		.cfi_endproc
 813              	.LFE1:
 815              		.section	.text.xQueueGetMutexHolder,"ax",%progbits
 816              		.align	1
 817              		.global	xQueueGetMutexHolder
 818              		.syntax unified
ARM GAS  /tmp/ccMJcgml.s 			page 62


 819              		.code	16
 820              		.thumb_func
 822              	xQueueGetMutexHolder:
 823              	.LVL83:
 824              	.LFB5:
 611:Middlewares/Third_Party/FreeRTOS/Source/queue.c ****         TaskHandle_t pxReturn;
 825              		.loc 1 611 5 view -0
 826              		.cfi_startproc
 827              		@ args = 0, pretend = 0, frame = 0
 828              		@ frame_needed = 0, uses_anonymous_args = 0
 612:Middlewares/Third_Party/FreeRTOS/Source/queue.c ****         Queue_t * const pxSemaphore = ( Queue_t * ) xSemaphore;
 829              		.loc 1 612 9 view .LVU259
 613:Middlewares/Third_Party/FreeRTOS/Source/queue.c **** 
 830              		.loc 1 613 9 view .LVU260
 615:Middlewares/Third_Party/FreeRTOS/Source/queue.c **** 
 831              		.loc 1 615 9 view .LVU261
 611:Middlewares/Third_Party/FreeRTOS/Source/queue.c ****         TaskHandle_t pxReturn;
 832              		.loc 1 611 5 is_stmt 0 view .LVU262
 833 0000 70B5     		push	{r4, r5, r6, lr}
 834              		.cfi_def_cfa_offset 16
 835              		.cfi_offset 4, -16
 836              		.cfi_offset 5, -12
 837              		.cfi_offset 6, -8
 838              		.cfi_offset 14, -4
 611:Middlewares/Third_Party/FreeRTOS/Source/queue.c ****         TaskHandle_t pxReturn;
 839              		.loc 1 611 5 view .LVU263
 840 0002 041E     		subs	r4, r0, #0
 615:Middlewares/Third_Party/FreeRTOS/Source/queue.c **** 
 841              		.loc 1 615 9 view .LVU264
 842 0004 01D1     		bne	.L85
 615:Middlewares/Third_Party/FreeRTOS/Source/queue.c **** 
 843              		.loc 1 615 9 is_stmt 1 discriminator 1 view .LVU265
 844              		.syntax divided
 845              	@ 615 "Middlewares/Third_Party/FreeRTOS/Source/queue.c" 1
 846 0006 72B6     		 cpsid i 
 847              	@ 0 "" 2
 848              		.thumb
 849              		.syntax unified
 850              	.L86:
 615:Middlewares/Third_Party/FreeRTOS/Source/queue.c **** 
 851              		.loc 1 615 9 discriminator 3 view .LVU266
 615:Middlewares/Third_Party/FreeRTOS/Source/queue.c **** 
 852              		.loc 1 615 9 discriminator 3 view .LVU267
 853 0008 FEE7     		b	.L86
 854              	.L85:
 615:Middlewares/Third_Party/FreeRTOS/Source/queue.c **** 
 855              		.loc 1 615 35 discriminator 2 view .LVU268
 622:Middlewares/Third_Party/FreeRTOS/Source/queue.c ****         {
 856              		.loc 1 622 9 view .LVU269
 630:Middlewares/Third_Party/FreeRTOS/Source/queue.c ****             }
 857              		.loc 1 630 26 is_stmt 0 view .LVU270
 858 000a 0025     		movs	r5, #0
 622:Middlewares/Third_Party/FreeRTOS/Source/queue.c ****         {
 859              		.loc 1 622 9 view .LVU271
 860 000c FFF7FEFF 		bl	vPortEnterCritical
 861              	.LVL84:
 624:Middlewares/Third_Party/FreeRTOS/Source/queue.c ****             {
ARM GAS  /tmp/ccMJcgml.s 			page 63


 862              		.loc 1 624 13 is_stmt 1 view .LVU272
 624:Middlewares/Third_Party/FreeRTOS/Source/queue.c ****             {
 863              		.loc 1 624 15 is_stmt 0 view .LVU273
 864 0010 2368     		ldr	r3, [r4]
 865 0012 AB42     		cmp	r3, r5
 866 0014 00D1     		bne	.L87
 626:Middlewares/Third_Party/FreeRTOS/Source/queue.c ****             }
 867              		.loc 1 626 17 is_stmt 1 view .LVU274
 626:Middlewares/Third_Party/FreeRTOS/Source/queue.c ****             }
 868              		.loc 1 626 26 is_stmt 0 view .LVU275
 869 0016 A568     		ldr	r5, [r4, #8]
 870              	.LVL85:
 871              	.L87:
 633:Middlewares/Third_Party/FreeRTOS/Source/queue.c **** 
 872              		.loc 1 633 9 is_stmt 1 view .LVU276
 873 0018 FFF7FEFF 		bl	vPortExitCritical
 874              	.LVL86:
 635:Middlewares/Third_Party/FreeRTOS/Source/queue.c ****     } /*lint !e818 xSemaphore cannot be a pointer to const because it is a typedef. */
 875              		.loc 1 635 9 view .LVU277
 636:Middlewares/Third_Party/FreeRTOS/Source/queue.c **** 
 876              		.loc 1 636 5 is_stmt 0 view .LVU278
 877              		@ sp needed
 878 001c 2800     		movs	r0, r5
 879              	.LVL87:
 880              	.LVL88:
 636:Middlewares/Third_Party/FreeRTOS/Source/queue.c **** 
 881              		.loc 1 636 5 view .LVU279
 882 001e 70BD     		pop	{r4, r5, r6, pc}
 883              		.cfi_endproc
 884              	.LFE5:
 886              		.section	.text.xQueueGetMutexHolderFromISR,"ax",%progbits
 887              		.align	1
 888              		.global	xQueueGetMutexHolderFromISR
 889              		.syntax unified
 890              		.code	16
 891              		.thumb_func
 893              	xQueueGetMutexHolderFromISR:
 894              	.LVL89:
 895              	.LFB6:
 644:Middlewares/Third_Party/FreeRTOS/Source/queue.c ****         TaskHandle_t pxReturn;
 896              		.loc 1 644 5 is_stmt 1 view -0
 897              		.cfi_startproc
 898              		@ args = 0, pretend = 0, frame = 0
 899              		@ frame_needed = 0, uses_anonymous_args = 0
 900              		@ link register save eliminated.
 645:Middlewares/Third_Party/FreeRTOS/Source/queue.c **** 
 901              		.loc 1 645 9 view .LVU281
 647:Middlewares/Third_Party/FreeRTOS/Source/queue.c **** 
 902              		.loc 1 647 9 view .LVU282
 644:Middlewares/Third_Party/FreeRTOS/Source/queue.c ****         TaskHandle_t pxReturn;
 903              		.loc 1 644 5 is_stmt 0 view .LVU283
 904 0000 031E     		subs	r3, r0, #0
 647:Middlewares/Third_Party/FreeRTOS/Source/queue.c **** 
 905              		.loc 1 647 9 view .LVU284
 906 0002 01D1     		bne	.L90
 647:Middlewares/Third_Party/FreeRTOS/Source/queue.c **** 
 907              		.loc 1 647 9 is_stmt 1 discriminator 1 view .LVU285
ARM GAS  /tmp/ccMJcgml.s 			page 64


 908              		.syntax divided
 909              	@ 647 "Middlewares/Third_Party/FreeRTOS/Source/queue.c" 1
 910 0004 72B6     		 cpsid i 
 911              	@ 0 "" 2
 912              		.thumb
 913              		.syntax unified
 914              	.L91:
 647:Middlewares/Third_Party/FreeRTOS/Source/queue.c **** 
 915              		.loc 1 647 9 discriminator 3 view .LVU286
 647:Middlewares/Third_Party/FreeRTOS/Source/queue.c **** 
 916              		.loc 1 647 9 discriminator 3 view .LVU287
 917 0006 FEE7     		b	.L91
 918              	.L90:
 647:Middlewares/Third_Party/FreeRTOS/Source/queue.c **** 
 919              		.loc 1 647 35 discriminator 2 view .LVU288
 652:Middlewares/Third_Party/FreeRTOS/Source/queue.c ****         {
 920              		.loc 1 652 9 view .LVU289
 652:Middlewares/Third_Party/FreeRTOS/Source/queue.c ****         {
 921              		.loc 1 652 11 is_stmt 0 view .LVU290
 922 0008 0268     		ldr	r2, [r0]
 658:Middlewares/Third_Party/FreeRTOS/Source/queue.c ****         }
 923              		.loc 1 658 22 view .LVU291
 924 000a 0020     		movs	r0, #0
 925              	.LVL90:
 652:Middlewares/Third_Party/FreeRTOS/Source/queue.c ****         {
 926              		.loc 1 652 11 view .LVU292
 927 000c 8242     		cmp	r2, r0
 928 000e 00D1     		bne	.L89
 654:Middlewares/Third_Party/FreeRTOS/Source/queue.c ****         }
 929              		.loc 1 654 13 is_stmt 1 view .LVU293
 654:Middlewares/Third_Party/FreeRTOS/Source/queue.c ****         }
 930              		.loc 1 654 22 is_stmt 0 view .LVU294
 931 0010 9868     		ldr	r0, [r3, #8]
 932              	.LVL91:
 933              	.L89:
 662:Middlewares/Third_Party/FreeRTOS/Source/queue.c **** 
 934              		.loc 1 662 5 view .LVU295
 935              		@ sp needed
 936 0012 7047     		bx	lr
 937              		.cfi_endproc
 938              	.LFE6:
 940              		.section	.text.xQueueCreateCountingSemaphore,"ax",%progbits
 941              		.align	1
 942              		.global	xQueueCreateCountingSemaphore
 943              		.syntax unified
 944              		.code	16
 945              		.thumb_func
 947              	xQueueCreateCountingSemaphore:
 948              	.LVL92:
 949              	.LFB9:
 805:Middlewares/Third_Party/FreeRTOS/Source/queue.c ****         QueueHandle_t xHandle = NULL;
 950              		.loc 1 805 5 is_stmt 1 view -0
 951              		.cfi_startproc
 952              		@ args = 0, pretend = 0, frame = 0
 953              		@ frame_needed = 0, uses_anonymous_args = 0
 806:Middlewares/Third_Party/FreeRTOS/Source/queue.c **** 
 954              		.loc 1 806 9 view .LVU297
ARM GAS  /tmp/ccMJcgml.s 			page 65


 808:Middlewares/Third_Party/FreeRTOS/Source/queue.c ****             ( uxInitialCount <= uxMaxCount ) )
 955              		.loc 1 808 9 view .LVU298
 805:Middlewares/Third_Party/FreeRTOS/Source/queue.c ****         QueueHandle_t xHandle = NULL;
 956              		.loc 1 805 5 is_stmt 0 view .LVU299
 957 0000 10B5     		push	{r4, lr}
 958              		.cfi_def_cfa_offset 8
 959              		.cfi_offset 4, -8
 960              		.cfi_offset 14, -4
 805:Middlewares/Third_Party/FreeRTOS/Source/queue.c ****         QueueHandle_t xHandle = NULL;
 961              		.loc 1 805 5 view .LVU300
 962 0002 0C00     		movs	r4, r1
 808:Middlewares/Third_Party/FreeRTOS/Source/queue.c ****             ( uxInitialCount <= uxMaxCount ) )
 963              		.loc 1 808 11 view .LVU301
 964 0004 0028     		cmp	r0, #0
 965 0006 09D0     		beq	.L95
 808:Middlewares/Third_Party/FreeRTOS/Source/queue.c ****             ( uxInitialCount <= uxMaxCount ) )
 966              		.loc 1 808 33 discriminator 1 view .LVU302
 967 0008 8842     		cmp	r0, r1
 968 000a 07D3     		bcc	.L95
 811:Middlewares/Third_Party/FreeRTOS/Source/queue.c **** 
 969              		.loc 1 811 13 is_stmt 1 view .LVU303
 811:Middlewares/Third_Party/FreeRTOS/Source/queue.c **** 
 970              		.loc 1 811 23 is_stmt 0 view .LVU304
 971 000c 0222     		movs	r2, #2
 972 000e 0021     		movs	r1, #0
 973              	.LVL93:
 811:Middlewares/Third_Party/FreeRTOS/Source/queue.c **** 
 974              		.loc 1 811 23 view .LVU305
 975 0010 FFF7FEFF 		bl	xQueueGenericCreate
 976              	.LVL94:
 813:Middlewares/Third_Party/FreeRTOS/Source/queue.c ****             {
 977              		.loc 1 813 13 is_stmt 1 view .LVU306
 813:Middlewares/Third_Party/FreeRTOS/Source/queue.c ****             {
 978              		.loc 1 813 15 is_stmt 0 view .LVU307
 979 0014 0028     		cmp	r0, #0
 980 0016 00D0     		beq	.L94
 815:Middlewares/Third_Party/FreeRTOS/Source/queue.c **** 
 981              		.loc 1 815 17 is_stmt 1 view .LVU308
 815:Middlewares/Third_Party/FreeRTOS/Source/queue.c **** 
 982              		.loc 1 815 62 is_stmt 0 view .LVU309
 983 0018 8463     		str	r4, [r0, #56]
 817:Middlewares/Third_Party/FreeRTOS/Source/queue.c ****             }
 984              		.loc 1 817 49 is_stmt 1 view .LVU310
 985              	.L94:
 831:Middlewares/Third_Party/FreeRTOS/Source/queue.c **** 
 986              		.loc 1 831 5 is_stmt 0 view .LVU311
 987              		@ sp needed
 988              	.LVL95:
 831:Middlewares/Third_Party/FreeRTOS/Source/queue.c **** 
 989              		.loc 1 831 5 view .LVU312
 990 001a 10BD     		pop	{r4, pc}
 991              	.LVL96:
 992              	.L95:
 826:Middlewares/Third_Party/FreeRTOS/Source/queue.c ****             mtCOVERAGE_TEST_MARKER();
 993              		.loc 1 826 13 is_stmt 1 view .LVU313
 826:Middlewares/Third_Party/FreeRTOS/Source/queue.c ****             mtCOVERAGE_TEST_MARKER();
 994              		.loc 1 826 13 discriminator 1 view .LVU314
ARM GAS  /tmp/ccMJcgml.s 			page 66


 995              		.syntax divided
 996              	@ 826 "Middlewares/Third_Party/FreeRTOS/Source/queue.c" 1
 997 001c 72B6     		 cpsid i 
 998              	@ 0 "" 2
 999              		.thumb
 1000              		.syntax unified
 1001              	.L97:
 826:Middlewares/Third_Party/FreeRTOS/Source/queue.c ****             mtCOVERAGE_TEST_MARKER();
 1002              		.loc 1 826 13 discriminator 3 view .LVU315
 826:Middlewares/Third_Party/FreeRTOS/Source/queue.c ****             mtCOVERAGE_TEST_MARKER();
 1003              		.loc 1 826 13 discriminator 3 view .LVU316
 1004 001e FEE7     		b	.L97
 1005              		.cfi_endproc
 1006              	.LFE9:
 1008              		.section	.text.xQueueGenericSend,"ax",%progbits
 1009              		.align	1
 1010              		.global	xQueueGenericSend
 1011              		.syntax unified
 1012              		.code	16
 1013              		.thumb_func
 1015              	xQueueGenericSend:
 1016              	.LVL97:
 1017              	.LFB10:
 840:Middlewares/Third_Party/FreeRTOS/Source/queue.c ****     BaseType_t xEntryTimeSet = pdFALSE, xYieldRequired;
 1018              		.loc 1 840 1 view -0
 1019              		.cfi_startproc
 1020              		@ args = 0, pretend = 0, frame = 16
 1021              		@ frame_needed = 0, uses_anonymous_args = 0
 841:Middlewares/Third_Party/FreeRTOS/Source/queue.c ****     TimeOut_t xTimeOut;
 1022              		.loc 1 841 5 view .LVU318
 842:Middlewares/Third_Party/FreeRTOS/Source/queue.c ****     Queue_t * const pxQueue = xQueue;
 1023              		.loc 1 842 5 view .LVU319
 843:Middlewares/Third_Party/FreeRTOS/Source/queue.c **** 
 1024              		.loc 1 843 5 view .LVU320
 845:Middlewares/Third_Party/FreeRTOS/Source/queue.c ****     configASSERT( !( ( pvItemToQueue == NULL ) && ( pxQueue->uxItemSize != ( UBaseType_t ) 0U ) ) )
 1025              		.loc 1 845 5 view .LVU321
 840:Middlewares/Third_Party/FreeRTOS/Source/queue.c ****     BaseType_t xEntryTimeSet = pdFALSE, xYieldRequired;
 1026              		.loc 1 840 1 is_stmt 0 view .LVU322
 1027 0000 F0B5     		push	{r4, r5, r6, r7, lr}
 1028              		.cfi_def_cfa_offset 20
 1029              		.cfi_offset 4, -20
 1030              		.cfi_offset 5, -16
 1031              		.cfi_offset 6, -12
 1032              		.cfi_offset 7, -8
 1033              		.cfi_offset 14, -4
 1034 0002 85B0     		sub	sp, sp, #20
 1035              		.cfi_def_cfa_offset 40
 840:Middlewares/Third_Party/FreeRTOS/Source/queue.c ****     BaseType_t xEntryTimeSet = pdFALSE, xYieldRequired;
 1036              		.loc 1 840 1 view .LVU323
 1037 0004 0400     		movs	r4, r0
 1038 0006 0F00     		movs	r7, r1
 1039 0008 1E00     		movs	r6, r3
 1040 000a 0192     		str	r2, [sp, #4]
 845:Middlewares/Third_Party/FreeRTOS/Source/queue.c ****     configASSERT( !( ( pvItemToQueue == NULL ) && ( pxQueue->uxItemSize != ( UBaseType_t ) 0U ) ) )
 1041              		.loc 1 845 5 view .LVU324
 1042 000c 0028     		cmp	r0, #0
 1043 000e 01D1     		bne	.L105
ARM GAS  /tmp/ccMJcgml.s 			page 67


 845:Middlewares/Third_Party/FreeRTOS/Source/queue.c ****     configASSERT( !( ( pvItemToQueue == NULL ) && ( pxQueue->uxItemSize != ( UBaseType_t ) 0U ) ) )
 1044              		.loc 1 845 5 is_stmt 1 discriminator 1 view .LVU325
 1045              		.syntax divided
 1046              	@ 845 "Middlewares/Third_Party/FreeRTOS/Source/queue.c" 1
 1047 0010 72B6     		 cpsid i 
 1048              	@ 0 "" 2
 1049              		.thumb
 1050              		.syntax unified
 1051              	.L106:
 845:Middlewares/Third_Party/FreeRTOS/Source/queue.c ****     configASSERT( !( ( pvItemToQueue == NULL ) && ( pxQueue->uxItemSize != ( UBaseType_t ) 0U ) ) )
 1052              		.loc 1 845 5 discriminator 3 view .LVU326
 845:Middlewares/Third_Party/FreeRTOS/Source/queue.c ****     configASSERT( !( ( pvItemToQueue == NULL ) && ( pxQueue->uxItemSize != ( UBaseType_t ) 0U ) ) )
 1053              		.loc 1 845 5 discriminator 3 view .LVU327
 1054 0012 FEE7     		b	.L106
 1055              	.L105:
 845:Middlewares/Third_Party/FreeRTOS/Source/queue.c ****     configASSERT( !( ( pvItemToQueue == NULL ) && ( pxQueue->uxItemSize != ( UBaseType_t ) 0U ) ) )
 1056              		.loc 1 845 28 discriminator 2 view .LVU328
 846:Middlewares/Third_Party/FreeRTOS/Source/queue.c ****     configASSERT( !( ( xCopyPosition == queueOVERWRITE ) && ( pxQueue->uxLength != 1 ) ) );
 1057              		.loc 1 846 5 view .LVU329
 1058 0014 0029     		cmp	r1, #0
 1059 0016 04D1     		bne	.L107
 846:Middlewares/Third_Party/FreeRTOS/Source/queue.c ****     configASSERT( !( ( xCopyPosition == queueOVERWRITE ) && ( pxQueue->uxLength != 1 ) ) );
 1060              		.loc 1 846 5 is_stmt 0 discriminator 2 view .LVU330
 1061 0018 036C     		ldr	r3, [r0, #64]
 1062              	.LVL98:
 846:Middlewares/Third_Party/FreeRTOS/Source/queue.c ****     configASSERT( !( ( xCopyPosition == queueOVERWRITE ) && ( pxQueue->uxLength != 1 ) ) );
 1063              		.loc 1 846 5 discriminator 2 view .LVU331
 1064 001a 002B     		cmp	r3, #0
 1065 001c 01D0     		beq	.L107
 846:Middlewares/Third_Party/FreeRTOS/Source/queue.c ****     configASSERT( !( ( xCopyPosition == queueOVERWRITE ) && ( pxQueue->uxLength != 1 ) ) );
 1066              		.loc 1 846 5 is_stmt 1 discriminator 7 view .LVU332
 1067              		.syntax divided
 1068              	@ 846 "Middlewares/Third_Party/FreeRTOS/Source/queue.c" 1
 1069 001e 72B6     		 cpsid i 
 1070              	@ 0 "" 2
 1071              		.thumb
 1072              		.syntax unified
 1073              	.L108:
 846:Middlewares/Third_Party/FreeRTOS/Source/queue.c ****     configASSERT( !( ( xCopyPosition == queueOVERWRITE ) && ( pxQueue->uxLength != 1 ) ) );
 1074              		.loc 1 846 5 discriminator 9 view .LVU333
 846:Middlewares/Third_Party/FreeRTOS/Source/queue.c ****     configASSERT( !( ( xCopyPosition == queueOVERWRITE ) && ( pxQueue->uxLength != 1 ) ) );
 1075              		.loc 1 846 5 discriminator 9 view .LVU334
 1076 0020 FEE7     		b	.L108
 1077              	.L107:
 846:Middlewares/Third_Party/FreeRTOS/Source/queue.c ****     configASSERT( !( ( xCopyPosition == queueOVERWRITE ) && ( pxQueue->uxLength != 1 ) ) );
 1078              		.loc 1 846 100 discriminator 8 view .LVU335
 847:Middlewares/Third_Party/FreeRTOS/Source/queue.c ****     #if ( ( INCLUDE_xTaskGetSchedulerState == 1 ) || ( configUSE_TIMERS == 1 ) )
 1079              		.loc 1 847 5 view .LVU336
 1080 0022 022E     		cmp	r6, #2
 1081 0024 04D1     		bne	.L109
 847:Middlewares/Third_Party/FreeRTOS/Source/queue.c ****     #if ( ( INCLUDE_xTaskGetSchedulerState == 1 ) || ( configUSE_TIMERS == 1 ) )
 1082              		.loc 1 847 5 is_stmt 0 discriminator 2 view .LVU337
 1083 0026 E36B     		ldr	r3, [r4, #60]
 1084 0028 012B     		cmp	r3, #1
 1085 002a 01D0     		beq	.L109
 847:Middlewares/Third_Party/FreeRTOS/Source/queue.c ****     #if ( ( INCLUDE_xTaskGetSchedulerState == 1 ) || ( configUSE_TIMERS == 1 ) )
 1086              		.loc 1 847 5 is_stmt 1 discriminator 7 view .LVU338
ARM GAS  /tmp/ccMJcgml.s 			page 68


 1087              		.syntax divided
 1088              	@ 847 "Middlewares/Third_Party/FreeRTOS/Source/queue.c" 1
 1089 002c 72B6     		 cpsid i 
 1090              	@ 0 "" 2
 1091              		.thumb
 1092              		.syntax unified
 1093              	.L110:
 847:Middlewares/Third_Party/FreeRTOS/Source/queue.c ****     #if ( ( INCLUDE_xTaskGetSchedulerState == 1 ) || ( configUSE_TIMERS == 1 ) )
 1094              		.loc 1 847 5 discriminator 9 view .LVU339
 847:Middlewares/Third_Party/FreeRTOS/Source/queue.c ****     #if ( ( INCLUDE_xTaskGetSchedulerState == 1 ) || ( configUSE_TIMERS == 1 ) )
 1095              		.loc 1 847 5 discriminator 9 view .LVU340
 1096 002e FEE7     		b	.L110
 1097              	.L109:
 847:Middlewares/Third_Party/FreeRTOS/Source/queue.c ****     #if ( ( INCLUDE_xTaskGetSchedulerState == 1 ) || ( configUSE_TIMERS == 1 ) )
 1098              		.loc 1 847 91 discriminator 8 view .LVU341
 850:Middlewares/Third_Party/FreeRTOS/Source/queue.c ****     }
 1099              		.loc 1 850 9 view .LVU342
 1100 0030 FFF7FEFF 		bl	xTaskGetSchedulerState
 1101              	.LVL99:
 850:Middlewares/Third_Party/FreeRTOS/Source/queue.c ****     }
 1102              		.loc 1 850 9 is_stmt 0 view .LVU343
 1103 0034 051E     		subs	r5, r0, #0
 850:Middlewares/Third_Party/FreeRTOS/Source/queue.c ****     }
 1104              		.loc 1 850 9 discriminator 1 view .LVU344
 1105 0036 1BD0     		beq	.L111
 1106 0038 0025     		movs	r5, #0
 1107              	.LVL100:
 1108              	.L112:
 850:Middlewares/Third_Party/FreeRTOS/Source/queue.c ****     }
 1109              		.loc 1 850 110 is_stmt 1 discriminator 8 view .LVU345
 857:Middlewares/Third_Party/FreeRTOS/Source/queue.c ****     {
 1110              		.loc 1 857 5 view .LVU346
 859:Middlewares/Third_Party/FreeRTOS/Source/queue.c ****         {
 1111              		.loc 1 859 9 view .LVU347
 1112 003a FFF7FEFF 		bl	vPortEnterCritical
 1113              	.LVL101:
 865:Middlewares/Third_Party/FreeRTOS/Source/queue.c ****             {
 1114              		.loc 1 865 13 view .LVU348
 865:Middlewares/Third_Party/FreeRTOS/Source/queue.c ****             {
 1115              		.loc 1 865 26 is_stmt 0 view .LVU349
 1116 003e A26B     		ldr	r2, [r4, #56]
 865:Middlewares/Third_Party/FreeRTOS/Source/queue.c ****             {
 1117              		.loc 1 865 15 view .LVU350
 1118 0040 E36B     		ldr	r3, [r4, #60]
 1119 0042 9A42     		cmp	r2, r3
 1120 0044 19D2     		bcs	.L115
 1121              	.L118:
 867:Middlewares/Third_Party/FreeRTOS/Source/queue.c **** 
 1122              		.loc 1 867 43 is_stmt 1 view .LVU351
 931:Middlewares/Third_Party/FreeRTOS/Source/queue.c **** 
 1123              		.loc 1 931 21 view .LVU352
 931:Middlewares/Third_Party/FreeRTOS/Source/queue.c **** 
 1124              		.loc 1 931 38 is_stmt 0 view .LVU353
 1125 0046 3200     		movs	r2, r6
 1126 0048 3900     		movs	r1, r7
 1127 004a 2000     		movs	r0, r4
 1128 004c FFF7FEFF 		bl	prvCopyDataToQueue
ARM GAS  /tmp/ccMJcgml.s 			page 69


 1129              	.LVL102:
 935:Middlewares/Third_Party/FreeRTOS/Source/queue.c ****                     {
 1130              		.loc 1 935 21 is_stmt 1 view .LVU354
 935:Middlewares/Third_Party/FreeRTOS/Source/queue.c ****                     {
 1131              		.loc 1 935 25 is_stmt 0 view .LVU355
 1132 0050 636A     		ldr	r3, [r4, #36]
 935:Middlewares/Third_Party/FreeRTOS/Source/queue.c ****                     {
 1133              		.loc 1 935 23 view .LVU356
 1134 0052 002B     		cmp	r3, #0
 1135 0054 03D0     		beq	.L149
 937:Middlewares/Third_Party/FreeRTOS/Source/queue.c ****                         {
 1136              		.loc 1 937 25 is_stmt 1 view .LVU357
 937:Middlewares/Third_Party/FreeRTOS/Source/queue.c ****                         {
 1137              		.loc 1 937 55 is_stmt 0 view .LVU358
 1138 0056 2000     		movs	r0, r4
 1139              	.LVL103:
 937:Middlewares/Third_Party/FreeRTOS/Source/queue.c ****                         {
 1140              		.loc 1 937 55 view .LVU359
 1141 0058 2430     		adds	r0, r0, #36
 937:Middlewares/Third_Party/FreeRTOS/Source/queue.c ****                         {
 1142              		.loc 1 937 29 view .LVU360
 1143 005a FFF7FEFF 		bl	xTaskRemoveFromEventList
 1144              	.LVL104:
 1145              	.L149:
 937:Middlewares/Third_Party/FreeRTOS/Source/queue.c ****                         {
 1146              		.loc 1 937 27 discriminator 1 view .LVU361
 1147 005e 0028     		cmp	r0, #0
 1148 0060 01D0     		beq	.L121
 943:Middlewares/Third_Party/FreeRTOS/Source/queue.c ****                         }
 1149              		.loc 1 943 29 is_stmt 1 view .LVU362
 1150 0062 FFF7FEFF 		bl	vPortYield
 1151              	.LVL105:
 1152              	.L121:
 960:Middlewares/Third_Party/FreeRTOS/Source/queue.c ****                     }
 1153              		.loc 1 960 49 view .LVU363
 965:Middlewares/Third_Party/FreeRTOS/Source/queue.c ****                 return pdPASS;
 1154              		.loc 1 965 17 view .LVU364
 1155 0066 FFF7FEFF 		bl	vPortExitCritical
 1156              	.LVL106:
 966:Middlewares/Third_Party/FreeRTOS/Source/queue.c ****             }
 1157              		.loc 1 966 17 view .LVU365
 966:Middlewares/Third_Party/FreeRTOS/Source/queue.c ****             }
 1158              		.loc 1 966 24 is_stmt 0 view .LVU366
 1159 006a 0120     		movs	r0, #1
 1160              	.LVL107:
 1161              	.L104:
1045:Middlewares/Third_Party/FreeRTOS/Source/queue.c **** /*-----------------------------------------------------------*/
 1162              		.loc 1 1045 1 view .LVU367
 1163 006c 05B0     		add	sp, sp, #20
 1164              		@ sp needed
 1165              	.LVL108:
 1166              	.LVL109:
 1167              	.LVL110:
1045:Middlewares/Third_Party/FreeRTOS/Source/queue.c **** /*-----------------------------------------------------------*/
 1168              		.loc 1 1045 1 view .LVU368
 1169 006e F0BD     		pop	{r4, r5, r6, r7, pc}
 1170              	.LVL111:
ARM GAS  /tmp/ccMJcgml.s 			page 70


 1171              	.L111:
 850:Middlewares/Third_Party/FreeRTOS/Source/queue.c ****     }
 1172              		.loc 1 850 9 discriminator 2 view .LVU369
 1173 0070 019B     		ldr	r3, [sp, #4]
 1174 0072 002B     		cmp	r3, #0
 1175 0074 E1D0     		beq	.L112
 850:Middlewares/Third_Party/FreeRTOS/Source/queue.c ****     }
 1176              		.loc 1 850 9 is_stmt 1 discriminator 7 view .LVU370
 1177              		.syntax divided
 1178              	@ 850 "Middlewares/Third_Party/FreeRTOS/Source/queue.c" 1
 1179 0076 72B6     		 cpsid i 
 1180              	@ 0 "" 2
 1181              		.thumb
 1182              		.syntax unified
 1183              	.L114:
 850:Middlewares/Third_Party/FreeRTOS/Source/queue.c ****     }
 1184              		.loc 1 850 9 discriminator 9 view .LVU371
 850:Middlewares/Third_Party/FreeRTOS/Source/queue.c ****     }
 1185              		.loc 1 850 9 discriminator 9 view .LVU372
 1186 0078 FEE7     		b	.L114
 1187              	.LVL112:
 1188              	.L115:
 865:Middlewares/Third_Party/FreeRTOS/Source/queue.c ****             {
 1189              		.loc 1 865 68 is_stmt 0 discriminator 1 view .LVU373
 1190 007a 022E     		cmp	r6, #2
 1191 007c E3D0     		beq	.L118
 970:Middlewares/Third_Party/FreeRTOS/Source/queue.c ****                 {
 1192              		.loc 1 970 17 is_stmt 1 view .LVU374
 970:Middlewares/Third_Party/FreeRTOS/Source/queue.c ****                 {
 1193              		.loc 1 970 19 is_stmt 0 view .LVU375
 1194 007e 019B     		ldr	r3, [sp, #4]
 1195 0080 002B     		cmp	r3, #0
 1196 0082 03D1     		bne	.L124
 974:Middlewares/Third_Party/FreeRTOS/Source/queue.c **** 
 1197              		.loc 1 974 21 is_stmt 1 view .LVU376
 1198 0084 FFF7FEFF 		bl	vPortExitCritical
 1199              	.LVL113:
 978:Middlewares/Third_Party/FreeRTOS/Source/queue.c ****                     return errQUEUE_FULL;
 1200              		.loc 1 978 54 view .LVU377
 979:Middlewares/Third_Party/FreeRTOS/Source/queue.c ****                 }
 1201              		.loc 1 979 21 view .LVU378
 1202              	.L125:
 979:Middlewares/Third_Party/FreeRTOS/Source/queue.c ****                 }
 1203              		.loc 1 979 28 is_stmt 0 view .LVU379
 1204 0088 0020     		movs	r0, #0
 1205 008a EFE7     		b	.L104
 1206              	.LVL114:
 1207              	.L124:
 981:Middlewares/Third_Party/FreeRTOS/Source/queue.c ****                 {
 1208              		.loc 1 981 22 is_stmt 1 view .LVU380
 981:Middlewares/Third_Party/FreeRTOS/Source/queue.c ****                 {
 1209              		.loc 1 981 24 is_stmt 0 view .LVU381
 1210 008c 002D     		cmp	r5, #0
 1211 008e 02D1     		bne	.L126
 985:Middlewares/Third_Party/FreeRTOS/Source/queue.c ****                     xEntryTimeSet = pdTRUE;
 1212              		.loc 1 985 21 is_stmt 1 view .LVU382
 1213 0090 02A8     		add	r0, sp, #8
ARM GAS  /tmp/ccMJcgml.s 			page 71


 1214 0092 FFF7FEFF 		bl	vTaskInternalSetTimeOutState
 1215              	.LVL115:
 986:Middlewares/Third_Party/FreeRTOS/Source/queue.c ****                 }
 1216              		.loc 1 986 21 view .LVU383
 1217              	.L126:
 991:Middlewares/Third_Party/FreeRTOS/Source/queue.c ****                 }
 1218              		.loc 1 991 45 view .LVU384
 995:Middlewares/Third_Party/FreeRTOS/Source/queue.c **** 
 1219              		.loc 1 995 9 view .LVU385
 1220 0096 FFF7FEFF 		bl	vPortExitCritical
 1221              	.LVL116:
1000:Middlewares/Third_Party/FreeRTOS/Source/queue.c ****         prvLockQueue( pxQueue );
 1222              		.loc 1 1000 9 view .LVU386
 1223 009a FFF7FEFF 		bl	vTaskSuspendAll
 1224              	.LVL117:
1001:Middlewares/Third_Party/FreeRTOS/Source/queue.c **** 
 1225              		.loc 1 1001 9 view .LVU387
 1226 009e FFF7FEFF 		bl	vPortEnterCritical
 1227              	.LVL118:
1001:Middlewares/Third_Party/FreeRTOS/Source/queue.c **** 
 1228              		.loc 1 1001 9 discriminator 1 view .LVU388
 1229 00a2 2200     		movs	r2, r4
 1230 00a4 4432     		adds	r2, r2, #68
 1231 00a6 1378     		ldrb	r3, [r2]
 1232 00a8 5BB2     		sxtb	r3, r3
 1233 00aa 0133     		adds	r3, r3, #1
 1234 00ac 01D1     		bne	.L127
1001:Middlewares/Third_Party/FreeRTOS/Source/queue.c **** 
 1235              		.loc 1 1001 9 discriminator 1 view .LVU389
 1236 00ae 0023     		movs	r3, #0
 1237 00b0 1370     		strb	r3, [r2]
 1238              	.L127:
1001:Middlewares/Third_Party/FreeRTOS/Source/queue.c **** 
 1239              		.loc 1 1001 9 discriminator 3 view .LVU390
 1240 00b2 2200     		movs	r2, r4
 1241 00b4 4532     		adds	r2, r2, #69
 1242 00b6 1378     		ldrb	r3, [r2]
 1243 00b8 5BB2     		sxtb	r3, r3
 1244 00ba 0133     		adds	r3, r3, #1
 1245 00bc 01D1     		bne	.L128
1001:Middlewares/Third_Party/FreeRTOS/Source/queue.c **** 
 1246              		.loc 1 1001 9 discriminator 4 view .LVU391
 1247 00be 0023     		movs	r3, #0
 1248 00c0 1370     		strb	r3, [r2]
 1249              	.L128:
1001:Middlewares/Third_Party/FreeRTOS/Source/queue.c **** 
 1250              		.loc 1 1001 9 discriminator 6 view .LVU392
 1251 00c2 FFF7FEFF 		bl	vPortExitCritical
 1252              	.LVL119:
1004:Middlewares/Third_Party/FreeRTOS/Source/queue.c ****         {
 1253              		.loc 1 1004 9 view .LVU393
1004:Middlewares/Third_Party/FreeRTOS/Source/queue.c ****         {
 1254              		.loc 1 1004 13 is_stmt 0 view .LVU394
 1255 00c6 01A9     		add	r1, sp, #4
 1256 00c8 02A8     		add	r0, sp, #8
 1257 00ca FFF7FEFF 		bl	xTaskCheckForTimeOut
 1258              	.LVL120:
ARM GAS  /tmp/ccMJcgml.s 			page 72


1004:Middlewares/Third_Party/FreeRTOS/Source/queue.c ****         {
 1259              		.loc 1 1004 11 discriminator 1 view .LVU395
 1260 00ce 0028     		cmp	r0, #0
 1261 00d0 1FD1     		bne	.L129
1006:Middlewares/Third_Party/FreeRTOS/Source/queue.c ****             {
 1262              		.loc 1 1006 13 is_stmt 1 view .LVU396
 1263              	.LVL121:
 1264              	.LBB25:
 1265              	.LBI25:
2419:Middlewares/Third_Party/FreeRTOS/Source/queue.c **** /*-----------------------------------------------------------*/
2420:Middlewares/Third_Party/FreeRTOS/Source/queue.c **** 
2421:Middlewares/Third_Party/FreeRTOS/Source/queue.c **** BaseType_t xQueueIsQueueEmptyFromISR( const QueueHandle_t xQueue )
2422:Middlewares/Third_Party/FreeRTOS/Source/queue.c **** {
2423:Middlewares/Third_Party/FreeRTOS/Source/queue.c ****     BaseType_t xReturn;
2424:Middlewares/Third_Party/FreeRTOS/Source/queue.c ****     Queue_t * const pxQueue = xQueue;
2425:Middlewares/Third_Party/FreeRTOS/Source/queue.c **** 
2426:Middlewares/Third_Party/FreeRTOS/Source/queue.c ****     configASSERT( pxQueue );
2427:Middlewares/Third_Party/FreeRTOS/Source/queue.c **** 
2428:Middlewares/Third_Party/FreeRTOS/Source/queue.c ****     if( pxQueue->uxMessagesWaiting == ( UBaseType_t ) 0 )
2429:Middlewares/Third_Party/FreeRTOS/Source/queue.c ****     {
2430:Middlewares/Third_Party/FreeRTOS/Source/queue.c ****         xReturn = pdTRUE;
2431:Middlewares/Third_Party/FreeRTOS/Source/queue.c ****     }
2432:Middlewares/Third_Party/FreeRTOS/Source/queue.c ****     else
2433:Middlewares/Third_Party/FreeRTOS/Source/queue.c ****     {
2434:Middlewares/Third_Party/FreeRTOS/Source/queue.c ****         xReturn = pdFALSE;
2435:Middlewares/Third_Party/FreeRTOS/Source/queue.c ****     }
2436:Middlewares/Third_Party/FreeRTOS/Source/queue.c **** 
2437:Middlewares/Third_Party/FreeRTOS/Source/queue.c ****     return xReturn;
2438:Middlewares/Third_Party/FreeRTOS/Source/queue.c **** } /*lint !e818 xQueue could not be pointer to const because it is a typedef. */
2439:Middlewares/Third_Party/FreeRTOS/Source/queue.c **** /*-----------------------------------------------------------*/
2440:Middlewares/Third_Party/FreeRTOS/Source/queue.c **** 
2441:Middlewares/Third_Party/FreeRTOS/Source/queue.c **** static BaseType_t prvIsQueueFull( const Queue_t * pxQueue )
 1266              		.loc 1 2441 19 view .LVU397
 1267              	.LBB26:
2442:Middlewares/Third_Party/FreeRTOS/Source/queue.c **** {
2443:Middlewares/Third_Party/FreeRTOS/Source/queue.c ****     BaseType_t xReturn;
 1268              		.loc 1 2443 5 view .LVU398
2444:Middlewares/Third_Party/FreeRTOS/Source/queue.c **** 
2445:Middlewares/Third_Party/FreeRTOS/Source/queue.c ****     taskENTER_CRITICAL();
 1269              		.loc 1 2445 5 view .LVU399
 1270 00d2 FFF7FEFF 		bl	vPortEnterCritical
 1271              	.LVL122:
2446:Middlewares/Third_Party/FreeRTOS/Source/queue.c ****     {
2447:Middlewares/Third_Party/FreeRTOS/Source/queue.c ****         if( pxQueue->uxMessagesWaiting == pxQueue->uxLength )
 1272              		.loc 1 2447 9 view .LVU400
 1273              		.loc 1 2447 20 is_stmt 0 view .LVU401
 1274 00d6 A26B     		ldr	r2, [r4, #56]
 1275              		.loc 1 2447 11 view .LVU402
 1276 00d8 E36B     		ldr	r3, [r4, #60]
 1277 00da 9A42     		cmp	r2, r3
 1278 00dc 10D1     		bne	.L130
 1279              	.LVL123:
2448:Middlewares/Third_Party/FreeRTOS/Source/queue.c ****         {
2449:Middlewares/Third_Party/FreeRTOS/Source/queue.c ****             xReturn = pdTRUE;
2450:Middlewares/Third_Party/FreeRTOS/Source/queue.c ****         }
2451:Middlewares/Third_Party/FreeRTOS/Source/queue.c ****         else
2452:Middlewares/Third_Party/FreeRTOS/Source/queue.c ****         {
ARM GAS  /tmp/ccMJcgml.s 			page 73


2453:Middlewares/Third_Party/FreeRTOS/Source/queue.c ****             xReturn = pdFALSE;
2454:Middlewares/Third_Party/FreeRTOS/Source/queue.c ****         }
2455:Middlewares/Third_Party/FreeRTOS/Source/queue.c ****     }
2456:Middlewares/Third_Party/FreeRTOS/Source/queue.c ****     taskEXIT_CRITICAL();
 1280              		.loc 1 2456 5 is_stmt 1 view .LVU403
 1281 00de FFF7FEFF 		bl	vPortExitCritical
 1282              	.LVL124:
2457:Middlewares/Third_Party/FreeRTOS/Source/queue.c **** 
2458:Middlewares/Third_Party/FreeRTOS/Source/queue.c ****     return xReturn;
 1283              		.loc 1 2458 5 view .LVU404
 1284              		.loc 1 2458 5 is_stmt 0 view .LVU405
 1285              	.LBE26:
 1286              	.LBE25:
1008:Middlewares/Third_Party/FreeRTOS/Source/queue.c ****                 vTaskPlaceOnEventList( &( pxQueue->xTasksWaitingToSend ), xTicksToWait );
 1287              		.loc 1 1008 55 is_stmt 1 view .LVU406
1009:Middlewares/Third_Party/FreeRTOS/Source/queue.c **** 
 1288              		.loc 1 1009 17 view .LVU407
 1289 00e2 2000     		movs	r0, r4
 1290 00e4 0199     		ldr	r1, [sp, #4]
 1291 00e6 1030     		adds	r0, r0, #16
 1292 00e8 FFF7FEFF 		bl	vTaskPlaceOnEventList
 1293              	.LVL125:
1016:Middlewares/Third_Party/FreeRTOS/Source/queue.c **** 
 1294              		.loc 1 1016 17 view .LVU408
 1295 00ec 2000     		movs	r0, r4
 1296 00ee FFF7FEFF 		bl	prvUnlockQueue
 1297              	.LVL126:
1023:Middlewares/Third_Party/FreeRTOS/Source/queue.c ****                 {
 1298              		.loc 1 1023 17 view .LVU409
1023:Middlewares/Third_Party/FreeRTOS/Source/queue.c ****                 {
 1299              		.loc 1 1023 21 is_stmt 0 view .LVU410
 1300 00f2 FFF7FEFF 		bl	xTaskResumeAll
 1301              	.LVL127:
1023:Middlewares/Third_Party/FreeRTOS/Source/queue.c ****                 {
 1302              		.loc 1 1023 19 discriminator 1 view .LVU411
 1303 00f6 0028     		cmp	r0, #0
 1304 00f8 09D1     		bne	.L132
1025:Middlewares/Third_Party/FreeRTOS/Source/queue.c ****                 }
 1305              		.loc 1 1025 21 is_stmt 1 view .LVU412
 1306 00fa FFF7FEFF 		bl	vPortYield
 1307              	.LVL128:
 1308 00fe 06E0     		b	.L132
 1309              	.LVL129:
 1310              	.L130:
 1311              	.LBB28:
 1312              	.LBB27:
2453:Middlewares/Third_Party/FreeRTOS/Source/queue.c ****         }
 1313              		.loc 1 2453 13 view .LVU413
2456:Middlewares/Third_Party/FreeRTOS/Source/queue.c **** 
 1314              		.loc 1 2456 5 view .LVU414
 1315 0100 FFF7FEFF 		bl	vPortExitCritical
 1316              	.LVL130:
 1317              		.loc 1 2458 5 view .LVU415
 1318              		.loc 1 2458 5 is_stmt 0 view .LVU416
 1319              	.LBE27:
 1320              	.LBE28:
1031:Middlewares/Third_Party/FreeRTOS/Source/queue.c ****                 ( void ) xTaskResumeAll();
ARM GAS  /tmp/ccMJcgml.s 			page 74


 1321              		.loc 1 1031 17 is_stmt 1 view .LVU417
 1322 0104 2000     		movs	r0, r4
 1323 0106 FFF7FEFF 		bl	prvUnlockQueue
 1324              	.LVL131:
1032:Middlewares/Third_Party/FreeRTOS/Source/queue.c ****             }
 1325              		.loc 1 1032 17 view .LVU418
1032:Middlewares/Third_Party/FreeRTOS/Source/queue.c ****             }
 1326              		.loc 1 1032 26 is_stmt 0 view .LVU419
 1327 010a FFF7FEFF 		bl	xTaskResumeAll
 1328              	.LVL132:
 1329              	.L132:
1032:Middlewares/Third_Party/FreeRTOS/Source/queue.c ****             }
 1330              		.loc 1 1032 26 view .LVU420
 1331 010e 0125     		movs	r5, #1
 1332 0110 93E7     		b	.L112
 1333              	.L129:
1038:Middlewares/Third_Party/FreeRTOS/Source/queue.c ****             ( void ) xTaskResumeAll();
 1334              		.loc 1 1038 13 is_stmt 1 view .LVU421
 1335 0112 2000     		movs	r0, r4
 1336 0114 FFF7FEFF 		bl	prvUnlockQueue
 1337              	.LVL133:
1039:Middlewares/Third_Party/FreeRTOS/Source/queue.c **** 
 1338              		.loc 1 1039 13 view .LVU422
1039:Middlewares/Third_Party/FreeRTOS/Source/queue.c **** 
 1339              		.loc 1 1039 22 is_stmt 0 view .LVU423
 1340 0118 FFF7FEFF 		bl	xTaskResumeAll
 1341              	.LVL134:
1041:Middlewares/Third_Party/FreeRTOS/Source/queue.c ****             return errQUEUE_FULL;
 1342              		.loc 1 1041 46 is_stmt 1 view .LVU424
1042:Middlewares/Third_Party/FreeRTOS/Source/queue.c ****         }
 1343              		.loc 1 1042 13 view .LVU425
1042:Middlewares/Third_Party/FreeRTOS/Source/queue.c ****         }
 1344              		.loc 1 1042 20 is_stmt 0 view .LVU426
 1345 011c B4E7     		b	.L125
 1346              		.cfi_endproc
 1347              	.LFE10:
 1349              		.section	.text.xQueueCreateMutex,"ax",%progbits
 1350              		.align	1
 1351              		.global	xQueueCreateMutex
 1352              		.syntax unified
 1353              		.code	16
 1354              		.thumb_func
 1356              	xQueueCreateMutex:
 1357              	.LVL135:
 1358              	.LFB4:
 574:Middlewares/Third_Party/FreeRTOS/Source/queue.c ****         QueueHandle_t xNewQueue;
 1359              		.loc 1 574 5 is_stmt 1 view -0
 1360              		.cfi_startproc
 1361              		@ args = 0, pretend = 0, frame = 0
 1362              		@ frame_needed = 0, uses_anonymous_args = 0
 575:Middlewares/Third_Party/FreeRTOS/Source/queue.c ****         const UBaseType_t uxMutexLength = ( UBaseType_t ) 1, uxMutexSize = ( UBaseType_t ) 0;
 1363              		.loc 1 575 9 view .LVU428
 576:Middlewares/Third_Party/FreeRTOS/Source/queue.c **** 
 1364              		.loc 1 576 9 view .LVU429
 578:Middlewares/Third_Party/FreeRTOS/Source/queue.c ****         prvInitialiseMutex( ( Queue_t * ) xNewQueue );
 1365              		.loc 1 578 9 view .LVU430
 574:Middlewares/Third_Party/FreeRTOS/Source/queue.c ****         QueueHandle_t xNewQueue;
ARM GAS  /tmp/ccMJcgml.s 			page 75


 1366              		.loc 1 574 5 is_stmt 0 view .LVU431
 1367 0000 0200     		movs	r2, r0
 1368 0002 10B5     		push	{r4, lr}
 1369              		.cfi_def_cfa_offset 8
 1370              		.cfi_offset 4, -8
 1371              		.cfi_offset 14, -4
 578:Middlewares/Third_Party/FreeRTOS/Source/queue.c ****         prvInitialiseMutex( ( Queue_t * ) xNewQueue );
 1372              		.loc 1 578 21 view .LVU432
 1373 0004 0021     		movs	r1, #0
 1374 0006 0120     		movs	r0, #1
 1375              	.LVL136:
 578:Middlewares/Third_Party/FreeRTOS/Source/queue.c ****         prvInitialiseMutex( ( Queue_t * ) xNewQueue );
 1376              		.loc 1 578 21 view .LVU433
 1377 0008 FFF7FEFF 		bl	xQueueGenericCreate
 1378              	.LVL137:
 578:Middlewares/Third_Party/FreeRTOS/Source/queue.c ****         prvInitialiseMutex( ( Queue_t * ) xNewQueue );
 1379              		.loc 1 578 21 view .LVU434
 1380 000c 041E     		subs	r4, r0, #0
 1381              	.LVL138:
 579:Middlewares/Third_Party/FreeRTOS/Source/queue.c **** 
 1382              		.loc 1 579 9 is_stmt 1 view .LVU435
 1383              	.LBB31:
 1384              	.LBI31:
 543:Middlewares/Third_Party/FreeRTOS/Source/queue.c ****     {
 1385              		.loc 1 543 17 view .LVU436
 1386              	.LBB32:
 545:Middlewares/Third_Party/FreeRTOS/Source/queue.c ****         {
 1387              		.loc 1 545 9 view .LVU437
 545:Middlewares/Third_Party/FreeRTOS/Source/queue.c ****         {
 1388              		.loc 1 545 11 is_stmt 0 view .LVU438
 1389 000e 07D0     		beq	.L150
 551:Middlewares/Third_Party/FreeRTOS/Source/queue.c ****             pxNewQueue->uxQueueType = queueQUEUE_IS_MUTEX;
 1390              		.loc 1 551 13 is_stmt 1 view .LVU439
 551:Middlewares/Third_Party/FreeRTOS/Source/queue.c ****             pxNewQueue->uxQueueType = queueQUEUE_IS_MUTEX;
 1391              		.loc 1 551 51 is_stmt 0 view .LVU440
 1392 0010 0021     		movs	r1, #0
 560:Middlewares/Third_Party/FreeRTOS/Source/queue.c ****         }
 1393              		.loc 1 560 22 view .LVU441
 1394 0012 0B00     		movs	r3, r1
 1395 0014 0A00     		movs	r2, r1
 551:Middlewares/Third_Party/FreeRTOS/Source/queue.c ****             pxNewQueue->uxQueueType = queueQUEUE_IS_MUTEX;
 1396              		.loc 1 551 51 view .LVU442
 1397 0016 8160     		str	r1, [r0, #8]
 552:Middlewares/Third_Party/FreeRTOS/Source/queue.c **** 
 1398              		.loc 1 552 13 is_stmt 1 view .LVU443
 552:Middlewares/Third_Party/FreeRTOS/Source/queue.c **** 
 1399              		.loc 1 552 37 is_stmt 0 view .LVU444
 1400 0018 0160     		str	r1, [r0]
 555:Middlewares/Third_Party/FreeRTOS/Source/queue.c **** 
 1401              		.loc 1 555 13 is_stmt 1 view .LVU445
 555:Middlewares/Third_Party/FreeRTOS/Source/queue.c **** 
 1402              		.loc 1 555 59 is_stmt 0 view .LVU446
 1403 001a C160     		str	r1, [r0, #12]
 557:Middlewares/Third_Party/FreeRTOS/Source/queue.c **** 
 1404              		.loc 1 557 44 is_stmt 1 view .LVU447
 560:Middlewares/Third_Party/FreeRTOS/Source/queue.c ****         }
 1405              		.loc 1 560 13 view .LVU448
ARM GAS  /tmp/ccMJcgml.s 			page 76


 560:Middlewares/Third_Party/FreeRTOS/Source/queue.c ****         }
 1406              		.loc 1 560 22 is_stmt 0 view .LVU449
 1407 001c FFF7FEFF 		bl	xQueueGenericSend
 1408              	.LVL139:
 564:Middlewares/Third_Party/FreeRTOS/Source/queue.c ****         }
 1409              		.loc 1 564 39 is_stmt 1 view .LVU450
 564:Middlewares/Third_Party/FreeRTOS/Source/queue.c ****         }
 1410              		.loc 1 564 39 is_stmt 0 view .LVU451
 1411              	.LBE32:
 1412              	.LBE31:
 581:Middlewares/Third_Party/FreeRTOS/Source/queue.c ****     }
 1413              		.loc 1 581 9 is_stmt 1 view .LVU452
 1414              	.L150:
 582:Middlewares/Third_Party/FreeRTOS/Source/queue.c **** 
 1415              		.loc 1 582 5 is_stmt 0 view .LVU453
 1416              		@ sp needed
 1417 0020 2000     		movs	r0, r4
 1418              	.LVL140:
 582:Middlewares/Third_Party/FreeRTOS/Source/queue.c **** 
 1419              		.loc 1 582 5 view .LVU454
 1420 0022 10BD     		pop	{r4, pc}
 1421              		.cfi_endproc
 1422              	.LFE4:
 1424              		.section	.text.xQueueGiveMutexRecursive,"ax",%progbits
 1425              		.align	1
 1426              		.global	xQueueGiveMutexRecursive
 1427              		.syntax unified
 1428              		.code	16
 1429              		.thumb_func
 1431              	xQueueGiveMutexRecursive:
 1432              	.LVL141:
 1433              	.LFB7:
 670:Middlewares/Third_Party/FreeRTOS/Source/queue.c ****         BaseType_t xReturn;
 1434              		.loc 1 670 5 is_stmt 1 view -0
 1435              		.cfi_startproc
 1436              		@ args = 0, pretend = 0, frame = 0
 1437              		@ frame_needed = 0, uses_anonymous_args = 0
 671:Middlewares/Third_Party/FreeRTOS/Source/queue.c ****         Queue_t * const pxMutex = ( Queue_t * ) xMutex;
 1438              		.loc 1 671 9 view .LVU456
 672:Middlewares/Third_Party/FreeRTOS/Source/queue.c **** 
 1439              		.loc 1 672 9 view .LVU457
 674:Middlewares/Third_Party/FreeRTOS/Source/queue.c **** 
 1440              		.loc 1 674 9 view .LVU458
 670:Middlewares/Third_Party/FreeRTOS/Source/queue.c ****         BaseType_t xReturn;
 1441              		.loc 1 670 5 is_stmt 0 view .LVU459
 1442 0000 70B5     		push	{r4, r5, r6, lr}
 1443              		.cfi_def_cfa_offset 16
 1444              		.cfi_offset 4, -16
 1445              		.cfi_offset 5, -12
 1446              		.cfi_offset 6, -8
 1447              		.cfi_offset 14, -4
 670:Middlewares/Third_Party/FreeRTOS/Source/queue.c ****         BaseType_t xReturn;
 1448              		.loc 1 670 5 view .LVU460
 1449 0002 041E     		subs	r4, r0, #0
 674:Middlewares/Third_Party/FreeRTOS/Source/queue.c **** 
 1450              		.loc 1 674 9 view .LVU461
 1451 0004 01D1     		bne	.L156
ARM GAS  /tmp/ccMJcgml.s 			page 77


 674:Middlewares/Third_Party/FreeRTOS/Source/queue.c **** 
 1452              		.loc 1 674 9 is_stmt 1 discriminator 1 view .LVU462
 1453              		.syntax divided
 1454              	@ 674 "Middlewares/Third_Party/FreeRTOS/Source/queue.c" 1
 1455 0006 72B6     		 cpsid i 
 1456              	@ 0 "" 2
 1457              		.thumb
 1458              		.syntax unified
 1459              	.L157:
 674:Middlewares/Third_Party/FreeRTOS/Source/queue.c **** 
 1460              		.loc 1 674 9 discriminator 3 view .LVU463
 674:Middlewares/Third_Party/FreeRTOS/Source/queue.c **** 
 1461              		.loc 1 674 9 discriminator 3 view .LVU464
 1462 0008 FEE7     		b	.L157
 1463              	.L156:
 674:Middlewares/Third_Party/FreeRTOS/Source/queue.c **** 
 1464              		.loc 1 674 32 discriminator 2 view .LVU465
 682:Middlewares/Third_Party/FreeRTOS/Source/queue.c ****         {
 1465              		.loc 1 682 9 view .LVU466
 682:Middlewares/Third_Party/FreeRTOS/Source/queue.c ****         {
 1466              		.loc 1 682 34 is_stmt 0 view .LVU467
 1467 000a 8568     		ldr	r5, [r0, #8]
 682:Middlewares/Third_Party/FreeRTOS/Source/queue.c ****         {
 1468              		.loc 1 682 51 view .LVU468
 1469 000c FFF7FEFF 		bl	xTaskGetCurrentTaskHandle
 1470              	.LVL142:
 711:Middlewares/Third_Party/FreeRTOS/Source/queue.c **** 
 1471              		.loc 1 711 21 view .LVU469
 1472 0010 0023     		movs	r3, #0
 682:Middlewares/Third_Party/FreeRTOS/Source/queue.c ****         {
 1473              		.loc 1 682 11 discriminator 1 view .LVU470
 1474 0012 8542     		cmp	r5, r0
 1475 0014 05D1     		bne	.L155
 684:Middlewares/Third_Party/FreeRTOS/Source/queue.c **** 
 1476              		.loc 1 684 49 is_stmt 1 view .LVU471
 691:Middlewares/Third_Party/FreeRTOS/Source/queue.c **** 
 1477              		.loc 1 691 13 view .LVU472
 691:Middlewares/Third_Party/FreeRTOS/Source/queue.c **** 
 1478              		.loc 1 691 59 is_stmt 0 view .LVU473
 1479 0016 E168     		ldr	r1, [r4, #12]
 1480 0018 0139     		subs	r1, r1, #1
 1481 001a E160     		str	r1, [r4, #12]
 694:Middlewares/Third_Party/FreeRTOS/Source/queue.c ****             {
 1482              		.loc 1 694 13 is_stmt 1 view .LVU474
 694:Middlewares/Third_Party/FreeRTOS/Source/queue.c ****             {
 1483              		.loc 1 694 15 is_stmt 0 view .LVU475
 1484 001c 9942     		cmp	r1, r3
 1485 001e 02D0     		beq	.L159
 1486              	.L160:
 705:Middlewares/Third_Party/FreeRTOS/Source/queue.c ****         }
 1487              		.loc 1 705 21 view .LVU476
 1488 0020 0123     		movs	r3, #1
 1489              	.L155:
 717:Middlewares/Third_Party/FreeRTOS/Source/queue.c **** 
 1490              		.loc 1 717 5 view .LVU477
 1491              		@ sp needed
 1492 0022 1800     		movs	r0, r3
ARM GAS  /tmp/ccMJcgml.s 			page 78


 1493              	.LVL143:
 717:Middlewares/Third_Party/FreeRTOS/Source/queue.c **** 
 1494              		.loc 1 717 5 view .LVU478
 1495 0024 70BD     		pop	{r4, r5, r6, pc}
 1496              	.LVL144:
 1497              	.L159:
 698:Middlewares/Third_Party/FreeRTOS/Source/queue.c ****             }
 1498              		.loc 1 698 17 is_stmt 1 view .LVU479
 698:Middlewares/Third_Party/FreeRTOS/Source/queue.c ****             }
 1499              		.loc 1 698 26 is_stmt 0 view .LVU480
 1500 0026 0B00     		movs	r3, r1
 1501 0028 0A00     		movs	r2, r1
 1502 002a 2000     		movs	r0, r4
 1503 002c FFF7FEFF 		bl	xQueueGenericSend
 1504              	.LVL145:
 1505 0030 F6E7     		b	.L160
 1506              		.cfi_endproc
 1507              	.LFE7:
 1509              		.section	.text.xQueueGenericSendFromISR,"ax",%progbits
 1510              		.align	1
 1511              		.global	xQueueGenericSendFromISR
 1512              		.syntax unified
 1513              		.code	16
 1514              		.thumb_func
 1516              	xQueueGenericSendFromISR:
 1517              	.LVL146:
 1518              	.LFB11:
1052:Middlewares/Third_Party/FreeRTOS/Source/queue.c ****     BaseType_t xReturn;
 1519              		.loc 1 1052 1 is_stmt 1 view -0
 1520              		.cfi_startproc
 1521              		@ args = 0, pretend = 0, frame = 16
 1522              		@ frame_needed = 0, uses_anonymous_args = 0
1053:Middlewares/Third_Party/FreeRTOS/Source/queue.c ****     UBaseType_t uxSavedInterruptStatus;
 1523              		.loc 1 1053 5 view .LVU482
1054:Middlewares/Third_Party/FreeRTOS/Source/queue.c ****     Queue_t * const pxQueue = xQueue;
 1524              		.loc 1 1054 5 view .LVU483
1055:Middlewares/Third_Party/FreeRTOS/Source/queue.c **** 
 1525              		.loc 1 1055 5 view .LVU484
1057:Middlewares/Third_Party/FreeRTOS/Source/queue.c ****     configASSERT( !( ( pvItemToQueue == NULL ) && ( pxQueue->uxItemSize != ( UBaseType_t ) 0U ) ) )
 1526              		.loc 1 1057 5 view .LVU485
1052:Middlewares/Third_Party/FreeRTOS/Source/queue.c ****     BaseType_t xReturn;
 1527              		.loc 1 1052 1 is_stmt 0 view .LVU486
 1528 0000 F0B5     		push	{r4, r5, r6, r7, lr}
 1529              		.cfi_def_cfa_offset 20
 1530              		.cfi_offset 4, -20
 1531              		.cfi_offset 5, -16
 1532              		.cfi_offset 6, -12
 1533              		.cfi_offset 7, -8
 1534              		.cfi_offset 14, -4
 1535 0002 85B0     		sub	sp, sp, #20
 1536              		.cfi_def_cfa_offset 40
1052:Middlewares/Third_Party/FreeRTOS/Source/queue.c ****     BaseType_t xReturn;
 1537              		.loc 1 1052 1 view .LVU487
 1538 0004 0400     		movs	r4, r0
 1539 0006 1700     		movs	r7, r2
 1540 0008 1E00     		movs	r6, r3
 1541 000a 0191     		str	r1, [sp, #4]
ARM GAS  /tmp/ccMJcgml.s 			page 79


1057:Middlewares/Third_Party/FreeRTOS/Source/queue.c ****     configASSERT( !( ( pvItemToQueue == NULL ) && ( pxQueue->uxItemSize != ( UBaseType_t ) 0U ) ) )
 1542              		.loc 1 1057 5 view .LVU488
 1543 000c 0028     		cmp	r0, #0
 1544 000e 01D1     		bne	.L163
1057:Middlewares/Third_Party/FreeRTOS/Source/queue.c ****     configASSERT( !( ( pvItemToQueue == NULL ) && ( pxQueue->uxItemSize != ( UBaseType_t ) 0U ) ) )
 1545              		.loc 1 1057 5 is_stmt 1 discriminator 1 view .LVU489
 1546              		.syntax divided
 1547              	@ 1057 "Middlewares/Third_Party/FreeRTOS/Source/queue.c" 1
 1548 0010 72B6     		 cpsid i 
 1549              	@ 0 "" 2
 1550              		.thumb
 1551              		.syntax unified
 1552              	.L164:
1057:Middlewares/Third_Party/FreeRTOS/Source/queue.c ****     configASSERT( !( ( pvItemToQueue == NULL ) && ( pxQueue->uxItemSize != ( UBaseType_t ) 0U ) ) )
 1553              		.loc 1 1057 5 discriminator 3 view .LVU490
1057:Middlewares/Third_Party/FreeRTOS/Source/queue.c ****     configASSERT( !( ( pvItemToQueue == NULL ) && ( pxQueue->uxItemSize != ( UBaseType_t ) 0U ) ) )
 1554              		.loc 1 1057 5 discriminator 3 view .LVU491
 1555 0012 FEE7     		b	.L164
 1556              	.L163:
1057:Middlewares/Third_Party/FreeRTOS/Source/queue.c ****     configASSERT( !( ( pvItemToQueue == NULL ) && ( pxQueue->uxItemSize != ( UBaseType_t ) 0U ) ) )
 1557              		.loc 1 1057 28 discriminator 2 view .LVU492
1058:Middlewares/Third_Party/FreeRTOS/Source/queue.c ****     configASSERT( !( ( xCopyPosition == queueOVERWRITE ) && ( pxQueue->uxLength != 1 ) ) );
 1558              		.loc 1 1058 5 view .LVU493
 1559 0014 019B     		ldr	r3, [sp, #4]
 1560              	.LVL147:
1058:Middlewares/Third_Party/FreeRTOS/Source/queue.c ****     configASSERT( !( ( xCopyPosition == queueOVERWRITE ) && ( pxQueue->uxLength != 1 ) ) );
 1561              		.loc 1 1058 5 is_stmt 0 view .LVU494
 1562 0016 002B     		cmp	r3, #0
 1563 0018 04D1     		bne	.L165
1058:Middlewares/Third_Party/FreeRTOS/Source/queue.c ****     configASSERT( !( ( xCopyPosition == queueOVERWRITE ) && ( pxQueue->uxLength != 1 ) ) );
 1564              		.loc 1 1058 5 discriminator 2 view .LVU495
 1565 001a 036C     		ldr	r3, [r0, #64]
 1566 001c 002B     		cmp	r3, #0
 1567 001e 01D0     		beq	.L165
1058:Middlewares/Third_Party/FreeRTOS/Source/queue.c ****     configASSERT( !( ( xCopyPosition == queueOVERWRITE ) && ( pxQueue->uxLength != 1 ) ) );
 1568              		.loc 1 1058 5 is_stmt 1 discriminator 7 view .LVU496
 1569              		.syntax divided
 1570              	@ 1058 "Middlewares/Third_Party/FreeRTOS/Source/queue.c" 1
 1571 0020 72B6     		 cpsid i 
 1572              	@ 0 "" 2
 1573              		.thumb
 1574              		.syntax unified
 1575              	.L166:
1058:Middlewares/Third_Party/FreeRTOS/Source/queue.c ****     configASSERT( !( ( xCopyPosition == queueOVERWRITE ) && ( pxQueue->uxLength != 1 ) ) );
 1576              		.loc 1 1058 5 discriminator 9 view .LVU497
1058:Middlewares/Third_Party/FreeRTOS/Source/queue.c ****     configASSERT( !( ( xCopyPosition == queueOVERWRITE ) && ( pxQueue->uxLength != 1 ) ) );
 1577              		.loc 1 1058 5 discriminator 9 view .LVU498
 1578 0022 FEE7     		b	.L166
 1579              	.L165:
1058:Middlewares/Third_Party/FreeRTOS/Source/queue.c ****     configASSERT( !( ( xCopyPosition == queueOVERWRITE ) && ( pxQueue->uxLength != 1 ) ) );
 1580              		.loc 1 1058 100 discriminator 8 view .LVU499
1059:Middlewares/Third_Party/FreeRTOS/Source/queue.c **** 
 1581              		.loc 1 1059 5 view .LVU500
 1582 0024 022E     		cmp	r6, #2
 1583 0026 04D1     		bne	.L167
1059:Middlewares/Third_Party/FreeRTOS/Source/queue.c **** 
 1584              		.loc 1 1059 5 is_stmt 0 discriminator 2 view .LVU501
ARM GAS  /tmp/ccMJcgml.s 			page 80


 1585 0028 E36B     		ldr	r3, [r4, #60]
 1586 002a 012B     		cmp	r3, #1
 1587 002c 01D0     		beq	.L167
1059:Middlewares/Third_Party/FreeRTOS/Source/queue.c **** 
 1588              		.loc 1 1059 5 is_stmt 1 discriminator 7 view .LVU502
 1589              		.syntax divided
 1590              	@ 1059 "Middlewares/Third_Party/FreeRTOS/Source/queue.c" 1
 1591 002e 72B6     		 cpsid i 
 1592              	@ 0 "" 2
 1593              		.thumb
 1594              		.syntax unified
 1595              	.L168:
1059:Middlewares/Third_Party/FreeRTOS/Source/queue.c **** 
 1596              		.loc 1 1059 5 discriminator 9 view .LVU503
1059:Middlewares/Third_Party/FreeRTOS/Source/queue.c **** 
 1597              		.loc 1 1059 5 discriminator 9 view .LVU504
 1598 0030 FEE7     		b	.L168
 1599              	.L167:
1059:Middlewares/Third_Party/FreeRTOS/Source/queue.c **** 
 1600              		.loc 1 1059 91 discriminator 8 view .LVU505
1075:Middlewares/Third_Party/FreeRTOS/Source/queue.c **** 
 1601              		.loc 1 1075 47 view .LVU506
1082:Middlewares/Third_Party/FreeRTOS/Source/queue.c ****     {
 1602              		.loc 1 1082 5 view .LVU507
1082:Middlewares/Third_Party/FreeRTOS/Source/queue.c ****     {
 1603              		.loc 1 1082 30 is_stmt 0 view .LVU508
 1604 0032 FFF7FEFF 		bl	ulSetInterruptMaskFromISR
 1605              	.LVL148:
1084:Middlewares/Third_Party/FreeRTOS/Source/queue.c ****         {
 1606              		.loc 1 1084 22 view .LVU509
 1607 0036 A26B     		ldr	r2, [r4, #56]
1084:Middlewares/Third_Party/FreeRTOS/Source/queue.c ****         {
 1608              		.loc 1 1084 11 view .LVU510
 1609 0038 E36B     		ldr	r3, [r4, #60]
1082:Middlewares/Third_Party/FreeRTOS/Source/queue.c ****     {
 1610              		.loc 1 1082 30 view .LVU511
 1611 003a 0390     		str	r0, [sp, #12]
 1612              	.LVL149:
1084:Middlewares/Third_Party/FreeRTOS/Source/queue.c ****         {
 1613              		.loc 1 1084 9 is_stmt 1 view .LVU512
1084:Middlewares/Third_Party/FreeRTOS/Source/queue.c ****         {
 1614              		.loc 1 1084 11 is_stmt 0 view .LVU513
 1615 003c 9A42     		cmp	r2, r3
 1616 003e 02D3     		bcc	.L169
1204:Middlewares/Third_Party/FreeRTOS/Source/queue.c ****         }
 1617              		.loc 1 1204 21 view .LVU514
 1618 0040 0025     		movs	r5, #0
1084:Middlewares/Third_Party/FreeRTOS/Source/queue.c ****         {
 1619              		.loc 1 1084 64 discriminator 1 view .LVU515
 1620 0042 022E     		cmp	r6, #2
 1621 0044 1AD1     		bne	.L170
 1622              	.L169:
 1623              	.LBB33:
1086:Middlewares/Third_Party/FreeRTOS/Source/queue.c ****             const UBaseType_t uxPreviousMessagesWaiting = pxQueue->uxMessagesWaiting;
 1624              		.loc 1 1086 13 is_stmt 1 view .LVU516
1086:Middlewares/Third_Party/FreeRTOS/Source/queue.c ****             const UBaseType_t uxPreviousMessagesWaiting = pxQueue->uxMessagesWaiting;
 1625              		.loc 1 1086 26 is_stmt 0 view .LVU517
ARM GAS  /tmp/ccMJcgml.s 			page 81


 1626 0046 2300     		movs	r3, r4
 1627 0048 4533     		adds	r3, r3, #69
 1628 004a 0293     		str	r3, [sp, #8]
 1629 004c 1D78     		ldrb	r5, [r3]
1096:Middlewares/Third_Party/FreeRTOS/Source/queue.c **** 
 1630              		.loc 1 1096 22 view .LVU518
 1631 004e 3200     		movs	r2, r6
1086:Middlewares/Third_Party/FreeRTOS/Source/queue.c ****             const UBaseType_t uxPreviousMessagesWaiting = pxQueue->uxMessagesWaiting;
 1632              		.loc 1 1086 26 view .LVU519
 1633 0050 6DB2     		sxtb	r5, r5
 1634              	.LVL150:
1087:Middlewares/Third_Party/FreeRTOS/Source/queue.c **** 
 1635              		.loc 1 1087 13 is_stmt 1 view .LVU520
1096:Middlewares/Third_Party/FreeRTOS/Source/queue.c **** 
 1636              		.loc 1 1096 22 is_stmt 0 view .LVU521
 1637 0052 2000     		movs	r0, r4
 1638              	.LVL151:
1096:Middlewares/Third_Party/FreeRTOS/Source/queue.c **** 
 1639              		.loc 1 1096 22 view .LVU522
 1640 0054 0199     		ldr	r1, [sp, #4]
1087:Middlewares/Third_Party/FreeRTOS/Source/queue.c **** 
 1641              		.loc 1 1087 31 view .LVU523
 1642 0056 A36B     		ldr	r3, [r4, #56]
1089:Middlewares/Third_Party/FreeRTOS/Source/queue.c **** 
 1643              		.loc 1 1089 48 is_stmt 1 view .LVU524
1096:Middlewares/Third_Party/FreeRTOS/Source/queue.c **** 
 1644              		.loc 1 1096 13 view .LVU525
1096:Middlewares/Third_Party/FreeRTOS/Source/queue.c **** 
 1645              		.loc 1 1096 22 is_stmt 0 view .LVU526
 1646 0058 FFF7FEFF 		bl	prvCopyDataToQueue
 1647              	.LVL152:
1100:Middlewares/Third_Party/FreeRTOS/Source/queue.c ****             {
 1648              		.loc 1 1100 13 is_stmt 1 view .LVU527
1100:Middlewares/Third_Party/FreeRTOS/Source/queue.c ****             {
 1649              		.loc 1 1100 15 is_stmt 0 view .LVU528
 1650 005c 6B1C     		adds	r3, r5, #1
 1651 005e 13D1     		bne	.L171
1162:Middlewares/Third_Party/FreeRTOS/Source/queue.c ****                     {
 1652              		.loc 1 1162 21 is_stmt 1 view .LVU529
1162:Middlewares/Third_Party/FreeRTOS/Source/queue.c ****                     {
 1653              		.loc 1 1162 25 is_stmt 0 view .LVU530
 1654 0060 636A     		ldr	r3, [r4, #36]
1162:Middlewares/Third_Party/FreeRTOS/Source/queue.c ****                     {
 1655              		.loc 1 1162 23 view .LVU531
 1656 0062 002B     		cmp	r3, #0
 1657 0064 09D0     		beq	.L173
1164:Middlewares/Third_Party/FreeRTOS/Source/queue.c ****                         {
 1658              		.loc 1 1164 25 is_stmt 1 view .LVU532
1164:Middlewares/Third_Party/FreeRTOS/Source/queue.c ****                         {
 1659              		.loc 1 1164 55 is_stmt 0 view .LVU533
 1660 0066 2000     		movs	r0, r4
 1661 0068 2430     		adds	r0, r0, #36
1164:Middlewares/Third_Party/FreeRTOS/Source/queue.c ****                         {
 1662              		.loc 1 1164 29 view .LVU534
 1663 006a FFF7FEFF 		bl	xTaskRemoveFromEventList
 1664              	.LVL153:
1164:Middlewares/Third_Party/FreeRTOS/Source/queue.c ****                         {
ARM GAS  /tmp/ccMJcgml.s 			page 82


 1665              		.loc 1 1164 27 discriminator 1 view .LVU535
 1666 006e 0028     		cmp	r0, #0
 1667 0070 03D0     		beq	.L173
1168:Middlewares/Third_Party/FreeRTOS/Source/queue.c ****                             {
 1668              		.loc 1 1168 29 is_stmt 1 view .LVU536
1168:Middlewares/Third_Party/FreeRTOS/Source/queue.c ****                             {
 1669              		.loc 1 1168 31 is_stmt 0 view .LVU537
 1670 0072 002F     		cmp	r7, #0
 1671 0074 01D0     		beq	.L173
1170:Middlewares/Third_Party/FreeRTOS/Source/queue.c ****                             }
 1672              		.loc 1 1170 33 is_stmt 1 view .LVU538
1170:Middlewares/Third_Party/FreeRTOS/Source/queue.c ****                             }
 1673              		.loc 1 1170 60 is_stmt 0 view .LVU539
 1674 0076 0123     		movs	r3, #1
 1675 0078 3B60     		str	r3, [r7]
 1676              	.LVL154:
 1677              	.L173:
1199:Middlewares/Third_Party/FreeRTOS/Source/queue.c ****         }
 1678              		.loc 1 1199 21 view .LVU540
 1679 007a 0125     		movs	r5, #1
 1680              	.LVL155:
 1681              	.L170:
1199:Middlewares/Third_Party/FreeRTOS/Source/queue.c ****         }
 1682              		.loc 1 1199 21 view .LVU541
 1683              	.LBE33:
1207:Middlewares/Third_Party/FreeRTOS/Source/queue.c **** 
 1684              		.loc 1 1207 5 is_stmt 1 view .LVU542
 1685 007c 0398     		ldr	r0, [sp, #12]
 1686 007e FFF7FEFF 		bl	vClearInterruptMaskFromISR
 1687              	.LVL156:
1209:Middlewares/Third_Party/FreeRTOS/Source/queue.c **** }
 1688              		.loc 1 1209 5 view .LVU543
1210:Middlewares/Third_Party/FreeRTOS/Source/queue.c **** /*-----------------------------------------------------------*/
 1689              		.loc 1 1210 1 is_stmt 0 view .LVU544
 1690 0082 2800     		movs	r0, r5
 1691 0084 05B0     		add	sp, sp, #20
 1692              		@ sp needed
 1693              	.LVL157:
 1694              	.LVL158:
 1695              	.LVL159:
 1696              	.LVL160:
1210:Middlewares/Third_Party/FreeRTOS/Source/queue.c **** /*-----------------------------------------------------------*/
 1697              		.loc 1 1210 1 view .LVU545
 1698 0086 F0BD     		pop	{r4, r5, r6, r7, pc}
 1699              	.LVL161:
 1700              	.L171:
 1701              	.LBB35:
 1702              	.LBB34:
1196:Middlewares/Third_Party/FreeRTOS/Source/queue.c ****             }
 1703              		.loc 1 1196 17 is_stmt 1 view .LVU546
 1704 0088 FFF7FEFF 		bl	uxTaskGetNumberOfTasks
 1705              	.LVL162:
1196:Middlewares/Third_Party/FreeRTOS/Source/queue.c ****             }
 1706              		.loc 1 1196 17 discriminator 1 view .LVU547
 1707 008c 8542     		cmp	r5, r0
 1708 008e F4D2     		bcs	.L173
1196:Middlewares/Third_Party/FreeRTOS/Source/queue.c ****             }
ARM GAS  /tmp/ccMJcgml.s 			page 83


 1709              		.loc 1 1196 17 discriminator 1 view .LVU548
 1710 0090 7F2D     		cmp	r5, #127
 1711 0092 01D1     		bne	.L175
1196:Middlewares/Third_Party/FreeRTOS/Source/queue.c ****             }
 1712              		.loc 1 1196 17 discriminator 3 view .LVU549
 1713              		.syntax divided
 1714              	@ 1196 "Middlewares/Third_Party/FreeRTOS/Source/queue.c" 1
 1715 0094 72B6     		 cpsid i 
 1716              	@ 0 "" 2
 1717              		.thumb
 1718              		.syntax unified
 1719              	.L176:
1196:Middlewares/Third_Party/FreeRTOS/Source/queue.c ****             }
 1720              		.loc 1 1196 17 discriminator 5 view .LVU550
1196:Middlewares/Third_Party/FreeRTOS/Source/queue.c ****             }
 1721              		.loc 1 1196 17 discriminator 5 view .LVU551
 1722 0096 FEE7     		b	.L176
 1723              	.L175:
1196:Middlewares/Third_Party/FreeRTOS/Source/queue.c ****             }
 1724              		.loc 1 1196 17 discriminator 4 view .LVU552
1196:Middlewares/Third_Party/FreeRTOS/Source/queue.c ****             }
 1725              		.loc 1 1196 17 discriminator 4 view .LVU553
 1726 0098 029B     		ldr	r3, [sp, #8]
 1727 009a 0135     		adds	r5, r5, #1
 1728              	.LVL163:
1196:Middlewares/Third_Party/FreeRTOS/Source/queue.c ****             }
 1729              		.loc 1 1196 17 is_stmt 0 discriminator 4 view .LVU554
 1730 009c 6DB2     		sxtb	r5, r5
 1731              	.LVL164:
1196:Middlewares/Third_Party/FreeRTOS/Source/queue.c ****             }
 1732              		.loc 1 1196 17 discriminator 4 view .LVU555
 1733 009e 1D70     		strb	r5, [r3]
 1734 00a0 EBE7     		b	.L173
 1735              	.LBE34:
 1736              	.LBE35:
 1737              		.cfi_endproc
 1738              	.LFE11:
 1740              		.section	.text.xQueueGiveFromISR,"ax",%progbits
 1741              		.align	1
 1742              		.global	xQueueGiveFromISR
 1743              		.syntax unified
 1744              		.code	16
 1745              		.thumb_func
 1747              	xQueueGiveFromISR:
 1748              	.LVL165:
 1749              	.LFB12:
1215:Middlewares/Third_Party/FreeRTOS/Source/queue.c ****     BaseType_t xReturn;
 1750              		.loc 1 1215 1 is_stmt 1 view -0
 1751              		.cfi_startproc
 1752              		@ args = 0, pretend = 0, frame = 8
 1753              		@ frame_needed = 0, uses_anonymous_args = 0
1216:Middlewares/Third_Party/FreeRTOS/Source/queue.c ****     UBaseType_t uxSavedInterruptStatus;
 1754              		.loc 1 1216 5 view .LVU557
1217:Middlewares/Third_Party/FreeRTOS/Source/queue.c ****     Queue_t * const pxQueue = xQueue;
 1755              		.loc 1 1217 5 view .LVU558
1218:Middlewares/Third_Party/FreeRTOS/Source/queue.c **** 
 1756              		.loc 1 1218 5 view .LVU559
ARM GAS  /tmp/ccMJcgml.s 			page 84


1226:Middlewares/Third_Party/FreeRTOS/Source/queue.c **** 
 1757              		.loc 1 1226 5 view .LVU560
1215:Middlewares/Third_Party/FreeRTOS/Source/queue.c ****     BaseType_t xReturn;
 1758              		.loc 1 1215 1 is_stmt 0 view .LVU561
 1759 0000 F7B5     		push	{r0, r1, r2, r4, r5, r6, r7, lr}
 1760              		.cfi_def_cfa_offset 32
 1761              		.cfi_offset 0, -32
 1762              		.cfi_offset 1, -28
 1763              		.cfi_offset 2, -24
 1764              		.cfi_offset 4, -20
 1765              		.cfi_offset 5, -16
 1766              		.cfi_offset 6, -12
 1767              		.cfi_offset 7, -8
 1768              		.cfi_offset 14, -4
1215:Middlewares/Third_Party/FreeRTOS/Source/queue.c ****     BaseType_t xReturn;
 1769              		.loc 1 1215 1 view .LVU562
 1770 0002 0400     		movs	r4, r0
 1771 0004 0E00     		movs	r6, r1
1226:Middlewares/Third_Party/FreeRTOS/Source/queue.c **** 
 1772              		.loc 1 1226 5 view .LVU563
 1773 0006 0028     		cmp	r0, #0
 1774 0008 01D1     		bne	.L191
1226:Middlewares/Third_Party/FreeRTOS/Source/queue.c **** 
 1775              		.loc 1 1226 5 is_stmt 1 discriminator 1 view .LVU564
 1776              		.syntax divided
 1777              	@ 1226 "Middlewares/Third_Party/FreeRTOS/Source/queue.c" 1
 1778 000a 72B6     		 cpsid i 
 1779              	@ 0 "" 2
 1780              		.thumb
 1781              		.syntax unified
 1782              	.L192:
1226:Middlewares/Third_Party/FreeRTOS/Source/queue.c **** 
 1783              		.loc 1 1226 5 discriminator 3 view .LVU565
1226:Middlewares/Third_Party/FreeRTOS/Source/queue.c **** 
 1784              		.loc 1 1226 5 discriminator 3 view .LVU566
 1785 000c FEE7     		b	.L192
 1786              	.L191:
1226:Middlewares/Third_Party/FreeRTOS/Source/queue.c **** 
 1787              		.loc 1 1226 28 discriminator 2 view .LVU567
1230:Middlewares/Third_Party/FreeRTOS/Source/queue.c **** 
 1788              		.loc 1 1230 5 view .LVU568
 1789 000e 036C     		ldr	r3, [r0, #64]
 1790 0010 002B     		cmp	r3, #0
 1791 0012 01D0     		beq	.L193
1230:Middlewares/Third_Party/FreeRTOS/Source/queue.c **** 
 1792              		.loc 1 1230 5 discriminator 1 view .LVU569
 1793              		.syntax divided
 1794              	@ 1230 "Middlewares/Third_Party/FreeRTOS/Source/queue.c" 1
 1795 0014 72B6     		 cpsid i 
 1796              	@ 0 "" 2
 1797              		.thumb
 1798              		.syntax unified
 1799              	.L194:
1230:Middlewares/Third_Party/FreeRTOS/Source/queue.c **** 
 1800              		.loc 1 1230 5 discriminator 3 view .LVU570
1230:Middlewares/Third_Party/FreeRTOS/Source/queue.c **** 
 1801              		.loc 1 1230 5 discriminator 3 view .LVU571
ARM GAS  /tmp/ccMJcgml.s 			page 85


 1802 0016 FEE7     		b	.L194
 1803              	.L193:
1230:Middlewares/Third_Party/FreeRTOS/Source/queue.c **** 
 1804              		.loc 1 1230 45 discriminator 2 view .LVU572
1235:Middlewares/Third_Party/FreeRTOS/Source/queue.c **** 
 1805              		.loc 1 1235 5 view .LVU573
 1806 0018 0368     		ldr	r3, [r0]
 1807 001a 002B     		cmp	r3, #0
 1808 001c 04D1     		bne	.L195
1235:Middlewares/Third_Party/FreeRTOS/Source/queue.c **** 
 1809              		.loc 1 1235 5 is_stmt 0 discriminator 2 view .LVU574
 1810 001e 8368     		ldr	r3, [r0, #8]
 1811 0020 002B     		cmp	r3, #0
 1812 0022 01D0     		beq	.L195
1235:Middlewares/Third_Party/FreeRTOS/Source/queue.c **** 
 1813              		.loc 1 1235 5 is_stmt 1 discriminator 7 view .LVU575
 1814              		.syntax divided
 1815              	@ 1235 "Middlewares/Third_Party/FreeRTOS/Source/queue.c" 1
 1816 0024 72B6     		 cpsid i 
 1817              	@ 0 "" 2
 1818              		.thumb
 1819              		.syntax unified
 1820              	.L196:
1235:Middlewares/Third_Party/FreeRTOS/Source/queue.c **** 
 1821              		.loc 1 1235 5 discriminator 9 view .LVU576
1235:Middlewares/Third_Party/FreeRTOS/Source/queue.c **** 
 1822              		.loc 1 1235 5 discriminator 9 view .LVU577
 1823 0026 FEE7     		b	.L196
 1824              	.L195:
1235:Middlewares/Third_Party/FreeRTOS/Source/queue.c **** 
 1825              		.loc 1 1235 123 discriminator 8 view .LVU578
1251:Middlewares/Third_Party/FreeRTOS/Source/queue.c **** 
 1826              		.loc 1 1251 47 view .LVU579
1253:Middlewares/Third_Party/FreeRTOS/Source/queue.c ****     {
 1827              		.loc 1 1253 5 view .LVU580
1253:Middlewares/Third_Party/FreeRTOS/Source/queue.c ****     {
 1828              		.loc 1 1253 30 is_stmt 0 view .LVU581
 1829 0028 FFF7FEFF 		bl	ulSetInterruptMaskFromISR
 1830              	.LVL166:
 1831              	.LBB36:
1255:Middlewares/Third_Party/FreeRTOS/Source/queue.c **** 
 1832              		.loc 1 1255 27 view .LVU582
 1833 002c A36B     		ldr	r3, [r4, #56]
1260:Middlewares/Third_Party/FreeRTOS/Source/queue.c ****         {
 1834              		.loc 1 1260 11 view .LVU583
 1835 002e E26B     		ldr	r2, [r4, #60]
 1836              	.LBE36:
1253:Middlewares/Third_Party/FreeRTOS/Source/queue.c ****     {
 1837              		.loc 1 1253 30 view .LVU584
 1838 0030 0190     		str	r0, [sp, #4]
 1839              	.LVL167:
 1840              	.LBB40:
1255:Middlewares/Third_Party/FreeRTOS/Source/queue.c **** 
 1841              		.loc 1 1255 9 is_stmt 1 view .LVU585
1260:Middlewares/Third_Party/FreeRTOS/Source/queue.c ****         {
 1842              		.loc 1 1260 9 view .LVU586
1260:Middlewares/Third_Party/FreeRTOS/Source/queue.c ****         {
ARM GAS  /tmp/ccMJcgml.s 			page 86


 1843              		.loc 1 1260 11 is_stmt 0 view .LVU587
 1844 0032 9A42     		cmp	r2, r3
 1845 0034 26D9     		bls	.L204
 1846              	.LBB37:
1262:Middlewares/Third_Party/FreeRTOS/Source/queue.c **** 
 1847              		.loc 1 1262 13 is_stmt 1 view .LVU588
1262:Middlewares/Third_Party/FreeRTOS/Source/queue.c **** 
 1848              		.loc 1 1262 26 is_stmt 0 view .LVU589
 1849 0036 2700     		movs	r7, r4
 1850 0038 4537     		adds	r7, r7, #69
 1851 003a 3D78     		ldrb	r5, [r7]
1272:Middlewares/Third_Party/FreeRTOS/Source/queue.c **** 
 1852              		.loc 1 1272 60 view .LVU590
 1853 003c 0133     		adds	r3, r3, #1
 1854              	.LVL168:
1262:Middlewares/Third_Party/FreeRTOS/Source/queue.c **** 
 1855              		.loc 1 1262 26 view .LVU591
 1856 003e 6DB2     		sxtb	r5, r5
 1857              	.LVL169:
1264:Middlewares/Third_Party/FreeRTOS/Source/queue.c **** 
 1858              		.loc 1 1264 48 is_stmt 1 view .LVU592
1272:Middlewares/Third_Party/FreeRTOS/Source/queue.c **** 
 1859              		.loc 1 1272 13 view .LVU593
1272:Middlewares/Third_Party/FreeRTOS/Source/queue.c **** 
 1860              		.loc 1 1272 40 is_stmt 0 view .LVU594
 1861 0040 A363     		str	r3, [r4, #56]
1276:Middlewares/Third_Party/FreeRTOS/Source/queue.c ****             {
 1862              		.loc 1 1276 13 is_stmt 1 view .LVU595
1276:Middlewares/Third_Party/FreeRTOS/Source/queue.c ****             {
 1863              		.loc 1 1276 15 is_stmt 0 view .LVU596
 1864 0042 6B1C     		adds	r3, r5, #1
 1865 0044 12D1     		bne	.L198
 1866              	.LVL170:
1331:Middlewares/Third_Party/FreeRTOS/Source/queue.c ****                     {
 1867              		.loc 1 1331 21 is_stmt 1 view .LVU597
1331:Middlewares/Third_Party/FreeRTOS/Source/queue.c ****                     {
 1868              		.loc 1 1331 25 is_stmt 0 view .LVU598
 1869 0046 636A     		ldr	r3, [r4, #36]
1331:Middlewares/Third_Party/FreeRTOS/Source/queue.c ****                     {
 1870              		.loc 1 1331 23 view .LVU599
 1871 0048 002B     		cmp	r3, #0
 1872 004a 09D0     		beq	.L200
1333:Middlewares/Third_Party/FreeRTOS/Source/queue.c ****                         {
 1873              		.loc 1 1333 25 is_stmt 1 view .LVU600
1333:Middlewares/Third_Party/FreeRTOS/Source/queue.c ****                         {
 1874              		.loc 1 1333 55 is_stmt 0 view .LVU601
 1875 004c 2000     		movs	r0, r4
 1876              	.LVL171:
1333:Middlewares/Third_Party/FreeRTOS/Source/queue.c ****                         {
 1877              		.loc 1 1333 55 view .LVU602
 1878 004e 2430     		adds	r0, r0, #36
1333:Middlewares/Third_Party/FreeRTOS/Source/queue.c ****                         {
 1879              		.loc 1 1333 29 view .LVU603
 1880 0050 FFF7FEFF 		bl	xTaskRemoveFromEventList
 1881              	.LVL172:
1333:Middlewares/Third_Party/FreeRTOS/Source/queue.c ****                         {
 1882              		.loc 1 1333 27 discriminator 1 view .LVU604
ARM GAS  /tmp/ccMJcgml.s 			page 87


 1883 0054 0028     		cmp	r0, #0
 1884 0056 03D0     		beq	.L200
1337:Middlewares/Third_Party/FreeRTOS/Source/queue.c ****                             {
 1885              		.loc 1 1337 29 is_stmt 1 view .LVU605
1337:Middlewares/Third_Party/FreeRTOS/Source/queue.c ****                             {
 1886              		.loc 1 1337 31 is_stmt 0 view .LVU606
 1887 0058 002E     		cmp	r6, #0
 1888 005a 01D0     		beq	.L200
1339:Middlewares/Third_Party/FreeRTOS/Source/queue.c ****                             }
 1889              		.loc 1 1339 33 is_stmt 1 view .LVU607
1339:Middlewares/Third_Party/FreeRTOS/Source/queue.c ****                             }
 1890              		.loc 1 1339 60 is_stmt 0 view .LVU608
 1891 005c 0123     		movs	r3, #1
 1892 005e 3360     		str	r3, [r6]
 1893              	.LVL173:
 1894              	.L200:
1365:Middlewares/Third_Party/FreeRTOS/Source/queue.c ****         }
 1895              		.loc 1 1365 21 view .LVU609
 1896 0060 0124     		movs	r4, #1
 1897              	.LVL174:
 1898              	.L197:
1365:Middlewares/Third_Party/FreeRTOS/Source/queue.c ****         }
 1899              		.loc 1 1365 21 view .LVU610
 1900              	.LBE37:
 1901              	.LBE40:
1373:Middlewares/Third_Party/FreeRTOS/Source/queue.c **** 
 1902              		.loc 1 1373 5 is_stmt 1 view .LVU611
1376:Middlewares/Third_Party/FreeRTOS/Source/queue.c **** /*-----------------------------------------------------------*/
 1903              		.loc 1 1376 1 is_stmt 0 view .LVU612
 1904              		@ sp needed
1373:Middlewares/Third_Party/FreeRTOS/Source/queue.c **** 
 1905              		.loc 1 1373 5 view .LVU613
 1906 0062 0198     		ldr	r0, [sp, #4]
 1907 0064 FFF7FEFF 		bl	vClearInterruptMaskFromISR
 1908              	.LVL175:
1375:Middlewares/Third_Party/FreeRTOS/Source/queue.c **** }
 1909              		.loc 1 1375 5 is_stmt 1 view .LVU614
1376:Middlewares/Third_Party/FreeRTOS/Source/queue.c **** /*-----------------------------------------------------------*/
 1910              		.loc 1 1376 1 is_stmt 0 view .LVU615
 1911 0068 2000     		movs	r0, r4
 1912              	.LVL176:
 1913              	.LVL177:
1376:Middlewares/Third_Party/FreeRTOS/Source/queue.c **** /*-----------------------------------------------------------*/
 1914              		.loc 1 1376 1 view .LVU616
 1915 006a FEBD     		pop	{r1, r2, r3, r4, r5, r6, r7, pc}
 1916              	.LVL178:
 1917              	.L198:
 1918              	.LBB41:
 1919              	.LBB39:
 1920              	.LBB38:
1362:Middlewares/Third_Party/FreeRTOS/Source/queue.c ****             }
 1921              		.loc 1 1362 17 is_stmt 1 view .LVU617
 1922 006c FFF7FEFF 		bl	uxTaskGetNumberOfTasks
 1923              	.LVL179:
1362:Middlewares/Third_Party/FreeRTOS/Source/queue.c ****             }
 1924              		.loc 1 1362 17 discriminator 1 view .LVU618
 1925 0070 8542     		cmp	r5, r0
ARM GAS  /tmp/ccMJcgml.s 			page 88


 1926 0072 F5D2     		bcs	.L200
1362:Middlewares/Third_Party/FreeRTOS/Source/queue.c ****             }
 1927              		.loc 1 1362 17 discriminator 1 view .LVU619
 1928 0074 7F2D     		cmp	r5, #127
 1929 0076 01D1     		bne	.L202
1362:Middlewares/Third_Party/FreeRTOS/Source/queue.c ****             }
 1930              		.loc 1 1362 17 discriminator 3 view .LVU620
 1931              		.syntax divided
 1932              	@ 1362 "Middlewares/Third_Party/FreeRTOS/Source/queue.c" 1
 1933 0078 72B6     		 cpsid i 
 1934              	@ 0 "" 2
 1935              		.thumb
 1936              		.syntax unified
 1937              	.L203:
1362:Middlewares/Third_Party/FreeRTOS/Source/queue.c ****             }
 1938              		.loc 1 1362 17 discriminator 5 view .LVU621
1362:Middlewares/Third_Party/FreeRTOS/Source/queue.c ****             }
 1939              		.loc 1 1362 17 discriminator 5 view .LVU622
 1940 007a FEE7     		b	.L203
 1941              	.L202:
1362:Middlewares/Third_Party/FreeRTOS/Source/queue.c ****             }
 1942              		.loc 1 1362 17 discriminator 4 view .LVU623
1362:Middlewares/Third_Party/FreeRTOS/Source/queue.c ****             }
 1943              		.loc 1 1362 17 discriminator 4 view .LVU624
 1944 007c 0135     		adds	r5, r5, #1
 1945              	.LVL180:
1362:Middlewares/Third_Party/FreeRTOS/Source/queue.c ****             }
 1946              		.loc 1 1362 17 is_stmt 0 discriminator 4 view .LVU625
 1947 007e 6DB2     		sxtb	r5, r5
 1948              	.LVL181:
1362:Middlewares/Third_Party/FreeRTOS/Source/queue.c ****             }
 1949              		.loc 1 1362 17 discriminator 4 view .LVU626
 1950 0080 3D70     		strb	r5, [r7]
 1951 0082 EDE7     		b	.L200
 1952              	.LVL182:
 1953              	.L204:
1362:Middlewares/Third_Party/FreeRTOS/Source/queue.c ****             }
 1954              		.loc 1 1362 17 discriminator 4 view .LVU627
 1955              	.LBE38:
 1956              	.LBE39:
1370:Middlewares/Third_Party/FreeRTOS/Source/queue.c ****         }
 1957              		.loc 1 1370 21 view .LVU628
 1958 0084 0024     		movs	r4, #0
 1959              	.LVL183:
1370:Middlewares/Third_Party/FreeRTOS/Source/queue.c ****         }
 1960              		.loc 1 1370 21 view .LVU629
 1961 0086 ECE7     		b	.L197
 1962              	.LBE41:
 1963              		.cfi_endproc
 1964              	.LFE12:
 1966              		.section	.text.xQueueReceive,"ax",%progbits
 1967              		.align	1
 1968              		.global	xQueueReceive
 1969              		.syntax unified
 1970              		.code	16
 1971              		.thumb_func
 1973              	xQueueReceive:
ARM GAS  /tmp/ccMJcgml.s 			page 89


 1974              	.LVL184:
 1975              	.LFB13:
1382:Middlewares/Third_Party/FreeRTOS/Source/queue.c ****     BaseType_t xEntryTimeSet = pdFALSE;
 1976              		.loc 1 1382 1 is_stmt 1 view -0
 1977              		.cfi_startproc
 1978              		@ args = 0, pretend = 0, frame = 16
 1979              		@ frame_needed = 0, uses_anonymous_args = 0
1383:Middlewares/Third_Party/FreeRTOS/Source/queue.c ****     TimeOut_t xTimeOut;
 1980              		.loc 1 1383 5 view .LVU631
1384:Middlewares/Third_Party/FreeRTOS/Source/queue.c ****     Queue_t * const pxQueue = xQueue;
 1981              		.loc 1 1384 5 view .LVU632
1385:Middlewares/Third_Party/FreeRTOS/Source/queue.c **** 
 1982              		.loc 1 1385 5 view .LVU633
1388:Middlewares/Third_Party/FreeRTOS/Source/queue.c **** 
 1983              		.loc 1 1388 5 view .LVU634
1382:Middlewares/Third_Party/FreeRTOS/Source/queue.c ****     BaseType_t xEntryTimeSet = pdFALSE;
 1984              		.loc 1 1382 1 is_stmt 0 view .LVU635
 1985 0000 F0B5     		push	{r4, r5, r6, r7, lr}
 1986              		.cfi_def_cfa_offset 20
 1987              		.cfi_offset 4, -20
 1988              		.cfi_offset 5, -16
 1989              		.cfi_offset 6, -12
 1990              		.cfi_offset 7, -8
 1991              		.cfi_offset 14, -4
 1992 0002 85B0     		sub	sp, sp, #20
 1993              		.cfi_def_cfa_offset 40
1382:Middlewares/Third_Party/FreeRTOS/Source/queue.c ****     BaseType_t xEntryTimeSet = pdFALSE;
 1994              		.loc 1 1382 1 view .LVU636
 1995 0004 0400     		movs	r4, r0
 1996 0006 0E00     		movs	r6, r1
 1997 0008 0192     		str	r2, [sp, #4]
1388:Middlewares/Third_Party/FreeRTOS/Source/queue.c **** 
 1998              		.loc 1 1388 5 view .LVU637
 1999 000a 0028     		cmp	r0, #0
 2000 000c 01D1     		bne	.L215
1388:Middlewares/Third_Party/FreeRTOS/Source/queue.c **** 
 2001              		.loc 1 1388 5 is_stmt 1 discriminator 1 view .LVU638
 2002              		.syntax divided
 2003              	@ 1388 "Middlewares/Third_Party/FreeRTOS/Source/queue.c" 1
 2004 000e 72B6     		 cpsid i 
 2005              	@ 0 "" 2
 2006              		.thumb
 2007              		.syntax unified
 2008              	.L216:
1388:Middlewares/Third_Party/FreeRTOS/Source/queue.c **** 
 2009              		.loc 1 1388 5 discriminator 3 view .LVU639
1388:Middlewares/Third_Party/FreeRTOS/Source/queue.c **** 
 2010              		.loc 1 1388 5 discriminator 3 view .LVU640
 2011 0010 FEE7     		b	.L216
 2012              	.L215:
1388:Middlewares/Third_Party/FreeRTOS/Source/queue.c **** 
 2013              		.loc 1 1388 32 discriminator 2 view .LVU641
1392:Middlewares/Third_Party/FreeRTOS/Source/queue.c **** 
 2014              		.loc 1 1392 5 view .LVU642
 2015 0012 0029     		cmp	r1, #0
 2016 0014 04D1     		bne	.L217
1392:Middlewares/Third_Party/FreeRTOS/Source/queue.c **** 
ARM GAS  /tmp/ccMJcgml.s 			page 90


 2017              		.loc 1 1392 5 is_stmt 0 discriminator 2 view .LVU643
 2018 0016 036C     		ldr	r3, [r0, #64]
 2019 0018 002B     		cmp	r3, #0
 2020 001a 01D0     		beq	.L217
1392:Middlewares/Third_Party/FreeRTOS/Source/queue.c **** 
 2021              		.loc 1 1392 5 is_stmt 1 discriminator 7 view .LVU644
 2022              		.syntax divided
 2023              	@ 1392 "Middlewares/Third_Party/FreeRTOS/Source/queue.c" 1
 2024 001c 72B6     		 cpsid i 
 2025              	@ 0 "" 2
 2026              		.thumb
 2027              		.syntax unified
 2028              	.L218:
1392:Middlewares/Third_Party/FreeRTOS/Source/queue.c **** 
 2029              		.loc 1 1392 5 discriminator 9 view .LVU645
1392:Middlewares/Third_Party/FreeRTOS/Source/queue.c **** 
 2030              		.loc 1 1392 5 discriminator 9 view .LVU646
 2031 001e FEE7     		b	.L218
 2032              	.L217:
1392:Middlewares/Third_Party/FreeRTOS/Source/queue.c **** 
 2033              		.loc 1 1392 103 discriminator 8 view .LVU647
1397:Middlewares/Third_Party/FreeRTOS/Source/queue.c ****     }
 2034              		.loc 1 1397 9 view .LVU648
 2035 0020 FFF7FEFF 		bl	xTaskGetSchedulerState
 2036              	.LVL185:
1397:Middlewares/Third_Party/FreeRTOS/Source/queue.c ****     }
 2037              		.loc 1 1397 9 is_stmt 0 view .LVU649
 2038 0024 051E     		subs	r5, r0, #0
1397:Middlewares/Third_Party/FreeRTOS/Source/queue.c ****     }
 2039              		.loc 1 1397 9 discriminator 1 view .LVU650
 2040 0026 1BD0     		beq	.L219
 2041 0028 0025     		movs	r5, #0
 2042              	.LVL186:
 2043              	.L220:
1397:Middlewares/Third_Party/FreeRTOS/Source/queue.c ****     }
 2044              		.loc 1 1397 110 is_stmt 1 discriminator 8 view .LVU651
1404:Middlewares/Third_Party/FreeRTOS/Source/queue.c ****     {
 2045              		.loc 1 1404 5 view .LVU652
1406:Middlewares/Third_Party/FreeRTOS/Source/queue.c ****         {
 2046              		.loc 1 1406 9 view .LVU653
 2047 002a FFF7FEFF 		bl	vPortEnterCritical
 2048              	.LVL187:
 2049              	.LBB42:
1408:Middlewares/Third_Party/FreeRTOS/Source/queue.c **** 
 2050              		.loc 1 1408 13 view .LVU654
1408:Middlewares/Third_Party/FreeRTOS/Source/queue.c **** 
 2051              		.loc 1 1408 31 is_stmt 0 view .LVU655
 2052 002e A76B     		ldr	r7, [r4, #56]
 2053              	.LVL188:
1412:Middlewares/Third_Party/FreeRTOS/Source/queue.c ****             {
 2054              		.loc 1 1412 13 is_stmt 1 view .LVU656
1412:Middlewares/Third_Party/FreeRTOS/Source/queue.c ****             {
 2055              		.loc 1 1412 15 is_stmt 0 view .LVU657
 2056 0030 002F     		cmp	r7, #0
 2057 0032 1AD0     		beq	.L223
1415:Middlewares/Third_Party/FreeRTOS/Source/queue.c ****                 traceQUEUE_RECEIVE( pxQueue );
 2058              		.loc 1 1415 17 is_stmt 1 view .LVU658
ARM GAS  /tmp/ccMJcgml.s 			page 91


 2059 0034 3100     		movs	r1, r6
 2060 0036 2000     		movs	r0, r4
1417:Middlewares/Third_Party/FreeRTOS/Source/queue.c **** 
 2061              		.loc 1 1417 64 is_stmt 0 view .LVU659
 2062 0038 013F     		subs	r7, r7, #1
 2063              	.LVL189:
1415:Middlewares/Third_Party/FreeRTOS/Source/queue.c ****                 traceQUEUE_RECEIVE( pxQueue );
 2064              		.loc 1 1415 17 view .LVU660
 2065 003a FFF7FEFF 		bl	prvCopyDataFromQueue
 2066              	.LVL190:
1416:Middlewares/Third_Party/FreeRTOS/Source/queue.c ****                 pxQueue->uxMessagesWaiting = uxMessagesWaiting - ( UBaseType_t ) 1;
 2067              		.loc 1 1416 46 is_stmt 1 view .LVU661
1417:Middlewares/Third_Party/FreeRTOS/Source/queue.c **** 
 2068              		.loc 1 1417 17 view .LVU662
1417:Middlewares/Third_Party/FreeRTOS/Source/queue.c **** 
 2069              		.loc 1 1417 44 is_stmt 0 view .LVU663
 2070 003e A763     		str	r7, [r4, #56]
1422:Middlewares/Third_Party/FreeRTOS/Source/queue.c ****                 {
 2071              		.loc 1 1422 17 is_stmt 1 view .LVU664
1422:Middlewares/Third_Party/FreeRTOS/Source/queue.c ****                 {
 2072              		.loc 1 1422 21 is_stmt 0 view .LVU665
 2073 0040 2369     		ldr	r3, [r4, #16]
1422:Middlewares/Third_Party/FreeRTOS/Source/queue.c ****                 {
 2074              		.loc 1 1422 19 view .LVU666
 2075 0042 002B     		cmp	r3, #0
 2076 0044 07D0     		beq	.L225
1424:Middlewares/Third_Party/FreeRTOS/Source/queue.c ****                     {
 2077              		.loc 1 1424 21 is_stmt 1 view .LVU667
1424:Middlewares/Third_Party/FreeRTOS/Source/queue.c ****                     {
 2078              		.loc 1 1424 51 is_stmt 0 view .LVU668
 2079 0046 2000     		movs	r0, r4
 2080 0048 1030     		adds	r0, r0, #16
1424:Middlewares/Third_Party/FreeRTOS/Source/queue.c ****                     {
 2081              		.loc 1 1424 25 view .LVU669
 2082 004a FFF7FEFF 		bl	xTaskRemoveFromEventList
 2083              	.LVL191:
1424:Middlewares/Third_Party/FreeRTOS/Source/queue.c ****                     {
 2084              		.loc 1 1424 23 discriminator 1 view .LVU670
 2085 004e 0028     		cmp	r0, #0
 2086 0050 01D0     		beq	.L225
1426:Middlewares/Third_Party/FreeRTOS/Source/queue.c ****                     }
 2087              		.loc 1 1426 25 is_stmt 1 view .LVU671
 2088 0052 FFF7FEFF 		bl	vPortYield
 2089              	.LVL192:
 2090              	.L225:
1435:Middlewares/Third_Party/FreeRTOS/Source/queue.c ****                 }
 2091              		.loc 1 1435 45 view .LVU672
1438:Middlewares/Third_Party/FreeRTOS/Source/queue.c ****                 return pdPASS;
 2092              		.loc 1 1438 17 view .LVU673
 2093 0056 FFF7FEFF 		bl	vPortExitCritical
 2094              	.LVL193:
1439:Middlewares/Third_Party/FreeRTOS/Source/queue.c ****             }
 2095              		.loc 1 1439 17 view .LVU674
1439:Middlewares/Third_Party/FreeRTOS/Source/queue.c ****             }
 2096              		.loc 1 1439 24 is_stmt 0 view .LVU675
 2097 005a 0120     		movs	r0, #1
 2098              	.LVL194:
ARM GAS  /tmp/ccMJcgml.s 			page 92


 2099              	.L214:
1439:Middlewares/Third_Party/FreeRTOS/Source/queue.c ****             }
 2100              		.loc 1 1439 24 view .LVU676
 2101              	.LBE42:
1519:Middlewares/Third_Party/FreeRTOS/Source/queue.c **** /*-----------------------------------------------------------*/
 2102              		.loc 1 1519 1 view .LVU677
 2103 005c 05B0     		add	sp, sp, #20
 2104              		@ sp needed
 2105              	.LVL195:
 2106              	.LVL196:
1519:Middlewares/Third_Party/FreeRTOS/Source/queue.c **** /*-----------------------------------------------------------*/
 2107              		.loc 1 1519 1 view .LVU678
 2108 005e F0BD     		pop	{r4, r5, r6, r7, pc}
 2109              	.LVL197:
 2110              	.L219:
1397:Middlewares/Third_Party/FreeRTOS/Source/queue.c ****     }
 2111              		.loc 1 1397 9 discriminator 2 view .LVU679
 2112 0060 019B     		ldr	r3, [sp, #4]
 2113 0062 002B     		cmp	r3, #0
 2114 0064 E1D0     		beq	.L220
1397:Middlewares/Third_Party/FreeRTOS/Source/queue.c ****     }
 2115              		.loc 1 1397 9 is_stmt 1 discriminator 7 view .LVU680
 2116              		.syntax divided
 2117              	@ 1397 "Middlewares/Third_Party/FreeRTOS/Source/queue.c" 1
 2118 0066 72B6     		 cpsid i 
 2119              	@ 0 "" 2
 2120              		.thumb
 2121              		.syntax unified
 2122              	.L222:
1397:Middlewares/Third_Party/FreeRTOS/Source/queue.c ****     }
 2123              		.loc 1 1397 9 discriminator 9 view .LVU681
1397:Middlewares/Third_Party/FreeRTOS/Source/queue.c ****     }
 2124              		.loc 1 1397 9 discriminator 9 view .LVU682
 2125 0068 FEE7     		b	.L222
 2126              	.LVL198:
 2127              	.L223:
 2128              	.LBB43:
1443:Middlewares/Third_Party/FreeRTOS/Source/queue.c ****                 {
 2129              		.loc 1 1443 17 view .LVU683
1443:Middlewares/Third_Party/FreeRTOS/Source/queue.c ****                 {
 2130              		.loc 1 1443 19 is_stmt 0 view .LVU684
 2131 006a 019B     		ldr	r3, [sp, #4]
 2132 006c 002B     		cmp	r3, #0
 2133 006e 03D1     		bne	.L228
1447:Middlewares/Third_Party/FreeRTOS/Source/queue.c ****                     traceQUEUE_RECEIVE_FAILED( pxQueue );
 2134              		.loc 1 1447 21 is_stmt 1 view .LVU685
 2135 0070 FFF7FEFF 		bl	vPortExitCritical
 2136              	.LVL199:
1448:Middlewares/Third_Party/FreeRTOS/Source/queue.c ****                     return errQUEUE_EMPTY;
 2137              		.loc 1 1448 57 view .LVU686
1449:Middlewares/Third_Party/FreeRTOS/Source/queue.c ****                 }
 2138              		.loc 1 1449 21 view .LVU687
 2139              	.L229:
1449:Middlewares/Third_Party/FreeRTOS/Source/queue.c ****                 }
 2140              		.loc 1 1449 28 is_stmt 0 view .LVU688
 2141 0074 0020     		movs	r0, #0
 2142 0076 F1E7     		b	.L214
ARM GAS  /tmp/ccMJcgml.s 			page 93


 2143              	.LVL200:
 2144              	.L228:
1451:Middlewares/Third_Party/FreeRTOS/Source/queue.c ****                 {
 2145              		.loc 1 1451 22 is_stmt 1 view .LVU689
1451:Middlewares/Third_Party/FreeRTOS/Source/queue.c ****                 {
 2146              		.loc 1 1451 24 is_stmt 0 view .LVU690
 2147 0078 002D     		cmp	r5, #0
 2148 007a 02D1     		bne	.L230
1455:Middlewares/Third_Party/FreeRTOS/Source/queue.c ****                     xEntryTimeSet = pdTRUE;
 2149              		.loc 1 1455 21 is_stmt 1 view .LVU691
 2150 007c 02A8     		add	r0, sp, #8
 2151 007e FFF7FEFF 		bl	vTaskInternalSetTimeOutState
 2152              	.LVL201:
1456:Middlewares/Third_Party/FreeRTOS/Source/queue.c ****                 }
 2153              		.loc 1 1456 21 view .LVU692
 2154              	.L230:
1461:Middlewares/Third_Party/FreeRTOS/Source/queue.c ****                 }
 2155              		.loc 1 1461 45 view .LVU693
 2156              	.LBE43:
1465:Middlewares/Third_Party/FreeRTOS/Source/queue.c **** 
 2157              		.loc 1 1465 9 view .LVU694
 2158 0082 FFF7FEFF 		bl	vPortExitCritical
 2159              	.LVL202:
1470:Middlewares/Third_Party/FreeRTOS/Source/queue.c ****         prvLockQueue( pxQueue );
 2160              		.loc 1 1470 9 view .LVU695
 2161 0086 FFF7FEFF 		bl	vTaskSuspendAll
 2162              	.LVL203:
1471:Middlewares/Third_Party/FreeRTOS/Source/queue.c **** 
 2163              		.loc 1 1471 9 view .LVU696
 2164 008a FFF7FEFF 		bl	vPortEnterCritical
 2165              	.LVL204:
1471:Middlewares/Third_Party/FreeRTOS/Source/queue.c **** 
 2166              		.loc 1 1471 9 discriminator 1 view .LVU697
 2167 008e 2200     		movs	r2, r4
 2168 0090 4432     		adds	r2, r2, #68
 2169 0092 1378     		ldrb	r3, [r2]
 2170 0094 5BB2     		sxtb	r3, r3
 2171 0096 0133     		adds	r3, r3, #1
 2172 0098 01D1     		bne	.L231
1471:Middlewares/Third_Party/FreeRTOS/Source/queue.c **** 
 2173              		.loc 1 1471 9 discriminator 1 view .LVU698
 2174 009a 0023     		movs	r3, #0
 2175 009c 1370     		strb	r3, [r2]
 2176              	.L231:
1471:Middlewares/Third_Party/FreeRTOS/Source/queue.c **** 
 2177              		.loc 1 1471 9 discriminator 3 view .LVU699
 2178 009e 2200     		movs	r2, r4
 2179 00a0 4532     		adds	r2, r2, #69
 2180 00a2 1378     		ldrb	r3, [r2]
 2181 00a4 5BB2     		sxtb	r3, r3
 2182 00a6 0133     		adds	r3, r3, #1
 2183 00a8 01D1     		bne	.L232
1471:Middlewares/Third_Party/FreeRTOS/Source/queue.c **** 
 2184              		.loc 1 1471 9 discriminator 4 view .LVU700
 2185 00aa 0023     		movs	r3, #0
 2186 00ac 1370     		strb	r3, [r2]
 2187              	.L232:
ARM GAS  /tmp/ccMJcgml.s 			page 94


1471:Middlewares/Third_Party/FreeRTOS/Source/queue.c **** 
 2188              		.loc 1 1471 9 discriminator 6 view .LVU701
 2189 00ae FFF7FEFF 		bl	vPortExitCritical
 2190              	.LVL205:
1474:Middlewares/Third_Party/FreeRTOS/Source/queue.c ****         {
 2191              		.loc 1 1474 9 view .LVU702
1474:Middlewares/Third_Party/FreeRTOS/Source/queue.c ****         {
 2192              		.loc 1 1474 13 is_stmt 0 view .LVU703
 2193 00b2 01A9     		add	r1, sp, #4
 2194 00b4 02A8     		add	r0, sp, #8
 2195 00b6 FFF7FEFF 		bl	xTaskCheckForTimeOut
 2196              	.LVL206:
1474:Middlewares/Third_Party/FreeRTOS/Source/queue.c ****         {
 2197              		.loc 1 1474 11 discriminator 1 view .LVU704
 2198 00ba 0028     		cmp	r0, #0
 2199 00bc 1AD1     		bne	.L233
1478:Middlewares/Third_Party/FreeRTOS/Source/queue.c ****             {
 2200              		.loc 1 1478 13 is_stmt 1 view .LVU705
1478:Middlewares/Third_Party/FreeRTOS/Source/queue.c ****             {
 2201              		.loc 1 1478 17 is_stmt 0 view .LVU706
 2202 00be 2000     		movs	r0, r4
 2203 00c0 FFF7FEFF 		bl	prvIsQueueEmpty
 2204              	.LVL207:
1478:Middlewares/Third_Party/FreeRTOS/Source/queue.c ****             {
 2205              		.loc 1 1478 15 discriminator 1 view .LVU707
 2206 00c4 0028     		cmp	r0, #0
 2207 00c6 0FD0     		beq	.L234
1480:Middlewares/Third_Party/FreeRTOS/Source/queue.c ****                 vTaskPlaceOnEventList( &( pxQueue->xTasksWaitingToReceive ), xTicksToWait );
 2208              		.loc 1 1480 58 is_stmt 1 view .LVU708
1481:Middlewares/Third_Party/FreeRTOS/Source/queue.c ****                 prvUnlockQueue( pxQueue );
 2209              		.loc 1 1481 17 view .LVU709
 2210 00c8 2000     		movs	r0, r4
 2211 00ca 0199     		ldr	r1, [sp, #4]
 2212 00cc 2430     		adds	r0, r0, #36
 2213 00ce FFF7FEFF 		bl	vTaskPlaceOnEventList
 2214              	.LVL208:
1482:Middlewares/Third_Party/FreeRTOS/Source/queue.c **** 
 2215              		.loc 1 1482 17 view .LVU710
 2216 00d2 2000     		movs	r0, r4
 2217 00d4 FFF7FEFF 		bl	prvUnlockQueue
 2218              	.LVL209:
1484:Middlewares/Third_Party/FreeRTOS/Source/queue.c ****                 {
 2219              		.loc 1 1484 17 view .LVU711
1484:Middlewares/Third_Party/FreeRTOS/Source/queue.c ****                 {
 2220              		.loc 1 1484 21 is_stmt 0 view .LVU712
 2221 00d8 FFF7FEFF 		bl	xTaskResumeAll
 2222              	.LVL210:
1484:Middlewares/Third_Party/FreeRTOS/Source/queue.c ****                 {
 2223              		.loc 1 1484 19 discriminator 1 view .LVU713
 2224 00dc 0028     		cmp	r0, #0
 2225 00de 01D1     		bne	.L236
1486:Middlewares/Third_Party/FreeRTOS/Source/queue.c ****                 }
 2226              		.loc 1 1486 21 is_stmt 1 view .LVU714
 2227 00e0 FFF7FEFF 		bl	vPortYield
 2228              	.LVL211:
 2229              	.L236:
1486:Middlewares/Third_Party/FreeRTOS/Source/queue.c ****                 }
ARM GAS  /tmp/ccMJcgml.s 			page 95


 2230              		.loc 1 1486 21 is_stmt 0 view .LVU715
 2231 00e4 0125     		movs	r5, #1
 2232 00e6 A0E7     		b	.L220
 2233              	.L234:
1497:Middlewares/Third_Party/FreeRTOS/Source/queue.c ****                 ( void ) xTaskResumeAll();
 2234              		.loc 1 1497 17 is_stmt 1 view .LVU716
 2235 00e8 2000     		movs	r0, r4
 2236 00ea FFF7FEFF 		bl	prvUnlockQueue
 2237              	.LVL212:
1498:Middlewares/Third_Party/FreeRTOS/Source/queue.c ****             }
 2238              		.loc 1 1498 17 view .LVU717
1498:Middlewares/Third_Party/FreeRTOS/Source/queue.c ****             }
 2239              		.loc 1 1498 26 is_stmt 0 view .LVU718
 2240 00ee FFF7FEFF 		bl	xTaskResumeAll
 2241              	.LVL213:
 2242 00f2 F7E7     		b	.L236
 2243              	.L233:
1505:Middlewares/Third_Party/FreeRTOS/Source/queue.c ****             ( void ) xTaskResumeAll();
 2244              		.loc 1 1505 13 is_stmt 1 view .LVU719
 2245 00f4 2000     		movs	r0, r4
 2246 00f6 FFF7FEFF 		bl	prvUnlockQueue
 2247              	.LVL214:
1506:Middlewares/Third_Party/FreeRTOS/Source/queue.c **** 
 2248              		.loc 1 1506 13 view .LVU720
1506:Middlewares/Third_Party/FreeRTOS/Source/queue.c **** 
 2249              		.loc 1 1506 22 is_stmt 0 view .LVU721
 2250 00fa FFF7FEFF 		bl	xTaskResumeAll
 2251              	.LVL215:
1508:Middlewares/Third_Party/FreeRTOS/Source/queue.c ****             {
 2252              		.loc 1 1508 13 is_stmt 1 view .LVU722
1508:Middlewares/Third_Party/FreeRTOS/Source/queue.c ****             {
 2253              		.loc 1 1508 17 is_stmt 0 view .LVU723
 2254 00fe 2000     		movs	r0, r4
 2255 0100 FFF7FEFF 		bl	prvIsQueueEmpty
 2256              	.LVL216:
1508:Middlewares/Third_Party/FreeRTOS/Source/queue.c ****             {
 2257              		.loc 1 1508 15 discriminator 1 view .LVU724
 2258 0104 0028     		cmp	r0, #0
 2259 0106 EDD0     		beq	.L236
 2260 0108 B4E7     		b	.L229
 2261              		.cfi_endproc
 2262              	.LFE13:
 2264              		.section	.text.xQueueSemaphoreTake,"ax",%progbits
 2265              		.align	1
 2266              		.global	xQueueSemaphoreTake
 2267              		.syntax unified
 2268              		.code	16
 2269              		.thumb_func
 2271              	xQueueSemaphoreTake:
 2272              	.LVL217:
 2273              	.LFB14:
1524:Middlewares/Third_Party/FreeRTOS/Source/queue.c ****     BaseType_t xEntryTimeSet = pdFALSE;
 2274              		.loc 1 1524 1 is_stmt 1 view -0
 2275              		.cfi_startproc
 2276              		@ args = 0, pretend = 0, frame = 16
 2277              		@ frame_needed = 0, uses_anonymous_args = 0
1525:Middlewares/Third_Party/FreeRTOS/Source/queue.c ****     TimeOut_t xTimeOut;
ARM GAS  /tmp/ccMJcgml.s 			page 96


 2278              		.loc 1 1525 5 view .LVU726
1526:Middlewares/Third_Party/FreeRTOS/Source/queue.c ****     Queue_t * const pxQueue = xQueue;
 2279              		.loc 1 1526 5 view .LVU727
1527:Middlewares/Third_Party/FreeRTOS/Source/queue.c **** 
 2280              		.loc 1 1527 5 view .LVU728
1530:Middlewares/Third_Party/FreeRTOS/Source/queue.c ****     #endif
 2281              		.loc 1 1530 9 view .LVU729
1534:Middlewares/Third_Party/FreeRTOS/Source/queue.c **** 
 2282              		.loc 1 1534 5 view .LVU730
1524:Middlewares/Third_Party/FreeRTOS/Source/queue.c ****     BaseType_t xEntryTimeSet = pdFALSE;
 2283              		.loc 1 1524 1 is_stmt 0 view .LVU731
 2284 0000 F0B5     		push	{r4, r5, r6, r7, lr}
 2285              		.cfi_def_cfa_offset 20
 2286              		.cfi_offset 4, -20
 2287              		.cfi_offset 5, -16
 2288              		.cfi_offset 6, -12
 2289              		.cfi_offset 7, -8
 2290              		.cfi_offset 14, -4
 2291 0002 85B0     		sub	sp, sp, #20
 2292              		.cfi_def_cfa_offset 40
1524:Middlewares/Third_Party/FreeRTOS/Source/queue.c ****     BaseType_t xEntryTimeSet = pdFALSE;
 2293              		.loc 1 1524 1 view .LVU732
 2294 0004 041E     		subs	r4, r0, #0
 2295 0006 0191     		str	r1, [sp, #4]
1534:Middlewares/Third_Party/FreeRTOS/Source/queue.c **** 
 2296              		.loc 1 1534 5 view .LVU733
 2297 0008 01D1     		bne	.L252
1534:Middlewares/Third_Party/FreeRTOS/Source/queue.c **** 
 2298              		.loc 1 1534 5 is_stmt 1 discriminator 1 view .LVU734
 2299              		.syntax divided
 2300              	@ 1534 "Middlewares/Third_Party/FreeRTOS/Source/queue.c" 1
 2301 000a 72B6     		 cpsid i 
 2302              	@ 0 "" 2
 2303              		.thumb
 2304              		.syntax unified
 2305              	.L253:
1534:Middlewares/Third_Party/FreeRTOS/Source/queue.c **** 
 2306              		.loc 1 1534 5 discriminator 3 view .LVU735
1534:Middlewares/Third_Party/FreeRTOS/Source/queue.c **** 
 2307              		.loc 1 1534 5 discriminator 3 view .LVU736
 2308 000c FEE7     		b	.L253
 2309              	.L252:
1534:Middlewares/Third_Party/FreeRTOS/Source/queue.c **** 
 2310              		.loc 1 1534 32 discriminator 2 view .LVU737
1538:Middlewares/Third_Party/FreeRTOS/Source/queue.c **** 
 2311              		.loc 1 1538 5 view .LVU738
 2312 000e 056C     		ldr	r5, [r0, #64]
 2313 0010 002D     		cmp	r5, #0
 2314 0012 01D0     		beq	.L254
1538:Middlewares/Third_Party/FreeRTOS/Source/queue.c **** 
 2315              		.loc 1 1538 5 discriminator 1 view .LVU739
 2316              		.syntax divided
 2317              	@ 1538 "Middlewares/Third_Party/FreeRTOS/Source/queue.c" 1
 2318 0014 72B6     		 cpsid i 
 2319              	@ 0 "" 2
 2320              		.thumb
 2321              		.syntax unified
ARM GAS  /tmp/ccMJcgml.s 			page 97


 2322              	.L255:
1538:Middlewares/Third_Party/FreeRTOS/Source/queue.c **** 
 2323              		.loc 1 1538 5 discriminator 3 view .LVU740
1538:Middlewares/Third_Party/FreeRTOS/Source/queue.c **** 
 2324              		.loc 1 1538 5 discriminator 3 view .LVU741
 2325 0016 FEE7     		b	.L255
 2326              	.L254:
1538:Middlewares/Third_Party/FreeRTOS/Source/queue.c **** 
 2327              		.loc 1 1538 45 discriminator 2 view .LVU742
1543:Middlewares/Third_Party/FreeRTOS/Source/queue.c ****     }
 2328              		.loc 1 1543 9 view .LVU743
 2329 0018 FFF7FEFF 		bl	xTaskGetSchedulerState
 2330              	.LVL218:
1543:Middlewares/Third_Party/FreeRTOS/Source/queue.c ****     }
 2331              		.loc 1 1543 9 is_stmt 0 view .LVU744
 2332 001c 061E     		subs	r6, r0, #0
1543:Middlewares/Third_Party/FreeRTOS/Source/queue.c ****     }
 2333              		.loc 1 1543 9 discriminator 1 view .LVU745
 2334 001e 20D0     		beq	.L256
 2335 0020 2E00     		movs	r6, r5
 2336              	.L258:
 2337 0022 0127     		movs	r7, #1
 2338              	.LVL219:
 2339              	.L257:
1543:Middlewares/Third_Party/FreeRTOS/Source/queue.c ****     }
 2340              		.loc 1 1543 110 is_stmt 1 discriminator 8 view .LVU746
1550:Middlewares/Third_Party/FreeRTOS/Source/queue.c ****     {
 2341              		.loc 1 1550 5 view .LVU747
1552:Middlewares/Third_Party/FreeRTOS/Source/queue.c ****         {
 2342              		.loc 1 1552 9 view .LVU748
 2343 0024 FFF7FEFF 		bl	vPortEnterCritical
 2344              	.LVL220:
 2345              	.LBB48:
1556:Middlewares/Third_Party/FreeRTOS/Source/queue.c **** 
 2346              		.loc 1 1556 13 view .LVU749
1556:Middlewares/Third_Party/FreeRTOS/Source/queue.c **** 
 2347              		.loc 1 1556 31 is_stmt 0 view .LVU750
 2348 0028 A36B     		ldr	r3, [r4, #56]
 2349              	.LVL221:
1560:Middlewares/Third_Party/FreeRTOS/Source/queue.c ****             {
 2350              		.loc 1 1560 13 is_stmt 1 view .LVU751
1560:Middlewares/Third_Party/FreeRTOS/Source/queue.c ****             {
 2351              		.loc 1 1560 15 is_stmt 0 view .LVU752
 2352 002a 002B     		cmp	r3, #0
 2353 002c 1ED0     		beq	.L260
1562:Middlewares/Third_Party/FreeRTOS/Source/queue.c **** 
 2354              		.loc 1 1562 46 is_stmt 1 view .LVU753
1566:Middlewares/Third_Party/FreeRTOS/Source/queue.c **** 
 2355              		.loc 1 1566 17 view .LVU754
1566:Middlewares/Third_Party/FreeRTOS/Source/queue.c **** 
 2356              		.loc 1 1566 63 is_stmt 0 view .LVU755
 2357 002e 013B     		subs	r3, r3, #1
 2358              	.LVL222:
1566:Middlewares/Third_Party/FreeRTOS/Source/queue.c **** 
 2359              		.loc 1 1566 44 view .LVU756
 2360 0030 A363     		str	r3, [r4, #56]
1570:Middlewares/Third_Party/FreeRTOS/Source/queue.c ****                     {
ARM GAS  /tmp/ccMJcgml.s 			page 98


 2361              		.loc 1 1570 21 is_stmt 1 view .LVU757
1570:Middlewares/Third_Party/FreeRTOS/Source/queue.c ****                     {
 2362              		.loc 1 1570 23 is_stmt 0 view .LVU758
 2363 0032 2368     		ldr	r3, [r4]
 2364              	.LVL223:
1570:Middlewares/Third_Party/FreeRTOS/Source/queue.c ****                     {
 2365              		.loc 1 1570 23 view .LVU759
 2366 0034 002B     		cmp	r3, #0
 2367 0036 02D1     		bne	.L261
1574:Middlewares/Third_Party/FreeRTOS/Source/queue.c ****                     }
 2368              		.loc 1 1574 25 is_stmt 1 view .LVU760
1574:Middlewares/Third_Party/FreeRTOS/Source/queue.c ****                     }
 2369              		.loc 1 1574 62 is_stmt 0 view .LVU761
 2370 0038 FFF7FEFF 		bl	pvTaskIncrementMutexHeldCount
 2371              	.LVL224:
1574:Middlewares/Third_Party/FreeRTOS/Source/queue.c ****                     }
 2372              		.loc 1 1574 60 discriminator 1 view .LVU762
 2373 003c A060     		str	r0, [r4, #8]
 2374              	.L261:
1578:Middlewares/Third_Party/FreeRTOS/Source/queue.c ****                     }
 2375              		.loc 1 1578 49 is_stmt 1 view .LVU763
1585:Middlewares/Third_Party/FreeRTOS/Source/queue.c ****                 {
 2376              		.loc 1 1585 17 view .LVU764
1585:Middlewares/Third_Party/FreeRTOS/Source/queue.c ****                 {
 2377              		.loc 1 1585 21 is_stmt 0 view .LVU765
 2378 003e 2369     		ldr	r3, [r4, #16]
1585:Middlewares/Third_Party/FreeRTOS/Source/queue.c ****                 {
 2379              		.loc 1 1585 19 view .LVU766
 2380 0040 002B     		cmp	r3, #0
 2381 0042 07D0     		beq	.L263
1587:Middlewares/Third_Party/FreeRTOS/Source/queue.c ****                     {
 2382              		.loc 1 1587 21 is_stmt 1 view .LVU767
1587:Middlewares/Third_Party/FreeRTOS/Source/queue.c ****                     {
 2383              		.loc 1 1587 51 is_stmt 0 view .LVU768
 2384 0044 2000     		movs	r0, r4
 2385 0046 1030     		adds	r0, r0, #16
1587:Middlewares/Third_Party/FreeRTOS/Source/queue.c ****                     {
 2386              		.loc 1 1587 25 view .LVU769
 2387 0048 FFF7FEFF 		bl	xTaskRemoveFromEventList
 2388              	.LVL225:
1587:Middlewares/Third_Party/FreeRTOS/Source/queue.c ****                     {
 2389              		.loc 1 1587 23 discriminator 1 view .LVU770
 2390 004c 0028     		cmp	r0, #0
 2391 004e 01D0     		beq	.L263
1589:Middlewares/Third_Party/FreeRTOS/Source/queue.c ****                     }
 2392              		.loc 1 1589 25 is_stmt 1 view .LVU771
 2393 0050 FFF7FEFF 		bl	vPortYield
 2394              	.LVL226:
 2395              	.L263:
1598:Middlewares/Third_Party/FreeRTOS/Source/queue.c ****                 }
 2396              		.loc 1 1598 45 view .LVU772
1601:Middlewares/Third_Party/FreeRTOS/Source/queue.c ****                 return pdPASS;
 2397              		.loc 1 1601 17 view .LVU773
 2398 0054 FFF7FEFF 		bl	vPortExitCritical
 2399              	.LVL227:
1602:Middlewares/Third_Party/FreeRTOS/Source/queue.c ****             }
 2400              		.loc 1 1602 17 view .LVU774
ARM GAS  /tmp/ccMJcgml.s 			page 99


1602:Middlewares/Third_Party/FreeRTOS/Source/queue.c ****             }
 2401              		.loc 1 1602 24 is_stmt 0 view .LVU775
 2402 0058 0120     		movs	r0, #1
 2403              	.LVL228:
 2404              	.L251:
1602:Middlewares/Third_Party/FreeRTOS/Source/queue.c ****             }
 2405              		.loc 1 1602 24 view .LVU776
 2406              	.LBE48:
1729:Middlewares/Third_Party/FreeRTOS/Source/queue.c **** /*-----------------------------------------------------------*/
 2407              		.loc 1 1729 1 view .LVU777
 2408 005a 05B0     		add	sp, sp, #20
 2409              		@ sp needed
 2410              	.LVL229:
 2411              	.LVL230:
1729:Middlewares/Third_Party/FreeRTOS/Source/queue.c **** /*-----------------------------------------------------------*/
 2412              		.loc 1 1729 1 view .LVU778
 2413 005c F0BD     		pop	{r4, r5, r6, r7, pc}
 2414              	.LVL231:
 2415              	.L279:
1729:Middlewares/Third_Party/FreeRTOS/Source/queue.c **** /*-----------------------------------------------------------*/
 2416              		.loc 1 1729 1 view .LVU779
 2417 005e 3500     		movs	r5, r6
 2418 0060 DFE7     		b	.L258
 2419              	.L256:
1543:Middlewares/Third_Party/FreeRTOS/Source/queue.c ****     }
 2420              		.loc 1 1543 9 discriminator 2 view .LVU780
 2421 0062 019B     		ldr	r3, [sp, #4]
 2422 0064 002B     		cmp	r3, #0
 2423 0066 FAD0     		beq	.L279
1543:Middlewares/Third_Party/FreeRTOS/Source/queue.c ****     }
 2424              		.loc 1 1543 9 is_stmt 1 discriminator 7 view .LVU781
 2425              		.syntax divided
 2426              	@ 1543 "Middlewares/Third_Party/FreeRTOS/Source/queue.c" 1
 2427 0068 72B6     		 cpsid i 
 2428              	@ 0 "" 2
 2429              		.thumb
 2430              		.syntax unified
 2431              	.L259:
1543:Middlewares/Third_Party/FreeRTOS/Source/queue.c ****     }
 2432              		.loc 1 1543 9 discriminator 9 view .LVU782
1543:Middlewares/Third_Party/FreeRTOS/Source/queue.c ****     }
 2433              		.loc 1 1543 9 discriminator 9 view .LVU783
 2434 006a FEE7     		b	.L259
 2435              	.LVL232:
 2436              	.L260:
 2437              	.LBB49:
1606:Middlewares/Third_Party/FreeRTOS/Source/queue.c ****                 {
 2438              		.loc 1 1606 17 view .LVU784
1606:Middlewares/Third_Party/FreeRTOS/Source/queue.c ****                 {
 2439              		.loc 1 1606 19 is_stmt 0 view .LVU785
 2440 006c 019B     		ldr	r3, [sp, #4]
 2441              	.LVL233:
1606:Middlewares/Third_Party/FreeRTOS/Source/queue.c ****                 {
 2442              		.loc 1 1606 19 view .LVU786
 2443 006e 002B     		cmp	r3, #0
 2444 0070 03D1     		bne	.L266
 2445              	.LVL234:
ARM GAS  /tmp/ccMJcgml.s 			page 100


 2446              	.L291:
1606:Middlewares/Third_Party/FreeRTOS/Source/queue.c ****                 {
 2447              		.loc 1 1606 19 view .LVU787
 2448              	.LBE49:
1715:Middlewares/Third_Party/FreeRTOS/Source/queue.c ****                     }
 2449              		.loc 1 1715 25 is_stmt 1 view .LVU788
 2450 0072 FFF7FEFF 		bl	vPortExitCritical
 2451              	.LVL235:
 2452              	.L267:
 2453              	.LBB50:
1612:Middlewares/Third_Party/FreeRTOS/Source/queue.c ****                 }
 2454              		.loc 1 1612 28 is_stmt 0 view .LVU789
 2455 0076 0020     		movs	r0, #0
 2456 0078 EFE7     		b	.L251
 2457              	.LVL236:
 2458              	.L266:
1614:Middlewares/Third_Party/FreeRTOS/Source/queue.c ****                 {
 2459              		.loc 1 1614 22 is_stmt 1 view .LVU790
1614:Middlewares/Third_Party/FreeRTOS/Source/queue.c ****                 {
 2460              		.loc 1 1614 24 is_stmt 0 view .LVU791
 2461 007a 002E     		cmp	r6, #0
 2462 007c 02D1     		bne	.L268
1618:Middlewares/Third_Party/FreeRTOS/Source/queue.c ****                     xEntryTimeSet = pdTRUE;
 2463              		.loc 1 1618 21 is_stmt 1 view .LVU792
 2464 007e 02A8     		add	r0, sp, #8
 2465 0080 FFF7FEFF 		bl	vTaskInternalSetTimeOutState
 2466              	.LVL237:
1619:Middlewares/Third_Party/FreeRTOS/Source/queue.c ****                 }
 2467              		.loc 1 1619 21 view .LVU793
 2468              	.L268:
1624:Middlewares/Third_Party/FreeRTOS/Source/queue.c ****                 }
 2469              		.loc 1 1624 45 view .LVU794
 2470              	.LBE50:
1628:Middlewares/Third_Party/FreeRTOS/Source/queue.c **** 
 2471              		.loc 1 1628 9 view .LVU795
 2472 0084 FFF7FEFF 		bl	vPortExitCritical
 2473              	.LVL238:
1633:Middlewares/Third_Party/FreeRTOS/Source/queue.c ****         prvLockQueue( pxQueue );
 2474              		.loc 1 1633 9 view .LVU796
 2475 0088 FFF7FEFF 		bl	vTaskSuspendAll
 2476              	.LVL239:
1634:Middlewares/Third_Party/FreeRTOS/Source/queue.c **** 
 2477              		.loc 1 1634 9 view .LVU797
 2478 008c FFF7FEFF 		bl	vPortEnterCritical
 2479              	.LVL240:
1634:Middlewares/Third_Party/FreeRTOS/Source/queue.c **** 
 2480              		.loc 1 1634 9 discriminator 1 view .LVU798
 2481 0090 2200     		movs	r2, r4
 2482 0092 4432     		adds	r2, r2, #68
 2483 0094 1378     		ldrb	r3, [r2]
 2484 0096 5BB2     		sxtb	r3, r3
 2485 0098 0133     		adds	r3, r3, #1
 2486 009a 01D1     		bne	.L269
1634:Middlewares/Third_Party/FreeRTOS/Source/queue.c **** 
 2487              		.loc 1 1634 9 discriminator 1 view .LVU799
 2488 009c 0023     		movs	r3, #0
 2489 009e 1370     		strb	r3, [r2]
ARM GAS  /tmp/ccMJcgml.s 			page 101


 2490              	.L269:
1634:Middlewares/Third_Party/FreeRTOS/Source/queue.c **** 
 2491              		.loc 1 1634 9 discriminator 3 view .LVU800
 2492 00a0 2200     		movs	r2, r4
 2493 00a2 4532     		adds	r2, r2, #69
 2494 00a4 1378     		ldrb	r3, [r2]
 2495 00a6 5BB2     		sxtb	r3, r3
 2496 00a8 0133     		adds	r3, r3, #1
 2497 00aa 01D1     		bne	.L270
1634:Middlewares/Third_Party/FreeRTOS/Source/queue.c **** 
 2498              		.loc 1 1634 9 discriminator 4 view .LVU801
 2499 00ac 0023     		movs	r3, #0
 2500 00ae 1370     		strb	r3, [r2]
 2501              	.L270:
1634:Middlewares/Third_Party/FreeRTOS/Source/queue.c **** 
 2502              		.loc 1 1634 9 discriminator 6 view .LVU802
 2503 00b0 FFF7FEFF 		bl	vPortExitCritical
 2504              	.LVL241:
1637:Middlewares/Third_Party/FreeRTOS/Source/queue.c ****         {
 2505              		.loc 1 1637 9 view .LVU803
1637:Middlewares/Third_Party/FreeRTOS/Source/queue.c ****         {
 2506              		.loc 1 1637 13 is_stmt 0 view .LVU804
 2507 00b4 01A9     		add	r1, sp, #4
 2508 00b6 02A8     		add	r0, sp, #8
 2509 00b8 FFF7FEFF 		bl	xTaskCheckForTimeOut
 2510              	.LVL242:
1637:Middlewares/Third_Party/FreeRTOS/Source/queue.c ****         {
 2511              		.loc 1 1637 11 discriminator 1 view .LVU805
 2512 00bc 0028     		cmp	r0, #0
 2513 00be 25D1     		bne	.L271
1643:Middlewares/Third_Party/FreeRTOS/Source/queue.c ****             {
 2514              		.loc 1 1643 13 is_stmt 1 view .LVU806
1643:Middlewares/Third_Party/FreeRTOS/Source/queue.c ****             {
 2515              		.loc 1 1643 17 is_stmt 0 view .LVU807
 2516 00c0 2000     		movs	r0, r4
 2517 00c2 FFF7FEFF 		bl	prvIsQueueEmpty
 2518              	.LVL243:
1643:Middlewares/Third_Party/FreeRTOS/Source/queue.c ****             {
 2519              		.loc 1 1643 15 discriminator 1 view .LVU808
 2520 00c6 0028     		cmp	r0, #0
 2521 00c8 1AD0     		beq	.L272
1645:Middlewares/Third_Party/FreeRTOS/Source/queue.c **** 
 2522              		.loc 1 1645 58 is_stmt 1 view .LVU809
1649:Middlewares/Third_Party/FreeRTOS/Source/queue.c ****                     {
 2523              		.loc 1 1649 21 view .LVU810
1649:Middlewares/Third_Party/FreeRTOS/Source/queue.c ****                     {
 2524              		.loc 1 1649 23 is_stmt 0 view .LVU811
 2525 00ca 2368     		ldr	r3, [r4]
 2526 00cc 002B     		cmp	r3, #0
 2527 00ce 07D1     		bne	.L273
1651:Middlewares/Third_Party/FreeRTOS/Source/queue.c ****                         {
 2528              		.loc 1 1651 25 is_stmt 1 view .LVU812
 2529 00d0 FFF7FEFF 		bl	vPortEnterCritical
 2530              	.LVL244:
1653:Middlewares/Third_Party/FreeRTOS/Source/queue.c ****                         }
 2531              		.loc 1 1653 29 view .LVU813
1653:Middlewares/Third_Party/FreeRTOS/Source/queue.c ****                         }
ARM GAS  /tmp/ccMJcgml.s 			page 102


 2532              		.loc 1 1653 52 is_stmt 0 view .LVU814
 2533 00d4 A068     		ldr	r0, [r4, #8]
 2534 00d6 FFF7FEFF 		bl	xTaskPriorityInherit
 2535              	.LVL245:
 2536 00da 0500     		movs	r5, r0
 2537              	.LVL246:
1655:Middlewares/Third_Party/FreeRTOS/Source/queue.c ****                     }
 2538              		.loc 1 1655 25 is_stmt 1 view .LVU815
 2539 00dc FFF7FEFF 		bl	vPortExitCritical
 2540              	.LVL247:
 2541              	.L273:
1659:Middlewares/Third_Party/FreeRTOS/Source/queue.c ****                     }
 2542              		.loc 1 1659 49 view .LVU816
1664:Middlewares/Third_Party/FreeRTOS/Source/queue.c ****                 prvUnlockQueue( pxQueue );
 2543              		.loc 1 1664 17 view .LVU817
 2544 00e0 2000     		movs	r0, r4
 2545 00e2 0199     		ldr	r1, [sp, #4]
 2546 00e4 2430     		adds	r0, r0, #36
 2547 00e6 FFF7FEFF 		bl	vTaskPlaceOnEventList
 2548              	.LVL248:
1665:Middlewares/Third_Party/FreeRTOS/Source/queue.c **** 
 2549              		.loc 1 1665 17 view .LVU818
 2550 00ea 2000     		movs	r0, r4
 2551 00ec FFF7FEFF 		bl	prvUnlockQueue
 2552              	.LVL249:
1667:Middlewares/Third_Party/FreeRTOS/Source/queue.c ****                 {
 2553              		.loc 1 1667 17 view .LVU819
1667:Middlewares/Third_Party/FreeRTOS/Source/queue.c ****                 {
 2554              		.loc 1 1667 21 is_stmt 0 view .LVU820
 2555 00f0 FFF7FEFF 		bl	xTaskResumeAll
 2556              	.LVL250:
1667:Middlewares/Third_Party/FreeRTOS/Source/queue.c ****                 {
 2557              		.loc 1 1667 19 discriminator 1 view .LVU821
 2558 00f4 0028     		cmp	r0, #0
 2559 00f6 01D1     		bne	.L277
1669:Middlewares/Third_Party/FreeRTOS/Source/queue.c ****                 }
 2560              		.loc 1 1669 21 is_stmt 1 view .LVU822
 2561 00f8 FFF7FEFF 		bl	vPortYield
 2562              	.LVL251:
 2563              	.L277:
1669:Middlewares/Third_Party/FreeRTOS/Source/queue.c ****                 }
 2564              		.loc 1 1669 21 is_stmt 0 view .LVU823
 2565 00fc 3E00     		movs	r6, r7
 2566 00fe 91E7     		b	.L257
 2567              	.L272:
1680:Middlewares/Third_Party/FreeRTOS/Source/queue.c ****                 ( void ) xTaskResumeAll();
 2568              		.loc 1 1680 17 is_stmt 1 view .LVU824
 2569 0100 2000     		movs	r0, r4
 2570 0102 FFF7FEFF 		bl	prvUnlockQueue
 2571              	.LVL252:
1681:Middlewares/Third_Party/FreeRTOS/Source/queue.c ****             }
 2572              		.loc 1 1681 17 view .LVU825
1681:Middlewares/Third_Party/FreeRTOS/Source/queue.c ****             }
 2573              		.loc 1 1681 26 is_stmt 0 view .LVU826
 2574 0106 FFF7FEFF 		bl	xTaskResumeAll
 2575              	.LVL253:
 2576 010a F7E7     		b	.L277
ARM GAS  /tmp/ccMJcgml.s 			page 103


 2577              	.L271:
1687:Middlewares/Third_Party/FreeRTOS/Source/queue.c ****             ( void ) xTaskResumeAll();
 2578              		.loc 1 1687 13 is_stmt 1 view .LVU827
 2579 010c 2000     		movs	r0, r4
 2580 010e FFF7FEFF 		bl	prvUnlockQueue
 2581              	.LVL254:
1688:Middlewares/Third_Party/FreeRTOS/Source/queue.c **** 
 2582              		.loc 1 1688 13 view .LVU828
1688:Middlewares/Third_Party/FreeRTOS/Source/queue.c **** 
 2583              		.loc 1 1688 22 is_stmt 0 view .LVU829
 2584 0112 FFF7FEFF 		bl	xTaskResumeAll
 2585              	.LVL255:
1694:Middlewares/Third_Party/FreeRTOS/Source/queue.c ****             {
 2586              		.loc 1 1694 13 is_stmt 1 view .LVU830
1694:Middlewares/Third_Party/FreeRTOS/Source/queue.c ****             {
 2587              		.loc 1 1694 17 is_stmt 0 view .LVU831
 2588 0116 2000     		movs	r0, r4
 2589 0118 FFF7FEFF 		bl	prvIsQueueEmpty
 2590              	.LVL256:
1694:Middlewares/Third_Party/FreeRTOS/Source/queue.c ****             {
 2591              		.loc 1 1694 15 discriminator 1 view .LVU832
 2592 011c 0028     		cmp	r0, #0
 2593 011e EDD0     		beq	.L277
1701:Middlewares/Third_Party/FreeRTOS/Source/queue.c ****                     {
 2594              		.loc 1 1701 21 is_stmt 1 view .LVU833
1701:Middlewares/Third_Party/FreeRTOS/Source/queue.c ****                     {
 2595              		.loc 1 1701 23 is_stmt 0 view .LVU834
 2596 0120 002D     		cmp	r5, #0
 2597 0122 A8D0     		beq	.L267
1703:Middlewares/Third_Party/FreeRTOS/Source/queue.c ****                         {
 2598              		.loc 1 1703 25 is_stmt 1 view .LVU835
 2599 0124 FFF7FEFF 		bl	vPortEnterCritical
 2600              	.LVL257:
 2601              	.LBB51:
1705:Middlewares/Third_Party/FreeRTOS/Source/queue.c **** 
 2602              		.loc 1 1705 29 view .LVU836
1712:Middlewares/Third_Party/FreeRTOS/Source/queue.c ****                             vTaskPriorityDisinheritAfterTimeout( pxQueue->u.xSemaphore.xMutexHolder
 2603              		.loc 1 1712 29 view .LVU837
 2604              	.LBB52:
 2605              	.LBI52:
2151:Middlewares/Third_Party/FreeRTOS/Source/queue.c ****     {
 2606              		.loc 1 2151 24 view .LVU838
 2607              	.LBB53:
2153:Middlewares/Third_Party/FreeRTOS/Source/queue.c **** 
 2608              		.loc 1 2153 9 view .LVU839
2161:Middlewares/Third_Party/FreeRTOS/Source/queue.c ****         {
 2609              		.loc 1 2161 9 view .LVU840
2161:Middlewares/Third_Party/FreeRTOS/Source/queue.c ****         {
 2610              		.loc 1 2161 13 is_stmt 0 view .LVU841
 2611 0128 616A     		ldr	r1, [r4, #36]
2161:Middlewares/Third_Party/FreeRTOS/Source/queue.c ****         {
 2612              		.loc 1 2161 11 view .LVU842
 2613 012a 0029     		cmp	r1, #0
 2614 012c 03D0     		beq	.L278
2163:Middlewares/Third_Party/FreeRTOS/Source/queue.c ****         }
 2615              		.loc 1 2163 13 is_stmt 1 view .LVU843
2163:Middlewares/Third_Party/FreeRTOS/Source/queue.c ****         }
ARM GAS  /tmp/ccMJcgml.s 			page 104


 2616              		.loc 1 2163 45 is_stmt 0 view .LVU844
 2617 012e 3821     		movs	r1, #56
2163:Middlewares/Third_Party/FreeRTOS/Source/queue.c ****         }
 2618              		.loc 1 2163 102 view .LVU845
 2619 0130 236B     		ldr	r3, [r4, #48]
2163:Middlewares/Third_Party/FreeRTOS/Source/queue.c ****         }
 2620              		.loc 1 2163 45 view .LVU846
 2621 0132 1B68     		ldr	r3, [r3]
 2622 0134 C91A     		subs	r1, r1, r3
 2623              	.LVL258:
 2624              	.L278:
2170:Middlewares/Third_Party/FreeRTOS/Source/queue.c ****     }
 2625              		.loc 1 2170 9 is_stmt 1 view .LVU847
2170:Middlewares/Third_Party/FreeRTOS/Source/queue.c ****     }
 2626              		.loc 1 2170 9 is_stmt 0 view .LVU848
 2627              	.LBE53:
 2628              	.LBE52:
1713:Middlewares/Third_Party/FreeRTOS/Source/queue.c ****                         }
 2629              		.loc 1 1713 29 is_stmt 1 view .LVU849
 2630 0136 A068     		ldr	r0, [r4, #8]
 2631 0138 FFF7FEFF 		bl	vTaskPriorityDisinheritAfterTimeout
 2632              	.LVL259:
1713:Middlewares/Third_Party/FreeRTOS/Source/queue.c ****                         }
 2633              		.loc 1 1713 29 is_stmt 0 view .LVU850
 2634 013c 99E7     		b	.L291
 2635              	.LBE51:
 2636              		.cfi_endproc
 2637              	.LFE14:
 2639              		.section	.text.xQueueTakeMutexRecursive,"ax",%progbits
 2640              		.align	1
 2641              		.global	xQueueTakeMutexRecursive
 2642              		.syntax unified
 2643              		.code	16
 2644              		.thumb_func
 2646              	xQueueTakeMutexRecursive:
 2647              	.LVL260:
 2648              	.LFB8:
 726:Middlewares/Third_Party/FreeRTOS/Source/queue.c ****         BaseType_t xReturn;
 2649              		.loc 1 726 5 is_stmt 1 view -0
 2650              		.cfi_startproc
 2651              		@ args = 0, pretend = 0, frame = 0
 2652              		@ frame_needed = 0, uses_anonymous_args = 0
 727:Middlewares/Third_Party/FreeRTOS/Source/queue.c ****         Queue_t * const pxMutex = ( Queue_t * ) xMutex;
 2653              		.loc 1 727 9 view .LVU852
 728:Middlewares/Third_Party/FreeRTOS/Source/queue.c **** 
 2654              		.loc 1 728 9 view .LVU853
 730:Middlewares/Third_Party/FreeRTOS/Source/queue.c **** 
 2655              		.loc 1 730 9 view .LVU854
 726:Middlewares/Third_Party/FreeRTOS/Source/queue.c ****         BaseType_t xReturn;
 2656              		.loc 1 726 5 is_stmt 0 view .LVU855
 2657 0000 70B5     		push	{r4, r5, r6, lr}
 2658              		.cfi_def_cfa_offset 16
 2659              		.cfi_offset 4, -16
 2660              		.cfi_offset 5, -12
 2661              		.cfi_offset 6, -8
 2662              		.cfi_offset 14, -4
 726:Middlewares/Third_Party/FreeRTOS/Source/queue.c ****         BaseType_t xReturn;
ARM GAS  /tmp/ccMJcgml.s 			page 105


 2663              		.loc 1 726 5 view .LVU856
 2664 0002 0400     		movs	r4, r0
 2665 0004 0D00     		movs	r5, r1
 730:Middlewares/Third_Party/FreeRTOS/Source/queue.c **** 
 2666              		.loc 1 730 9 view .LVU857
 2667 0006 0028     		cmp	r0, #0
 2668 0008 01D1     		bne	.L293
 730:Middlewares/Third_Party/FreeRTOS/Source/queue.c **** 
 2669              		.loc 1 730 9 is_stmt 1 discriminator 1 view .LVU858
 2670              		.syntax divided
 2671              	@ 730 "Middlewares/Third_Party/FreeRTOS/Source/queue.c" 1
 2672 000a 72B6     		 cpsid i 
 2673              	@ 0 "" 2
 2674              		.thumb
 2675              		.syntax unified
 2676              	.L294:
 730:Middlewares/Third_Party/FreeRTOS/Source/queue.c **** 
 2677              		.loc 1 730 9 discriminator 3 view .LVU859
 730:Middlewares/Third_Party/FreeRTOS/Source/queue.c **** 
 2678              		.loc 1 730 9 discriminator 3 view .LVU860
 2679 000c FEE7     		b	.L294
 2680              	.L293:
 730:Middlewares/Third_Party/FreeRTOS/Source/queue.c **** 
 2681              		.loc 1 730 32 discriminator 2 view .LVU861
 735:Middlewares/Third_Party/FreeRTOS/Source/queue.c **** 
 2682              		.loc 1 735 45 view .LVU862
 737:Middlewares/Third_Party/FreeRTOS/Source/queue.c ****         {
 2683              		.loc 1 737 9 view .LVU863
 737:Middlewares/Third_Party/FreeRTOS/Source/queue.c ****         {
 2684              		.loc 1 737 34 is_stmt 0 view .LVU864
 2685 000e 8668     		ldr	r6, [r0, #8]
 737:Middlewares/Third_Party/FreeRTOS/Source/queue.c ****         {
 2686              		.loc 1 737 51 view .LVU865
 2687 0010 FFF7FEFF 		bl	xTaskGetCurrentTaskHandle
 2688              	.LVL261:
 737:Middlewares/Third_Party/FreeRTOS/Source/queue.c ****         {
 2689              		.loc 1 737 11 discriminator 1 view .LVU866
 2690 0014 8642     		cmp	r6, r0
 2691 0016 04D1     		bne	.L295
 739:Middlewares/Third_Party/FreeRTOS/Source/queue.c ****             xReturn = pdPASS;
 2692              		.loc 1 739 13 is_stmt 1 view .LVU867
 740:Middlewares/Third_Party/FreeRTOS/Source/queue.c ****         }
 2693              		.loc 1 740 21 is_stmt 0 view .LVU868
 2694 0018 0120     		movs	r0, #1
 739:Middlewares/Third_Party/FreeRTOS/Source/queue.c ****             xReturn = pdPASS;
 2695              		.loc 1 739 59 view .LVU869
 2696 001a E368     		ldr	r3, [r4, #12]
 2697 001c 0133     		adds	r3, r3, #1
 2698 001e E360     		str	r3, [r4, #12]
 740:Middlewares/Third_Party/FreeRTOS/Source/queue.c ****         }
 2699              		.loc 1 740 13 is_stmt 1 view .LVU870
 2700              	.LVL262:
 2701              	.L292:
 760:Middlewares/Third_Party/FreeRTOS/Source/queue.c **** 
 2702              		.loc 1 760 5 is_stmt 0 view .LVU871
 2703              		@ sp needed
 2704              	.LVL263:
ARM GAS  /tmp/ccMJcgml.s 			page 106


 2705              	.LVL264:
 760:Middlewares/Third_Party/FreeRTOS/Source/queue.c **** 
 2706              		.loc 1 760 5 view .LVU872
 2707 0020 70BD     		pop	{r4, r5, r6, pc}
 2708              	.LVL265:
 2709              	.L295:
 744:Middlewares/Third_Party/FreeRTOS/Source/queue.c **** 
 2710              		.loc 1 744 13 is_stmt 1 view .LVU873
 744:Middlewares/Third_Party/FreeRTOS/Source/queue.c **** 
 2711              		.loc 1 744 23 is_stmt 0 view .LVU874
 2712 0022 2900     		movs	r1, r5
 2713 0024 2000     		movs	r0, r4
 2714 0026 FFF7FEFF 		bl	xQueueSemaphoreTake
 2715              	.LVL266:
 749:Middlewares/Third_Party/FreeRTOS/Source/queue.c ****             {
 2716              		.loc 1 749 13 is_stmt 1 view .LVU875
 749:Middlewares/Third_Party/FreeRTOS/Source/queue.c ****             {
 2717              		.loc 1 749 15 is_stmt 0 view .LVU876
 2718 002a 0028     		cmp	r0, #0
 2719 002c F8D0     		beq	.L292
 751:Middlewares/Third_Party/FreeRTOS/Source/queue.c ****             }
 2720              		.loc 1 751 17 is_stmt 1 view .LVU877
 751:Middlewares/Third_Party/FreeRTOS/Source/queue.c ****             }
 2721              		.loc 1 751 63 is_stmt 0 view .LVU878
 2722 002e E368     		ldr	r3, [r4, #12]
 2723 0030 0133     		adds	r3, r3, #1
 2724 0032 E360     		str	r3, [r4, #12]
 2725 0034 F4E7     		b	.L292
 2726              		.cfi_endproc
 2727              	.LFE8:
 2729              		.section	.text.xQueuePeek,"ax",%progbits
 2730              		.align	1
 2731              		.global	xQueuePeek
 2732              		.syntax unified
 2733              		.code	16
 2734              		.thumb_func
 2736              	xQueuePeek:
 2737              	.LVL267:
 2738              	.LFB15:
1735:Middlewares/Third_Party/FreeRTOS/Source/queue.c ****     BaseType_t xEntryTimeSet = pdFALSE;
 2739              		.loc 1 1735 1 is_stmt 1 view -0
 2740              		.cfi_startproc
 2741              		@ args = 0, pretend = 0, frame = 16
 2742              		@ frame_needed = 0, uses_anonymous_args = 0
1736:Middlewares/Third_Party/FreeRTOS/Source/queue.c ****     TimeOut_t xTimeOut;
 2743              		.loc 1 1736 5 view .LVU880
1737:Middlewares/Third_Party/FreeRTOS/Source/queue.c ****     int8_t * pcOriginalReadPosition;
 2744              		.loc 1 1737 5 view .LVU881
1738:Middlewares/Third_Party/FreeRTOS/Source/queue.c ****     Queue_t * const pxQueue = xQueue;
 2745              		.loc 1 1738 5 view .LVU882
1739:Middlewares/Third_Party/FreeRTOS/Source/queue.c **** 
 2746              		.loc 1 1739 5 view .LVU883
1742:Middlewares/Third_Party/FreeRTOS/Source/queue.c **** 
 2747              		.loc 1 1742 5 view .LVU884
1735:Middlewares/Third_Party/FreeRTOS/Source/queue.c ****     BaseType_t xEntryTimeSet = pdFALSE;
 2748              		.loc 1 1735 1 is_stmt 0 view .LVU885
 2749 0000 F0B5     		push	{r4, r5, r6, r7, lr}
ARM GAS  /tmp/ccMJcgml.s 			page 107


 2750              		.cfi_def_cfa_offset 20
 2751              		.cfi_offset 4, -20
 2752              		.cfi_offset 5, -16
 2753              		.cfi_offset 6, -12
 2754              		.cfi_offset 7, -8
 2755              		.cfi_offset 14, -4
 2756 0002 85B0     		sub	sp, sp, #20
 2757              		.cfi_def_cfa_offset 40
1735:Middlewares/Third_Party/FreeRTOS/Source/queue.c ****     BaseType_t xEntryTimeSet = pdFALSE;
 2758              		.loc 1 1735 1 view .LVU886
 2759 0004 0400     		movs	r4, r0
 2760 0006 0E00     		movs	r6, r1
 2761 0008 0192     		str	r2, [sp, #4]
1742:Middlewares/Third_Party/FreeRTOS/Source/queue.c **** 
 2762              		.loc 1 1742 5 view .LVU887
 2763 000a 0028     		cmp	r0, #0
 2764 000c 01D1     		bne	.L300
1742:Middlewares/Third_Party/FreeRTOS/Source/queue.c **** 
 2765              		.loc 1 1742 5 is_stmt 1 discriminator 1 view .LVU888
 2766              		.syntax divided
 2767              	@ 1742 "Middlewares/Third_Party/FreeRTOS/Source/queue.c" 1
 2768 000e 72B6     		 cpsid i 
 2769              	@ 0 "" 2
 2770              		.thumb
 2771              		.syntax unified
 2772              	.L301:
1742:Middlewares/Third_Party/FreeRTOS/Source/queue.c **** 
 2773              		.loc 1 1742 5 discriminator 3 view .LVU889
1742:Middlewares/Third_Party/FreeRTOS/Source/queue.c **** 
 2774              		.loc 1 1742 5 discriminator 3 view .LVU890
 2775 0010 FEE7     		b	.L301
 2776              	.L300:
1742:Middlewares/Third_Party/FreeRTOS/Source/queue.c **** 
 2777              		.loc 1 1742 32 discriminator 2 view .LVU891
1746:Middlewares/Third_Party/FreeRTOS/Source/queue.c **** 
 2778              		.loc 1 1746 5 view .LVU892
 2779 0012 0029     		cmp	r1, #0
 2780 0014 04D1     		bne	.L302
1746:Middlewares/Third_Party/FreeRTOS/Source/queue.c **** 
 2781              		.loc 1 1746 5 is_stmt 0 discriminator 2 view .LVU893
 2782 0016 036C     		ldr	r3, [r0, #64]
 2783 0018 002B     		cmp	r3, #0
 2784 001a 01D0     		beq	.L302
1746:Middlewares/Third_Party/FreeRTOS/Source/queue.c **** 
 2785              		.loc 1 1746 5 is_stmt 1 discriminator 7 view .LVU894
 2786              		.syntax divided
 2787              	@ 1746 "Middlewares/Third_Party/FreeRTOS/Source/queue.c" 1
 2788 001c 72B6     		 cpsid i 
 2789              	@ 0 "" 2
 2790              		.thumb
 2791              		.syntax unified
 2792              	.L303:
1746:Middlewares/Third_Party/FreeRTOS/Source/queue.c **** 
 2793              		.loc 1 1746 5 discriminator 9 view .LVU895
1746:Middlewares/Third_Party/FreeRTOS/Source/queue.c **** 
 2794              		.loc 1 1746 5 discriminator 9 view .LVU896
 2795 001e FEE7     		b	.L303
ARM GAS  /tmp/ccMJcgml.s 			page 108


 2796              	.L302:
1746:Middlewares/Third_Party/FreeRTOS/Source/queue.c **** 
 2797              		.loc 1 1746 103 discriminator 8 view .LVU897
1751:Middlewares/Third_Party/FreeRTOS/Source/queue.c ****     }
 2798              		.loc 1 1751 9 view .LVU898
 2799 0020 FFF7FEFF 		bl	xTaskGetSchedulerState
 2800              	.LVL268:
1751:Middlewares/Third_Party/FreeRTOS/Source/queue.c ****     }
 2801              		.loc 1 1751 9 is_stmt 0 view .LVU899
 2802 0024 051E     		subs	r5, r0, #0
1751:Middlewares/Third_Party/FreeRTOS/Source/queue.c ****     }
 2803              		.loc 1 1751 9 discriminator 1 view .LVU900
 2804 0026 1CD0     		beq	.L304
 2805 0028 0025     		movs	r5, #0
 2806              	.L306:
 2807 002a 0127     		movs	r7, #1
 2808              	.LVL269:
 2809              	.L305:
1751:Middlewares/Third_Party/FreeRTOS/Source/queue.c ****     }
 2810              		.loc 1 1751 110 is_stmt 1 discriminator 8 view .LVU901
1758:Middlewares/Third_Party/FreeRTOS/Source/queue.c ****     {
 2811              		.loc 1 1758 5 view .LVU902
1760:Middlewares/Third_Party/FreeRTOS/Source/queue.c ****         {
 2812              		.loc 1 1760 9 view .LVU903
 2813 002c FFF7FEFF 		bl	vPortEnterCritical
 2814              	.LVL270:
 2815              	.LBB54:
1762:Middlewares/Third_Party/FreeRTOS/Source/queue.c **** 
 2816              		.loc 1 1762 13 view .LVU904
1762:Middlewares/Third_Party/FreeRTOS/Source/queue.c **** 
 2817              		.loc 1 1762 31 is_stmt 0 view .LVU905
 2818 0030 A36B     		ldr	r3, [r4, #56]
 2819              	.LVL271:
1766:Middlewares/Third_Party/FreeRTOS/Source/queue.c ****             {
 2820              		.loc 1 1766 13 is_stmt 1 view .LVU906
1766:Middlewares/Third_Party/FreeRTOS/Source/queue.c ****             {
 2821              		.loc 1 1766 15 is_stmt 0 view .LVU907
 2822 0032 002B     		cmp	r3, #0
 2823 0034 1AD0     		beq	.L308
1771:Middlewares/Third_Party/FreeRTOS/Source/queue.c **** 
 2824              		.loc 1 1771 17 is_stmt 1 view .LVU908
1773:Middlewares/Third_Party/FreeRTOS/Source/queue.c ****                 traceQUEUE_PEEK( pxQueue );
 2825              		.loc 1 1773 17 is_stmt 0 view .LVU909
 2826 0036 3100     		movs	r1, r6
 2827 0038 2000     		movs	r0, r4
1771:Middlewares/Third_Party/FreeRTOS/Source/queue.c **** 
 2828              		.loc 1 1771 40 view .LVU910
 2829 003a E568     		ldr	r5, [r4, #12]
 2830              	.LVL272:
1773:Middlewares/Third_Party/FreeRTOS/Source/queue.c ****                 traceQUEUE_PEEK( pxQueue );
 2831              		.loc 1 1773 17 is_stmt 1 view .LVU911
 2832 003c FFF7FEFF 		bl	prvCopyDataFromQueue
 2833              	.LVL273:
1774:Middlewares/Third_Party/FreeRTOS/Source/queue.c **** 
 2834              		.loc 1 1774 43 view .LVU912
1777:Middlewares/Third_Party/FreeRTOS/Source/queue.c **** 
 2835              		.loc 1 1777 17 view .LVU913
ARM GAS  /tmp/ccMJcgml.s 			page 109


1781:Middlewares/Third_Party/FreeRTOS/Source/queue.c ****                 {
 2836              		.loc 1 1781 21 is_stmt 0 view .LVU914
 2837 0040 636A     		ldr	r3, [r4, #36]
1777:Middlewares/Third_Party/FreeRTOS/Source/queue.c **** 
 2838              		.loc 1 1777 46 view .LVU915
 2839 0042 E560     		str	r5, [r4, #12]
1781:Middlewares/Third_Party/FreeRTOS/Source/queue.c ****                 {
 2840              		.loc 1 1781 17 is_stmt 1 view .LVU916
1781:Middlewares/Third_Party/FreeRTOS/Source/queue.c ****                 {
 2841              		.loc 1 1781 19 is_stmt 0 view .LVU917
 2842 0044 002B     		cmp	r3, #0
 2843 0046 07D0     		beq	.L310
1783:Middlewares/Third_Party/FreeRTOS/Source/queue.c ****                     {
 2844              		.loc 1 1783 21 is_stmt 1 view .LVU918
1783:Middlewares/Third_Party/FreeRTOS/Source/queue.c ****                     {
 2845              		.loc 1 1783 51 is_stmt 0 view .LVU919
 2846 0048 2000     		movs	r0, r4
 2847 004a 2430     		adds	r0, r0, #36
1783:Middlewares/Third_Party/FreeRTOS/Source/queue.c ****                     {
 2848              		.loc 1 1783 25 view .LVU920
 2849 004c FFF7FEFF 		bl	xTaskRemoveFromEventList
 2850              	.LVL274:
1783:Middlewares/Third_Party/FreeRTOS/Source/queue.c ****                     {
 2851              		.loc 1 1783 23 discriminator 1 view .LVU921
 2852 0050 0028     		cmp	r0, #0
 2853 0052 01D0     		beq	.L310
1786:Middlewares/Third_Party/FreeRTOS/Source/queue.c ****                     }
 2854              		.loc 1 1786 25 is_stmt 1 view .LVU922
 2855 0054 FFF7FEFF 		bl	vPortYield
 2856              	.LVL275:
 2857              	.L310:
1795:Middlewares/Third_Party/FreeRTOS/Source/queue.c ****                 }
 2858              		.loc 1 1795 45 view .LVU923
1798:Middlewares/Third_Party/FreeRTOS/Source/queue.c ****                 return pdPASS;
 2859              		.loc 1 1798 17 view .LVU924
 2860 0058 FFF7FEFF 		bl	vPortExitCritical
 2861              	.LVL276:
1799:Middlewares/Third_Party/FreeRTOS/Source/queue.c ****             }
 2862              		.loc 1 1799 17 view .LVU925
1799:Middlewares/Third_Party/FreeRTOS/Source/queue.c ****             }
 2863              		.loc 1 1799 24 is_stmt 0 view .LVU926
 2864 005c 0120     		movs	r0, #1
 2865              	.LVL277:
 2866              	.L299:
1799:Middlewares/Third_Party/FreeRTOS/Source/queue.c ****             }
 2867              		.loc 1 1799 24 view .LVU927
 2868              	.LBE54:
1880:Middlewares/Third_Party/FreeRTOS/Source/queue.c **** /*-----------------------------------------------------------*/
 2869              		.loc 1 1880 1 view .LVU928
 2870 005e 05B0     		add	sp, sp, #20
 2871              		@ sp needed
 2872              	.LVL278:
 2873              	.LVL279:
1880:Middlewares/Third_Party/FreeRTOS/Source/queue.c **** /*-----------------------------------------------------------*/
 2874              		.loc 1 1880 1 view .LVU929
 2875 0060 F0BD     		pop	{r4, r5, r6, r7, pc}
 2876              	.LVL280:
ARM GAS  /tmp/ccMJcgml.s 			page 110


 2877              	.L304:
1751:Middlewares/Third_Party/FreeRTOS/Source/queue.c ****     }
 2878              		.loc 1 1751 9 discriminator 2 view .LVU930
 2879 0062 019B     		ldr	r3, [sp, #4]
 2880 0064 002B     		cmp	r3, #0
 2881 0066 E0D0     		beq	.L306
1751:Middlewares/Third_Party/FreeRTOS/Source/queue.c ****     }
 2882              		.loc 1 1751 9 is_stmt 1 discriminator 7 view .LVU931
 2883              		.syntax divided
 2884              	@ 1751 "Middlewares/Third_Party/FreeRTOS/Source/queue.c" 1
 2885 0068 72B6     		 cpsid i 
 2886              	@ 0 "" 2
 2887              		.thumb
 2888              		.syntax unified
 2889              	.L307:
1751:Middlewares/Third_Party/FreeRTOS/Source/queue.c ****     }
 2890              		.loc 1 1751 9 discriminator 9 view .LVU932
1751:Middlewares/Third_Party/FreeRTOS/Source/queue.c ****     }
 2891              		.loc 1 1751 9 discriminator 9 view .LVU933
 2892 006a FEE7     		b	.L307
 2893              	.LVL281:
 2894              	.L308:
 2895              	.LBB55:
1803:Middlewares/Third_Party/FreeRTOS/Source/queue.c ****                 {
 2896              		.loc 1 1803 17 view .LVU934
1803:Middlewares/Third_Party/FreeRTOS/Source/queue.c ****                 {
 2897              		.loc 1 1803 19 is_stmt 0 view .LVU935
 2898 006c 019B     		ldr	r3, [sp, #4]
 2899              	.LVL282:
1803:Middlewares/Third_Party/FreeRTOS/Source/queue.c ****                 {
 2900              		.loc 1 1803 19 view .LVU936
 2901 006e 002B     		cmp	r3, #0
 2902 0070 03D1     		bne	.L313
1807:Middlewares/Third_Party/FreeRTOS/Source/queue.c ****                     traceQUEUE_PEEK_FAILED( pxQueue );
 2903              		.loc 1 1807 21 is_stmt 1 view .LVU937
 2904 0072 FFF7FEFF 		bl	vPortExitCritical
 2905              	.LVL283:
1808:Middlewares/Third_Party/FreeRTOS/Source/queue.c ****                     return errQUEUE_EMPTY;
 2906              		.loc 1 1808 54 view .LVU938
1809:Middlewares/Third_Party/FreeRTOS/Source/queue.c ****                 }
 2907              		.loc 1 1809 21 view .LVU939
 2908              	.L314:
1809:Middlewares/Third_Party/FreeRTOS/Source/queue.c ****                 }
 2909              		.loc 1 1809 28 is_stmt 0 view .LVU940
 2910 0076 0020     		movs	r0, #0
 2911 0078 F1E7     		b	.L299
 2912              	.LVL284:
 2913              	.L313:
1811:Middlewares/Third_Party/FreeRTOS/Source/queue.c ****                 {
 2914              		.loc 1 1811 22 is_stmt 1 view .LVU941
1811:Middlewares/Third_Party/FreeRTOS/Source/queue.c ****                 {
 2915              		.loc 1 1811 24 is_stmt 0 view .LVU942
 2916 007a 002D     		cmp	r5, #0
 2917 007c 02D1     		bne	.L315
1816:Middlewares/Third_Party/FreeRTOS/Source/queue.c ****                     xEntryTimeSet = pdTRUE;
 2918              		.loc 1 1816 21 is_stmt 1 view .LVU943
 2919 007e 02A8     		add	r0, sp, #8
ARM GAS  /tmp/ccMJcgml.s 			page 111


 2920 0080 FFF7FEFF 		bl	vTaskInternalSetTimeOutState
 2921              	.LVL285:
1817:Middlewares/Third_Party/FreeRTOS/Source/queue.c ****                 }
 2922              		.loc 1 1817 21 view .LVU944
 2923              	.L315:
1822:Middlewares/Third_Party/FreeRTOS/Source/queue.c ****                 }
 2924              		.loc 1 1822 45 view .LVU945
 2925              	.LBE55:
1826:Middlewares/Third_Party/FreeRTOS/Source/queue.c **** 
 2926              		.loc 1 1826 9 view .LVU946
 2927 0084 FFF7FEFF 		bl	vPortExitCritical
 2928              	.LVL286:
1831:Middlewares/Third_Party/FreeRTOS/Source/queue.c ****         prvLockQueue( pxQueue );
 2929              		.loc 1 1831 9 view .LVU947
 2930 0088 FFF7FEFF 		bl	vTaskSuspendAll
 2931              	.LVL287:
1832:Middlewares/Third_Party/FreeRTOS/Source/queue.c **** 
 2932              		.loc 1 1832 9 view .LVU948
 2933 008c FFF7FEFF 		bl	vPortEnterCritical
 2934              	.LVL288:
1832:Middlewares/Third_Party/FreeRTOS/Source/queue.c **** 
 2935              		.loc 1 1832 9 discriminator 1 view .LVU949
 2936 0090 2200     		movs	r2, r4
 2937 0092 4432     		adds	r2, r2, #68
 2938 0094 1378     		ldrb	r3, [r2]
 2939 0096 5BB2     		sxtb	r3, r3
 2940 0098 0133     		adds	r3, r3, #1
 2941 009a 01D1     		bne	.L316
1832:Middlewares/Third_Party/FreeRTOS/Source/queue.c **** 
 2942              		.loc 1 1832 9 discriminator 1 view .LVU950
 2943 009c 0023     		movs	r3, #0
 2944 009e 1370     		strb	r3, [r2]
 2945              	.L316:
1832:Middlewares/Third_Party/FreeRTOS/Source/queue.c **** 
 2946              		.loc 1 1832 9 discriminator 3 view .LVU951
 2947 00a0 2200     		movs	r2, r4
 2948 00a2 4532     		adds	r2, r2, #69
 2949 00a4 1378     		ldrb	r3, [r2]
 2950 00a6 5BB2     		sxtb	r3, r3
 2951 00a8 0133     		adds	r3, r3, #1
 2952 00aa 01D1     		bne	.L317
1832:Middlewares/Third_Party/FreeRTOS/Source/queue.c **** 
 2953              		.loc 1 1832 9 discriminator 4 view .LVU952
 2954 00ac 0023     		movs	r3, #0
 2955 00ae 1370     		strb	r3, [r2]
 2956              	.L317:
1832:Middlewares/Third_Party/FreeRTOS/Source/queue.c **** 
 2957              		.loc 1 1832 9 discriminator 6 view .LVU953
 2958 00b0 FFF7FEFF 		bl	vPortExitCritical
 2959              	.LVL289:
1835:Middlewares/Third_Party/FreeRTOS/Source/queue.c ****         {
 2960              		.loc 1 1835 9 view .LVU954
1835:Middlewares/Third_Party/FreeRTOS/Source/queue.c ****         {
 2961              		.loc 1 1835 13 is_stmt 0 view .LVU955
 2962 00b4 01A9     		add	r1, sp, #4
 2963 00b6 02A8     		add	r0, sp, #8
 2964 00b8 FFF7FEFF 		bl	xTaskCheckForTimeOut
ARM GAS  /tmp/ccMJcgml.s 			page 112


 2965              	.LVL290:
1835:Middlewares/Third_Party/FreeRTOS/Source/queue.c ****         {
 2966              		.loc 1 1835 11 discriminator 1 view .LVU956
 2967 00bc 0028     		cmp	r0, #0
 2968 00be 1AD1     		bne	.L318
1839:Middlewares/Third_Party/FreeRTOS/Source/queue.c ****             {
 2969              		.loc 1 1839 13 is_stmt 1 view .LVU957
1839:Middlewares/Third_Party/FreeRTOS/Source/queue.c ****             {
 2970              		.loc 1 1839 17 is_stmt 0 view .LVU958
 2971 00c0 2000     		movs	r0, r4
 2972 00c2 FFF7FEFF 		bl	prvIsQueueEmpty
 2973              	.LVL291:
1839:Middlewares/Third_Party/FreeRTOS/Source/queue.c ****             {
 2974              		.loc 1 1839 15 discriminator 1 view .LVU959
 2975 00c6 0028     		cmp	r0, #0
 2976 00c8 0FD0     		beq	.L319
1841:Middlewares/Third_Party/FreeRTOS/Source/queue.c ****                 vTaskPlaceOnEventList( &( pxQueue->xTasksWaitingToReceive ), xTicksToWait );
 2977              		.loc 1 1841 55 is_stmt 1 view .LVU960
1842:Middlewares/Third_Party/FreeRTOS/Source/queue.c ****                 prvUnlockQueue( pxQueue );
 2978              		.loc 1 1842 17 view .LVU961
 2979 00ca 2000     		movs	r0, r4
 2980 00cc 0199     		ldr	r1, [sp, #4]
 2981 00ce 2430     		adds	r0, r0, #36
 2982 00d0 FFF7FEFF 		bl	vTaskPlaceOnEventList
 2983              	.LVL292:
1843:Middlewares/Third_Party/FreeRTOS/Source/queue.c **** 
 2984              		.loc 1 1843 17 view .LVU962
 2985 00d4 2000     		movs	r0, r4
 2986 00d6 FFF7FEFF 		bl	prvUnlockQueue
 2987              	.LVL293:
1845:Middlewares/Third_Party/FreeRTOS/Source/queue.c ****                 {
 2988              		.loc 1 1845 17 view .LVU963
1845:Middlewares/Third_Party/FreeRTOS/Source/queue.c ****                 {
 2989              		.loc 1 1845 21 is_stmt 0 view .LVU964
 2990 00da FFF7FEFF 		bl	xTaskResumeAll
 2991              	.LVL294:
1845:Middlewares/Third_Party/FreeRTOS/Source/queue.c ****                 {
 2992              		.loc 1 1845 19 discriminator 1 view .LVU965
 2993 00de 0028     		cmp	r0, #0
 2994 00e0 01D1     		bne	.L321
1847:Middlewares/Third_Party/FreeRTOS/Source/queue.c ****                 }
 2995              		.loc 1 1847 21 is_stmt 1 view .LVU966
 2996 00e2 FFF7FEFF 		bl	vPortYield
 2997              	.LVL295:
 2998              	.L321:
1847:Middlewares/Third_Party/FreeRTOS/Source/queue.c ****                 }
 2999              		.loc 1 1847 21 is_stmt 0 view .LVU967
 3000 00e6 3D00     		movs	r5, r7
 3001 00e8 A0E7     		b	.L305
 3002              	.L319:
1858:Middlewares/Third_Party/FreeRTOS/Source/queue.c ****                 ( void ) xTaskResumeAll();
 3003              		.loc 1 1858 17 is_stmt 1 view .LVU968
 3004 00ea 2000     		movs	r0, r4
 3005 00ec FFF7FEFF 		bl	prvUnlockQueue
 3006              	.LVL296:
1859:Middlewares/Third_Party/FreeRTOS/Source/queue.c ****             }
 3007              		.loc 1 1859 17 view .LVU969
ARM GAS  /tmp/ccMJcgml.s 			page 113


1859:Middlewares/Third_Party/FreeRTOS/Source/queue.c ****             }
 3008              		.loc 1 1859 26 is_stmt 0 view .LVU970
 3009 00f0 FFF7FEFF 		bl	xTaskResumeAll
 3010              	.LVL297:
 3011 00f4 F7E7     		b	.L321
 3012              	.L318:
1866:Middlewares/Third_Party/FreeRTOS/Source/queue.c ****             ( void ) xTaskResumeAll();
 3013              		.loc 1 1866 13 is_stmt 1 view .LVU971
 3014 00f6 2000     		movs	r0, r4
 3015 00f8 FFF7FEFF 		bl	prvUnlockQueue
 3016              	.LVL298:
1867:Middlewares/Third_Party/FreeRTOS/Source/queue.c **** 
 3017              		.loc 1 1867 13 view .LVU972
1867:Middlewares/Third_Party/FreeRTOS/Source/queue.c **** 
 3018              		.loc 1 1867 22 is_stmt 0 view .LVU973
 3019 00fc FFF7FEFF 		bl	xTaskResumeAll
 3020              	.LVL299:
1869:Middlewares/Third_Party/FreeRTOS/Source/queue.c ****             {
 3021              		.loc 1 1869 13 is_stmt 1 view .LVU974
1869:Middlewares/Third_Party/FreeRTOS/Source/queue.c ****             {
 3022              		.loc 1 1869 17 is_stmt 0 view .LVU975
 3023 0100 2000     		movs	r0, r4
 3024 0102 FFF7FEFF 		bl	prvIsQueueEmpty
 3025              	.LVL300:
1869:Middlewares/Third_Party/FreeRTOS/Source/queue.c ****             {
 3026              		.loc 1 1869 15 discriminator 1 view .LVU976
 3027 0106 0028     		cmp	r0, #0
 3028 0108 EDD0     		beq	.L321
 3029 010a B4E7     		b	.L314
 3030              		.cfi_endproc
 3031              	.LFE15:
 3033              		.section	.text.xQueueReceiveFromISR,"ax",%progbits
 3034              		.align	1
 3035              		.global	xQueueReceiveFromISR
 3036              		.syntax unified
 3037              		.code	16
 3038              		.thumb_func
 3040              	xQueueReceiveFromISR:
 3041              	.LVL301:
 3042              	.LFB16:
1886:Middlewares/Third_Party/FreeRTOS/Source/queue.c ****     BaseType_t xReturn;
 3043              		.loc 1 1886 1 is_stmt 1 view -0
 3044              		.cfi_startproc
 3045              		@ args = 0, pretend = 0, frame = 16
 3046              		@ frame_needed = 0, uses_anonymous_args = 0
1887:Middlewares/Third_Party/FreeRTOS/Source/queue.c ****     UBaseType_t uxSavedInterruptStatus;
 3047              		.loc 1 1887 5 view .LVU978
1888:Middlewares/Third_Party/FreeRTOS/Source/queue.c ****     Queue_t * const pxQueue = xQueue;
 3048              		.loc 1 1888 5 view .LVU979
1889:Middlewares/Third_Party/FreeRTOS/Source/queue.c **** 
 3049              		.loc 1 1889 5 view .LVU980
1891:Middlewares/Third_Party/FreeRTOS/Source/queue.c ****     configASSERT( !( ( pvBuffer == NULL ) && ( pxQueue->uxItemSize != ( UBaseType_t ) 0U ) ) );
 3050              		.loc 1 1891 5 view .LVU981
1886:Middlewares/Third_Party/FreeRTOS/Source/queue.c ****     BaseType_t xReturn;
 3051              		.loc 1 1886 1 is_stmt 0 view .LVU982
 3052 0000 F0B5     		push	{r4, r5, r6, r7, lr}
 3053              		.cfi_def_cfa_offset 20
ARM GAS  /tmp/ccMJcgml.s 			page 114


 3054              		.cfi_offset 4, -20
 3055              		.cfi_offset 5, -16
 3056              		.cfi_offset 6, -12
 3057              		.cfi_offset 7, -8
 3058              		.cfi_offset 14, -4
 3059 0002 85B0     		sub	sp, sp, #20
 3060              		.cfi_def_cfa_offset 40
1886:Middlewares/Third_Party/FreeRTOS/Source/queue.c ****     BaseType_t xReturn;
 3061              		.loc 1 1886 1 view .LVU983
 3062 0004 0400     		movs	r4, r0
 3063 0006 1700     		movs	r7, r2
 3064 0008 0191     		str	r1, [sp, #4]
1891:Middlewares/Third_Party/FreeRTOS/Source/queue.c ****     configASSERT( !( ( pvBuffer == NULL ) && ( pxQueue->uxItemSize != ( UBaseType_t ) 0U ) ) );
 3065              		.loc 1 1891 5 view .LVU984
 3066 000a 0028     		cmp	r0, #0
 3067 000c 01D1     		bne	.L337
1891:Middlewares/Third_Party/FreeRTOS/Source/queue.c ****     configASSERT( !( ( pvBuffer == NULL ) && ( pxQueue->uxItemSize != ( UBaseType_t ) 0U ) ) );
 3068              		.loc 1 1891 5 is_stmt 1 discriminator 1 view .LVU985
 3069              		.syntax divided
 3070              	@ 1891 "Middlewares/Third_Party/FreeRTOS/Source/queue.c" 1
 3071 000e 72B6     		 cpsid i 
 3072              	@ 0 "" 2
 3073              		.thumb
 3074              		.syntax unified
 3075              	.L338:
1891:Middlewares/Third_Party/FreeRTOS/Source/queue.c ****     configASSERT( !( ( pvBuffer == NULL ) && ( pxQueue->uxItemSize != ( UBaseType_t ) 0U ) ) );
 3076              		.loc 1 1891 5 discriminator 3 view .LVU986
1891:Middlewares/Third_Party/FreeRTOS/Source/queue.c ****     configASSERT( !( ( pvBuffer == NULL ) && ( pxQueue->uxItemSize != ( UBaseType_t ) 0U ) ) );
 3077              		.loc 1 1891 5 discriminator 3 view .LVU987
 3078 0010 FEE7     		b	.L338
 3079              	.L337:
1891:Middlewares/Third_Party/FreeRTOS/Source/queue.c ****     configASSERT( !( ( pvBuffer == NULL ) && ( pxQueue->uxItemSize != ( UBaseType_t ) 0U ) ) );
 3080              		.loc 1 1891 28 discriminator 2 view .LVU988
1892:Middlewares/Third_Party/FreeRTOS/Source/queue.c **** 
 3081              		.loc 1 1892 5 view .LVU989
 3082 0012 019B     		ldr	r3, [sp, #4]
 3083 0014 002B     		cmp	r3, #0
 3084 0016 04D1     		bne	.L339
1892:Middlewares/Third_Party/FreeRTOS/Source/queue.c **** 
 3085              		.loc 1 1892 5 is_stmt 0 discriminator 2 view .LVU990
 3086 0018 036C     		ldr	r3, [r0, #64]
 3087 001a 002B     		cmp	r3, #0
 3088 001c 01D0     		beq	.L339
1892:Middlewares/Third_Party/FreeRTOS/Source/queue.c **** 
 3089              		.loc 1 1892 5 is_stmt 1 discriminator 7 view .LVU991
 3090              		.syntax divided
 3091              	@ 1892 "Middlewares/Third_Party/FreeRTOS/Source/queue.c" 1
 3092 001e 72B6     		 cpsid i 
 3093              	@ 0 "" 2
 3094              		.thumb
 3095              		.syntax unified
 3096              	.L340:
1892:Middlewares/Third_Party/FreeRTOS/Source/queue.c **** 
 3097              		.loc 1 1892 5 discriminator 9 view .LVU992
1892:Middlewares/Third_Party/FreeRTOS/Source/queue.c **** 
 3098              		.loc 1 1892 5 discriminator 9 view .LVU993
 3099 0020 FEE7     		b	.L340
ARM GAS  /tmp/ccMJcgml.s 			page 115


 3100              	.L339:
1892:Middlewares/Third_Party/FreeRTOS/Source/queue.c **** 
 3101              		.loc 1 1892 95 discriminator 8 view .LVU994
1908:Middlewares/Third_Party/FreeRTOS/Source/queue.c **** 
 3102              		.loc 1 1908 47 view .LVU995
1910:Middlewares/Third_Party/FreeRTOS/Source/queue.c ****     {
 3103              		.loc 1 1910 5 view .LVU996
1910:Middlewares/Third_Party/FreeRTOS/Source/queue.c ****     {
 3104              		.loc 1 1910 30 is_stmt 0 view .LVU997
 3105 0022 FFF7FEFF 		bl	ulSetInterruptMaskFromISR
 3106              	.LVL302:
 3107              	.LBB56:
1912:Middlewares/Third_Party/FreeRTOS/Source/queue.c **** 
 3108              		.loc 1 1912 27 view .LVU998
 3109 0026 A66B     		ldr	r6, [r4, #56]
 3110              	.LBE56:
1910:Middlewares/Third_Party/FreeRTOS/Source/queue.c ****     {
 3111              		.loc 1 1910 30 view .LVU999
 3112 0028 0390     		str	r0, [sp, #12]
 3113              	.LVL303:
 3114              	.LBB60:
1912:Middlewares/Third_Party/FreeRTOS/Source/queue.c **** 
 3115              		.loc 1 1912 9 is_stmt 1 view .LVU1000
1915:Middlewares/Third_Party/FreeRTOS/Source/queue.c ****         {
 3116              		.loc 1 1915 9 view .LVU1001
1915:Middlewares/Third_Party/FreeRTOS/Source/queue.c ****         {
 3117              		.loc 1 1915 11 is_stmt 0 view .LVU1002
 3118 002a 002E     		cmp	r6, #0
 3119 002c 1AD0     		beq	.L341
 3120              	.LBB57:
1917:Middlewares/Third_Party/FreeRTOS/Source/queue.c **** 
 3121              		.loc 1 1917 13 is_stmt 1 view .LVU1003
1917:Middlewares/Third_Party/FreeRTOS/Source/queue.c **** 
 3122              		.loc 1 1917 26 is_stmt 0 view .LVU1004
 3123 002e 2300     		movs	r3, r4
 3124 0030 4433     		adds	r3, r3, #68
 3125 0032 0293     		str	r3, [sp, #8]
 3126 0034 1D78     		ldrb	r5, [r3]
1921:Middlewares/Third_Party/FreeRTOS/Source/queue.c ****             pxQueue->uxMessagesWaiting = uxMessagesWaiting - ( UBaseType_t ) 1;
 3127              		.loc 1 1921 13 view .LVU1005
 3128 0036 2000     		movs	r0, r4
 3129              	.LVL304:
1921:Middlewares/Third_Party/FreeRTOS/Source/queue.c ****             pxQueue->uxMessagesWaiting = uxMessagesWaiting - ( UBaseType_t ) 1;
 3130              		.loc 1 1921 13 view .LVU1006
 3131 0038 0199     		ldr	r1, [sp, #4]
1922:Middlewares/Third_Party/FreeRTOS/Source/queue.c **** 
 3132              		.loc 1 1922 60 view .LVU1007
 3133 003a 013E     		subs	r6, r6, #1
 3134              	.LVL305:
1917:Middlewares/Third_Party/FreeRTOS/Source/queue.c **** 
 3135              		.loc 1 1917 26 view .LVU1008
 3136 003c 6DB2     		sxtb	r5, r5
 3137              	.LVL306:
1919:Middlewares/Third_Party/FreeRTOS/Source/queue.c **** 
 3138              		.loc 1 1919 51 is_stmt 1 view .LVU1009
1921:Middlewares/Third_Party/FreeRTOS/Source/queue.c ****             pxQueue->uxMessagesWaiting = uxMessagesWaiting - ( UBaseType_t ) 1;
 3139              		.loc 1 1921 13 view .LVU1010
ARM GAS  /tmp/ccMJcgml.s 			page 116


 3140 003e FFF7FEFF 		bl	prvCopyDataFromQueue
 3141              	.LVL307:
1922:Middlewares/Third_Party/FreeRTOS/Source/queue.c **** 
 3142              		.loc 1 1922 13 view .LVU1011
1922:Middlewares/Third_Party/FreeRTOS/Source/queue.c **** 
 3143              		.loc 1 1922 40 is_stmt 0 view .LVU1012
 3144 0042 A663     		str	r6, [r4, #56]
1928:Middlewares/Third_Party/FreeRTOS/Source/queue.c ****             {
 3145              		.loc 1 1928 13 is_stmt 1 view .LVU1013
1928:Middlewares/Third_Party/FreeRTOS/Source/queue.c ****             {
 3146              		.loc 1 1928 15 is_stmt 0 view .LVU1014
 3147 0044 6B1C     		adds	r3, r5, #1
 3148 0046 13D1     		bne	.L342
1930:Middlewares/Third_Party/FreeRTOS/Source/queue.c ****                 {
 3149              		.loc 1 1930 17 is_stmt 1 view .LVU1015
1930:Middlewares/Third_Party/FreeRTOS/Source/queue.c ****                 {
 3150              		.loc 1 1930 21 is_stmt 0 view .LVU1016
 3151 0048 2369     		ldr	r3, [r4, #16]
1930:Middlewares/Third_Party/FreeRTOS/Source/queue.c ****                 {
 3152              		.loc 1 1930 19 view .LVU1017
 3153 004a 002B     		cmp	r3, #0
 3154 004c 09D0     		beq	.L344
1932:Middlewares/Third_Party/FreeRTOS/Source/queue.c ****                     {
 3155              		.loc 1 1932 21 is_stmt 1 view .LVU1018
1932:Middlewares/Third_Party/FreeRTOS/Source/queue.c ****                     {
 3156              		.loc 1 1932 51 is_stmt 0 view .LVU1019
 3157 004e 2000     		movs	r0, r4
 3158 0050 1030     		adds	r0, r0, #16
1932:Middlewares/Third_Party/FreeRTOS/Source/queue.c ****                     {
 3159              		.loc 1 1932 25 view .LVU1020
 3160 0052 FFF7FEFF 		bl	xTaskRemoveFromEventList
 3161              	.LVL308:
1932:Middlewares/Third_Party/FreeRTOS/Source/queue.c ****                     {
 3162              		.loc 1 1932 23 discriminator 1 view .LVU1021
 3163 0056 0028     		cmp	r0, #0
 3164 0058 03D0     		beq	.L344
1936:Middlewares/Third_Party/FreeRTOS/Source/queue.c ****                         {
 3165              		.loc 1 1936 25 is_stmt 1 view .LVU1022
1936:Middlewares/Third_Party/FreeRTOS/Source/queue.c ****                         {
 3166              		.loc 1 1936 27 is_stmt 0 view .LVU1023
 3167 005a 002F     		cmp	r7, #0
 3168 005c 01D0     		beq	.L344
1938:Middlewares/Third_Party/FreeRTOS/Source/queue.c ****                         }
 3169              		.loc 1 1938 29 is_stmt 1 view .LVU1024
1938:Middlewares/Third_Party/FreeRTOS/Source/queue.c ****                         }
 3170              		.loc 1 1938 56 is_stmt 0 view .LVU1025
 3171 005e 0123     		movs	r3, #1
 3172 0060 3B60     		str	r3, [r7]
 3173              	.LVL309:
 3174              	.L344:
1962:Middlewares/Third_Party/FreeRTOS/Source/queue.c ****         }
 3175              		.loc 1 1962 21 view .LVU1026
 3176 0062 0126     		movs	r6, #1
 3177              	.LVL310:
 3178              	.L341:
1962:Middlewares/Third_Party/FreeRTOS/Source/queue.c ****         }
 3179              		.loc 1 1962 21 view .LVU1027
ARM GAS  /tmp/ccMJcgml.s 			page 117


 3180              	.LBE57:
1967:Middlewares/Third_Party/FreeRTOS/Source/queue.c ****         }
 3181              		.loc 1 1967 58 is_stmt 1 view .LVU1028
 3182              	.LBE60:
1970:Middlewares/Third_Party/FreeRTOS/Source/queue.c **** 
 3183              		.loc 1 1970 5 view .LVU1029
 3184 0064 0398     		ldr	r0, [sp, #12]
 3185 0066 FFF7FEFF 		bl	vClearInterruptMaskFromISR
 3186              	.LVL311:
1972:Middlewares/Third_Party/FreeRTOS/Source/queue.c **** }
 3187              		.loc 1 1972 5 view .LVU1030
1973:Middlewares/Third_Party/FreeRTOS/Source/queue.c **** /*-----------------------------------------------------------*/
 3188              		.loc 1 1973 1 is_stmt 0 view .LVU1031
 3189 006a 3000     		movs	r0, r6
 3190 006c 05B0     		add	sp, sp, #20
 3191              		@ sp needed
 3192              	.LVL312:
 3193              	.LVL313:
 3194              	.LVL314:
1973:Middlewares/Third_Party/FreeRTOS/Source/queue.c **** /*-----------------------------------------------------------*/
 3195              		.loc 1 1973 1 view .LVU1032
 3196 006e F0BD     		pop	{r4, r5, r6, r7, pc}
 3197              	.LVL315:
 3198              	.L342:
 3199              	.LBB61:
 3200              	.LBB59:
 3201              	.LBB58:
1959:Middlewares/Third_Party/FreeRTOS/Source/queue.c ****             }
 3202              		.loc 1 1959 17 is_stmt 1 view .LVU1033
 3203 0070 FFF7FEFF 		bl	uxTaskGetNumberOfTasks
 3204              	.LVL316:
1959:Middlewares/Third_Party/FreeRTOS/Source/queue.c ****             }
 3205              		.loc 1 1959 17 discriminator 1 view .LVU1034
 3206 0074 8542     		cmp	r5, r0
 3207 0076 F4D2     		bcs	.L344
1959:Middlewares/Third_Party/FreeRTOS/Source/queue.c ****             }
 3208              		.loc 1 1959 17 discriminator 1 view .LVU1035
 3209 0078 7F2D     		cmp	r5, #127
 3210 007a 01D1     		bne	.L346
1959:Middlewares/Third_Party/FreeRTOS/Source/queue.c ****             }
 3211              		.loc 1 1959 17 discriminator 3 view .LVU1036
 3212              		.syntax divided
 3213              	@ 1959 "Middlewares/Third_Party/FreeRTOS/Source/queue.c" 1
 3214 007c 72B6     		 cpsid i 
 3215              	@ 0 "" 2
 3216              		.thumb
 3217              		.syntax unified
 3218              	.L347:
1959:Middlewares/Third_Party/FreeRTOS/Source/queue.c ****             }
 3219              		.loc 1 1959 17 discriminator 5 view .LVU1037
1959:Middlewares/Third_Party/FreeRTOS/Source/queue.c ****             }
 3220              		.loc 1 1959 17 discriminator 5 view .LVU1038
 3221 007e FEE7     		b	.L347
 3222              	.L346:
1959:Middlewares/Third_Party/FreeRTOS/Source/queue.c ****             }
 3223              		.loc 1 1959 17 discriminator 4 view .LVU1039
1959:Middlewares/Third_Party/FreeRTOS/Source/queue.c ****             }
ARM GAS  /tmp/ccMJcgml.s 			page 118


 3224              		.loc 1 1959 17 discriminator 4 view .LVU1040
 3225 0080 029B     		ldr	r3, [sp, #8]
 3226 0082 0135     		adds	r5, r5, #1
 3227              	.LVL317:
1959:Middlewares/Third_Party/FreeRTOS/Source/queue.c ****             }
 3228              		.loc 1 1959 17 is_stmt 0 discriminator 4 view .LVU1041
 3229 0084 6DB2     		sxtb	r5, r5
 3230              	.LVL318:
1959:Middlewares/Third_Party/FreeRTOS/Source/queue.c ****             }
 3231              		.loc 1 1959 17 discriminator 4 view .LVU1042
 3232 0086 1D70     		strb	r5, [r3]
 3233 0088 EBE7     		b	.L344
 3234              	.LBE58:
 3235              	.LBE59:
 3236              	.LBE61:
 3237              		.cfi_endproc
 3238              	.LFE16:
 3240              		.section	.text.xQueuePeekFromISR,"ax",%progbits
 3241              		.align	1
 3242              		.global	xQueuePeekFromISR
 3243              		.syntax unified
 3244              		.code	16
 3245              		.thumb_func
 3247              	xQueuePeekFromISR:
 3248              	.LVL319:
 3249              	.LFB17:
1978:Middlewares/Third_Party/FreeRTOS/Source/queue.c ****     BaseType_t xReturn;
 3250              		.loc 1 1978 1 is_stmt 1 view -0
 3251              		.cfi_startproc
 3252              		@ args = 0, pretend = 0, frame = 0
 3253              		@ frame_needed = 0, uses_anonymous_args = 0
1979:Middlewares/Third_Party/FreeRTOS/Source/queue.c ****     UBaseType_t uxSavedInterruptStatus;
 3254              		.loc 1 1979 5 view .LVU1044
1980:Middlewares/Third_Party/FreeRTOS/Source/queue.c ****     int8_t * pcOriginalReadPosition;
 3255              		.loc 1 1980 5 view .LVU1045
1981:Middlewares/Third_Party/FreeRTOS/Source/queue.c ****     Queue_t * const pxQueue = xQueue;
 3256              		.loc 1 1981 5 view .LVU1046
1982:Middlewares/Third_Party/FreeRTOS/Source/queue.c **** 
 3257              		.loc 1 1982 5 view .LVU1047
1984:Middlewares/Third_Party/FreeRTOS/Source/queue.c ****     configASSERT( !( ( pvBuffer == NULL ) && ( pxQueue->uxItemSize != ( UBaseType_t ) 0U ) ) );
 3258              		.loc 1 1984 5 view .LVU1048
1978:Middlewares/Third_Party/FreeRTOS/Source/queue.c ****     BaseType_t xReturn;
 3259              		.loc 1 1978 1 is_stmt 0 view .LVU1049
 3260 0000 F8B5     		push	{r3, r4, r5, r6, r7, lr}
 3261              		.cfi_def_cfa_offset 24
 3262              		.cfi_offset 3, -24
 3263              		.cfi_offset 4, -20
 3264              		.cfi_offset 5, -16
 3265              		.cfi_offset 6, -12
 3266              		.cfi_offset 7, -8
 3267              		.cfi_offset 14, -4
1978:Middlewares/Third_Party/FreeRTOS/Source/queue.c ****     BaseType_t xReturn;
 3268              		.loc 1 1978 1 view .LVU1050
 3269 0002 0400     		movs	r4, r0
 3270 0004 0D00     		movs	r5, r1
1984:Middlewares/Third_Party/FreeRTOS/Source/queue.c ****     configASSERT( !( ( pvBuffer == NULL ) && ( pxQueue->uxItemSize != ( UBaseType_t ) 0U ) ) );
 3271              		.loc 1 1984 5 view .LVU1051
ARM GAS  /tmp/ccMJcgml.s 			page 119


 3272 0006 0028     		cmp	r0, #0
 3273 0008 01D1     		bne	.L359
1984:Middlewares/Third_Party/FreeRTOS/Source/queue.c ****     configASSERT( !( ( pvBuffer == NULL ) && ( pxQueue->uxItemSize != ( UBaseType_t ) 0U ) ) );
 3274              		.loc 1 1984 5 is_stmt 1 discriminator 1 view .LVU1052
 3275              		.syntax divided
 3276              	@ 1984 "Middlewares/Third_Party/FreeRTOS/Source/queue.c" 1
 3277 000a 72B6     		 cpsid i 
 3278              	@ 0 "" 2
 3279              		.thumb
 3280              		.syntax unified
 3281              	.L360:
1984:Middlewares/Third_Party/FreeRTOS/Source/queue.c ****     configASSERT( !( ( pvBuffer == NULL ) && ( pxQueue->uxItemSize != ( UBaseType_t ) 0U ) ) );
 3282              		.loc 1 1984 5 discriminator 3 view .LVU1053
1984:Middlewares/Third_Party/FreeRTOS/Source/queue.c ****     configASSERT( !( ( pvBuffer == NULL ) && ( pxQueue->uxItemSize != ( UBaseType_t ) 0U ) ) );
 3283              		.loc 1 1984 5 discriminator 3 view .LVU1054
 3284 000c FEE7     		b	.L360
 3285              	.L359:
1984:Middlewares/Third_Party/FreeRTOS/Source/queue.c ****     configASSERT( !( ( pvBuffer == NULL ) && ( pxQueue->uxItemSize != ( UBaseType_t ) 0U ) ) );
 3286              		.loc 1 1984 28 discriminator 2 view .LVU1055
1985:Middlewares/Third_Party/FreeRTOS/Source/queue.c ****     configASSERT( pxQueue->uxItemSize != 0 ); /* Can't peek a semaphore. */
 3287              		.loc 1 1985 5 view .LVU1056
1985:Middlewares/Third_Party/FreeRTOS/Source/queue.c ****     configASSERT( pxQueue->uxItemSize != 0 ); /* Can't peek a semaphore. */
 3288              		.loc 1 1985 5 is_stmt 0 discriminator 2 view .LVU1057
 3289 000e 036C     		ldr	r3, [r0, #64]
1985:Middlewares/Third_Party/FreeRTOS/Source/queue.c ****     configASSERT( pxQueue->uxItemSize != 0 ); /* Can't peek a semaphore. */
 3290              		.loc 1 1985 5 view .LVU1058
 3291 0010 0029     		cmp	r1, #0
 3292 0012 03D1     		bne	.L361
1985:Middlewares/Third_Party/FreeRTOS/Source/queue.c ****     configASSERT( pxQueue->uxItemSize != 0 ); /* Can't peek a semaphore. */
 3293              		.loc 1 1985 5 discriminator 2 view .LVU1059
 3294 0014 002B     		cmp	r3, #0
 3295 0016 03D0     		beq	.L362
1985:Middlewares/Third_Party/FreeRTOS/Source/queue.c ****     configASSERT( pxQueue->uxItemSize != 0 ); /* Can't peek a semaphore. */
 3296              		.loc 1 1985 5 is_stmt 1 discriminator 7 view .LVU1060
 3297              		.syntax divided
 3298              	@ 1985 "Middlewares/Third_Party/FreeRTOS/Source/queue.c" 1
 3299 0018 72B6     		 cpsid i 
 3300              	@ 0 "" 2
 3301              		.thumb
 3302              		.syntax unified
 3303              	.L363:
1985:Middlewares/Third_Party/FreeRTOS/Source/queue.c ****     configASSERT( pxQueue->uxItemSize != 0 ); /* Can't peek a semaphore. */
 3304              		.loc 1 1985 5 discriminator 9 view .LVU1061
1985:Middlewares/Third_Party/FreeRTOS/Source/queue.c ****     configASSERT( pxQueue->uxItemSize != 0 ); /* Can't peek a semaphore. */
 3305              		.loc 1 1985 5 discriminator 9 view .LVU1062
 3306 001a FEE7     		b	.L363
 3307              	.L361:
1985:Middlewares/Third_Party/FreeRTOS/Source/queue.c ****     configASSERT( pxQueue->uxItemSize != 0 ); /* Can't peek a semaphore. */
 3308              		.loc 1 1985 95 discriminator 8 view .LVU1063
1986:Middlewares/Third_Party/FreeRTOS/Source/queue.c **** 
 3309              		.loc 1 1986 5 view .LVU1064
 3310 001c 002B     		cmp	r3, #0
 3311 001e 01D1     		bne	.L364
 3312              	.L362:
1986:Middlewares/Third_Party/FreeRTOS/Source/queue.c **** 
 3313              		.loc 1 1986 5 discriminator 1 view .LVU1065
 3314              		.syntax divided
ARM GAS  /tmp/ccMJcgml.s 			page 120


 3315              	@ 1986 "Middlewares/Third_Party/FreeRTOS/Source/queue.c" 1
 3316 0020 72B6     		 cpsid i 
 3317              	@ 0 "" 2
 3318              		.thumb
 3319              		.syntax unified
 3320              	.L365:
1986:Middlewares/Third_Party/FreeRTOS/Source/queue.c **** 
 3321              		.loc 1 1986 5 discriminator 3 view .LVU1066
1986:Middlewares/Third_Party/FreeRTOS/Source/queue.c **** 
 3322              		.loc 1 1986 5 discriminator 3 view .LVU1067
 3323 0022 FEE7     		b	.L365
 3324              	.L364:
1986:Middlewares/Third_Party/FreeRTOS/Source/queue.c **** 
 3325              		.loc 1 1986 45 discriminator 2 view .LVU1068
2002:Middlewares/Third_Party/FreeRTOS/Source/queue.c **** 
 3326              		.loc 1 2002 47 view .LVU1069
2004:Middlewares/Third_Party/FreeRTOS/Source/queue.c ****     {
 3327              		.loc 1 2004 5 view .LVU1070
2004:Middlewares/Third_Party/FreeRTOS/Source/queue.c ****     {
 3328              		.loc 1 2004 30 is_stmt 0 view .LVU1071
 3329 0024 FFF7FEFF 		bl	ulSetInterruptMaskFromISR
 3330              	.LVL320:
2021:Middlewares/Third_Party/FreeRTOS/Source/queue.c ****             traceQUEUE_PEEK_FROM_ISR_FAILED( pxQueue );
 3331              		.loc 1 2021 21 view .LVU1072
 3332 0028 0027     		movs	r7, #0
2007:Middlewares/Third_Party/FreeRTOS/Source/queue.c ****         {
 3333              		.loc 1 2007 20 view .LVU1073
 3334 002a A36B     		ldr	r3, [r4, #56]
2004:Middlewares/Third_Party/FreeRTOS/Source/queue.c ****     {
 3335              		.loc 1 2004 30 view .LVU1074
 3336 002c 0600     		movs	r6, r0
 3337              	.LVL321:
2007:Middlewares/Third_Party/FreeRTOS/Source/queue.c ****         {
 3338              		.loc 1 2007 9 is_stmt 1 view .LVU1075
2007:Middlewares/Third_Party/FreeRTOS/Source/queue.c ****         {
 3339              		.loc 1 2007 11 is_stmt 0 view .LVU1076
 3340 002e BB42     		cmp	r3, r7
 3341 0030 06D0     		beq	.L366
2009:Middlewares/Third_Party/FreeRTOS/Source/queue.c **** 
 3342              		.loc 1 2009 48 is_stmt 1 view .LVU1077
2013:Middlewares/Third_Party/FreeRTOS/Source/queue.c ****             prvCopyDataFromQueue( pxQueue, pvBuffer );
 3343              		.loc 1 2013 13 view .LVU1078
2013:Middlewares/Third_Party/FreeRTOS/Source/queue.c ****             prvCopyDataFromQueue( pxQueue, pvBuffer );
 3344              		.loc 1 2013 36 is_stmt 0 view .LVU1079
 3345 0032 E768     		ldr	r7, [r4, #12]
 3346              	.LVL322:
2014:Middlewares/Third_Party/FreeRTOS/Source/queue.c ****             pxQueue->u.xQueue.pcReadFrom = pcOriginalReadPosition;
 3347              		.loc 1 2014 13 is_stmt 1 view .LVU1080
 3348 0034 2900     		movs	r1, r5
 3349 0036 2000     		movs	r0, r4
 3350              	.LVL323:
2014:Middlewares/Third_Party/FreeRTOS/Source/queue.c ****             pxQueue->u.xQueue.pcReadFrom = pcOriginalReadPosition;
 3351              		.loc 1 2014 13 is_stmt 0 view .LVU1081
 3352 0038 FFF7FEFF 		bl	prvCopyDataFromQueue
 3353              	.LVL324:
2015:Middlewares/Third_Party/FreeRTOS/Source/queue.c **** 
 3354              		.loc 1 2015 13 is_stmt 1 view .LVU1082
ARM GAS  /tmp/ccMJcgml.s 			page 121


2015:Middlewares/Third_Party/FreeRTOS/Source/queue.c **** 
 3355              		.loc 1 2015 42 is_stmt 0 view .LVU1083
 3356 003c E760     		str	r7, [r4, #12]
2017:Middlewares/Third_Party/FreeRTOS/Source/queue.c ****         }
 3357              		.loc 1 2017 13 is_stmt 1 view .LVU1084
 3358              	.LVL325:
2017:Middlewares/Third_Party/FreeRTOS/Source/queue.c ****         }
 3359              		.loc 1 2017 21 is_stmt 0 view .LVU1085
 3360 003e 0127     		movs	r7, #1
 3361              	.LVL326:
 3362              	.L366:
2022:Middlewares/Third_Party/FreeRTOS/Source/queue.c ****         }
 3363              		.loc 1 2022 55 is_stmt 1 view .LVU1086
2025:Middlewares/Third_Party/FreeRTOS/Source/queue.c **** 
 3364              		.loc 1 2025 5 view .LVU1087
2028:Middlewares/Third_Party/FreeRTOS/Source/queue.c **** /*-----------------------------------------------------------*/
 3365              		.loc 1 2028 1 is_stmt 0 view .LVU1088
 3366              		@ sp needed
2025:Middlewares/Third_Party/FreeRTOS/Source/queue.c **** 
 3367              		.loc 1 2025 5 view .LVU1089
 3368 0040 3000     		movs	r0, r6
 3369 0042 FFF7FEFF 		bl	vClearInterruptMaskFromISR
 3370              	.LVL327:
2027:Middlewares/Third_Party/FreeRTOS/Source/queue.c **** }
 3371              		.loc 1 2027 5 is_stmt 1 view .LVU1090
2028:Middlewares/Third_Party/FreeRTOS/Source/queue.c **** /*-----------------------------------------------------------*/
 3372              		.loc 1 2028 1 is_stmt 0 view .LVU1091
 3373 0046 3800     		movs	r0, r7
 3374              	.LVL328:
 3375              	.LVL329:
 3376              	.LVL330:
 3377              	.LVL331:
2028:Middlewares/Third_Party/FreeRTOS/Source/queue.c **** /*-----------------------------------------------------------*/
 3378              		.loc 1 2028 1 view .LVU1092
 3379 0048 F8BD     		pop	{r3, r4, r5, r6, r7, pc}
 3380              		.cfi_endproc
 3381              	.LFE17:
 3383              		.section	.text.uxQueueMessagesWaiting,"ax",%progbits
 3384              		.align	1
 3385              		.global	uxQueueMessagesWaiting
 3386              		.syntax unified
 3387              		.code	16
 3388              		.thumb_func
 3390              	uxQueueMessagesWaiting:
 3391              	.LVL332:
 3392              	.LFB18:
2032:Middlewares/Third_Party/FreeRTOS/Source/queue.c ****     UBaseType_t uxReturn;
 3393              		.loc 1 2032 1 is_stmt 1 view -0
 3394              		.cfi_startproc
 3395              		@ args = 0, pretend = 0, frame = 0
 3396              		@ frame_needed = 0, uses_anonymous_args = 0
2033:Middlewares/Third_Party/FreeRTOS/Source/queue.c **** 
 3397              		.loc 1 2033 5 view .LVU1094
2035:Middlewares/Third_Party/FreeRTOS/Source/queue.c **** 
 3398              		.loc 1 2035 5 view .LVU1095
2032:Middlewares/Third_Party/FreeRTOS/Source/queue.c ****     UBaseType_t uxReturn;
 3399              		.loc 1 2032 1 is_stmt 0 view .LVU1096
ARM GAS  /tmp/ccMJcgml.s 			page 122


 3400 0000 10B5     		push	{r4, lr}
 3401              		.cfi_def_cfa_offset 8
 3402              		.cfi_offset 4, -8
 3403              		.cfi_offset 14, -4
2032:Middlewares/Third_Party/FreeRTOS/Source/queue.c ****     UBaseType_t uxReturn;
 3404              		.loc 1 2032 1 view .LVU1097
 3405 0002 041E     		subs	r4, r0, #0
2035:Middlewares/Third_Party/FreeRTOS/Source/queue.c **** 
 3406              		.loc 1 2035 5 view .LVU1098
 3407 0004 01D1     		bne	.L373
2035:Middlewares/Third_Party/FreeRTOS/Source/queue.c **** 
 3408              		.loc 1 2035 5 is_stmt 1 discriminator 1 view .LVU1099
 3409              		.syntax divided
 3410              	@ 2035 "Middlewares/Third_Party/FreeRTOS/Source/queue.c" 1
 3411 0006 72B6     		 cpsid i 
 3412              	@ 0 "" 2
 3413              		.thumb
 3414              		.syntax unified
 3415              	.L374:
2035:Middlewares/Third_Party/FreeRTOS/Source/queue.c **** 
 3416              		.loc 1 2035 5 discriminator 3 view .LVU1100
2035:Middlewares/Third_Party/FreeRTOS/Source/queue.c **** 
 3417              		.loc 1 2035 5 discriminator 3 view .LVU1101
 3418 0008 FEE7     		b	.L374
 3419              	.L373:
2035:Middlewares/Third_Party/FreeRTOS/Source/queue.c **** 
 3420              		.loc 1 2035 27 discriminator 2 view .LVU1102
2037:Middlewares/Third_Party/FreeRTOS/Source/queue.c ****     {
 3421              		.loc 1 2037 5 view .LVU1103
 3422 000a FFF7FEFF 		bl	vPortEnterCritical
 3423              	.LVL333:
2039:Middlewares/Third_Party/FreeRTOS/Source/queue.c ****     }
 3424              		.loc 1 2039 9 view .LVU1104
2044:Middlewares/Third_Party/FreeRTOS/Source/queue.c **** /*-----------------------------------------------------------*/
 3425              		.loc 1 2044 1 is_stmt 0 view .LVU1105
 3426              		@ sp needed
2039:Middlewares/Third_Party/FreeRTOS/Source/queue.c ****     }
 3427              		.loc 1 2039 18 view .LVU1106
 3428 000e A46B     		ldr	r4, [r4, #56]
 3429              	.LVL334:
2041:Middlewares/Third_Party/FreeRTOS/Source/queue.c **** 
 3430              		.loc 1 2041 5 is_stmt 1 view .LVU1107
 3431 0010 FFF7FEFF 		bl	vPortExitCritical
 3432              	.LVL335:
2043:Middlewares/Third_Party/FreeRTOS/Source/queue.c **** } /*lint !e818 Pointer cannot be declared const as xQueue is a typedef not pointer. */
 3433              		.loc 1 2043 5 view .LVU1108
2044:Middlewares/Third_Party/FreeRTOS/Source/queue.c **** /*-----------------------------------------------------------*/
 3434              		.loc 1 2044 1 is_stmt 0 view .LVU1109
 3435 0014 2000     		movs	r0, r4
 3436              	.LVL336:
2044:Middlewares/Third_Party/FreeRTOS/Source/queue.c **** /*-----------------------------------------------------------*/
 3437              		.loc 1 2044 1 view .LVU1110
 3438 0016 10BD     		pop	{r4, pc}
 3439              		.cfi_endproc
 3440              	.LFE18:
 3442              		.section	.text.uxQueueSpacesAvailable,"ax",%progbits
 3443              		.align	1
ARM GAS  /tmp/ccMJcgml.s 			page 123


 3444              		.global	uxQueueSpacesAvailable
 3445              		.syntax unified
 3446              		.code	16
 3447              		.thumb_func
 3449              	uxQueueSpacesAvailable:
 3450              	.LVL337:
 3451              	.LFB19:
2048:Middlewares/Third_Party/FreeRTOS/Source/queue.c ****     UBaseType_t uxReturn;
 3452              		.loc 1 2048 1 is_stmt 1 view -0
 3453              		.cfi_startproc
 3454              		@ args = 0, pretend = 0, frame = 0
 3455              		@ frame_needed = 0, uses_anonymous_args = 0
2049:Middlewares/Third_Party/FreeRTOS/Source/queue.c ****     Queue_t * const pxQueue = xQueue;
 3456              		.loc 1 2049 5 view .LVU1112
2050:Middlewares/Third_Party/FreeRTOS/Source/queue.c **** 
 3457              		.loc 1 2050 5 view .LVU1113
2052:Middlewares/Third_Party/FreeRTOS/Source/queue.c **** 
 3458              		.loc 1 2052 5 view .LVU1114
2048:Middlewares/Third_Party/FreeRTOS/Source/queue.c ****     UBaseType_t uxReturn;
 3459              		.loc 1 2048 1 is_stmt 0 view .LVU1115
 3460 0000 10B5     		push	{r4, lr}
 3461              		.cfi_def_cfa_offset 8
 3462              		.cfi_offset 4, -8
 3463              		.cfi_offset 14, -4
2048:Middlewares/Third_Party/FreeRTOS/Source/queue.c ****     UBaseType_t uxReturn;
 3464              		.loc 1 2048 1 view .LVU1116
 3465 0002 041E     		subs	r4, r0, #0
2052:Middlewares/Third_Party/FreeRTOS/Source/queue.c **** 
 3466              		.loc 1 2052 5 view .LVU1117
 3467 0004 01D1     		bne	.L376
2052:Middlewares/Third_Party/FreeRTOS/Source/queue.c **** 
 3468              		.loc 1 2052 5 is_stmt 1 discriminator 1 view .LVU1118
 3469              		.syntax divided
 3470              	@ 2052 "Middlewares/Third_Party/FreeRTOS/Source/queue.c" 1
 3471 0006 72B6     		 cpsid i 
 3472              	@ 0 "" 2
 3473              		.thumb
 3474              		.syntax unified
 3475              	.L377:
2052:Middlewares/Third_Party/FreeRTOS/Source/queue.c **** 
 3476              		.loc 1 2052 5 discriminator 3 view .LVU1119
2052:Middlewares/Third_Party/FreeRTOS/Source/queue.c **** 
 3477              		.loc 1 2052 5 discriminator 3 view .LVU1120
 3478 0008 FEE7     		b	.L377
 3479              	.L376:
2052:Middlewares/Third_Party/FreeRTOS/Source/queue.c **** 
 3480              		.loc 1 2052 28 discriminator 2 view .LVU1121
2054:Middlewares/Third_Party/FreeRTOS/Source/queue.c ****     {
 3481              		.loc 1 2054 5 view .LVU1122
 3482 000a FFF7FEFF 		bl	vPortEnterCritical
 3483              	.LVL338:
2056:Middlewares/Third_Party/FreeRTOS/Source/queue.c ****     }
 3484              		.loc 1 2056 9 view .LVU1123
2061:Middlewares/Third_Party/FreeRTOS/Source/queue.c **** /*-----------------------------------------------------------*/
 3485              		.loc 1 2061 1 is_stmt 0 view .LVU1124
 3486              		@ sp needed
2056:Middlewares/Third_Party/FreeRTOS/Source/queue.c ****     }
ARM GAS  /tmp/ccMJcgml.s 			page 124


 3487              		.loc 1 2056 47 view .LVU1125
 3488 000e A36B     		ldr	r3, [r4, #56]
2056:Middlewares/Third_Party/FreeRTOS/Source/queue.c ****     }
 3489              		.loc 1 2056 18 view .LVU1126
 3490 0010 E46B     		ldr	r4, [r4, #60]
 3491              	.LVL339:
2056:Middlewares/Third_Party/FreeRTOS/Source/queue.c ****     }
 3492              		.loc 1 2056 18 view .LVU1127
 3493 0012 E41A     		subs	r4, r4, r3
 3494              	.LVL340:
2058:Middlewares/Third_Party/FreeRTOS/Source/queue.c **** 
 3495              		.loc 1 2058 5 is_stmt 1 view .LVU1128
 3496 0014 FFF7FEFF 		bl	vPortExitCritical
 3497              	.LVL341:
2060:Middlewares/Third_Party/FreeRTOS/Source/queue.c **** } /*lint !e818 Pointer cannot be declared const as xQueue is a typedef not pointer. */
 3498              		.loc 1 2060 5 view .LVU1129
2061:Middlewares/Third_Party/FreeRTOS/Source/queue.c **** /*-----------------------------------------------------------*/
 3499              		.loc 1 2061 1 is_stmt 0 view .LVU1130
 3500 0018 2000     		movs	r0, r4
 3501              	.LVL342:
2061:Middlewares/Third_Party/FreeRTOS/Source/queue.c **** /*-----------------------------------------------------------*/
 3502              		.loc 1 2061 1 view .LVU1131
 3503 001a 10BD     		pop	{r4, pc}
 3504              		.cfi_endproc
 3505              	.LFE19:
 3507              		.section	.text.uxQueueMessagesWaitingFromISR,"ax",%progbits
 3508              		.align	1
 3509              		.global	uxQueueMessagesWaitingFromISR
 3510              		.syntax unified
 3511              		.code	16
 3512              		.thumb_func
 3514              	uxQueueMessagesWaitingFromISR:
 3515              	.LVL343:
 3516              	.LFB20:
2065:Middlewares/Third_Party/FreeRTOS/Source/queue.c ****     UBaseType_t uxReturn;
 3517              		.loc 1 2065 1 is_stmt 1 view -0
 3518              		.cfi_startproc
 3519              		@ args = 0, pretend = 0, frame = 0
 3520              		@ frame_needed = 0, uses_anonymous_args = 0
 3521              		@ link register save eliminated.
2066:Middlewares/Third_Party/FreeRTOS/Source/queue.c ****     Queue_t * const pxQueue = xQueue;
 3522              		.loc 1 2066 5 view .LVU1133
2067:Middlewares/Third_Party/FreeRTOS/Source/queue.c **** 
 3523              		.loc 1 2067 5 view .LVU1134
2069:Middlewares/Third_Party/FreeRTOS/Source/queue.c ****     uxReturn = pxQueue->uxMessagesWaiting;
 3524              		.loc 1 2069 5 view .LVU1135
 3525 0000 0028     		cmp	r0, #0
 3526 0002 01D1     		bne	.L379
2069:Middlewares/Third_Party/FreeRTOS/Source/queue.c ****     uxReturn = pxQueue->uxMessagesWaiting;
 3527              		.loc 1 2069 5 discriminator 1 view .LVU1136
 3528              		.syntax divided
 3529              	@ 2069 "Middlewares/Third_Party/FreeRTOS/Source/queue.c" 1
 3530 0004 72B6     		 cpsid i 
 3531              	@ 0 "" 2
 3532              		.thumb
 3533              		.syntax unified
 3534              	.L380:
ARM GAS  /tmp/ccMJcgml.s 			page 125


2069:Middlewares/Third_Party/FreeRTOS/Source/queue.c ****     uxReturn = pxQueue->uxMessagesWaiting;
 3535              		.loc 1 2069 5 discriminator 3 view .LVU1137
2069:Middlewares/Third_Party/FreeRTOS/Source/queue.c ****     uxReturn = pxQueue->uxMessagesWaiting;
 3536              		.loc 1 2069 5 discriminator 3 view .LVU1138
 3537 0006 FEE7     		b	.L380
 3538              	.L379:
2069:Middlewares/Third_Party/FreeRTOS/Source/queue.c ****     uxReturn = pxQueue->uxMessagesWaiting;
 3539              		.loc 1 2069 28 discriminator 2 view .LVU1139
2070:Middlewares/Third_Party/FreeRTOS/Source/queue.c **** 
 3540              		.loc 1 2070 5 view .LVU1140
2070:Middlewares/Third_Party/FreeRTOS/Source/queue.c **** 
 3541              		.loc 1 2070 14 is_stmt 0 view .LVU1141
 3542 0008 806B     		ldr	r0, [r0, #56]
 3543              	.LVL344:
2072:Middlewares/Third_Party/FreeRTOS/Source/queue.c **** } /*lint !e818 Pointer cannot be declared const as xQueue is a typedef not pointer. */
 3544              		.loc 1 2072 5 is_stmt 1 view .LVU1142
2073:Middlewares/Third_Party/FreeRTOS/Source/queue.c **** /*-----------------------------------------------------------*/
 3545              		.loc 1 2073 1 is_stmt 0 view .LVU1143
 3546              		@ sp needed
 3547 000a 7047     		bx	lr
 3548              		.cfi_endproc
 3549              	.LFE20:
 3551              		.section	.text.uxQueueGetQueueNumber,"ax",%progbits
 3552              		.align	1
 3553              		.global	uxQueueGetQueueNumber
 3554              		.syntax unified
 3555              		.code	16
 3556              		.thumb_func
 3558              	uxQueueGetQueueNumber:
 3559              	.LVL345:
 3560              	.LFB22:
2121:Middlewares/Third_Party/FreeRTOS/Source/queue.c ****         return ( ( Queue_t * ) xQueue )->uxQueueNumber;
 3561              		.loc 1 2121 5 is_stmt 1 view -0
 3562              		.cfi_startproc
 3563              		@ args = 0, pretend = 0, frame = 0
 3564              		@ frame_needed = 0, uses_anonymous_args = 0
 3565              		@ link register save eliminated.
2122:Middlewares/Third_Party/FreeRTOS/Source/queue.c ****     }
 3566              		.loc 1 2122 9 view .LVU1145
2122:Middlewares/Third_Party/FreeRTOS/Source/queue.c ****     }
 3567              		.loc 1 2122 40 is_stmt 0 discriminator 1 view .LVU1146
 3568 0000 806C     		ldr	r0, [r0, #72]
 3569              	.LVL346:
2123:Middlewares/Third_Party/FreeRTOS/Source/queue.c **** 
 3570              		.loc 1 2123 5 view .LVU1147
 3571              		@ sp needed
 3572 0002 7047     		bx	lr
 3573              		.cfi_endproc
 3574              	.LFE22:
 3576              		.section	.text.vQueueSetQueueNumber,"ax",%progbits
 3577              		.align	1
 3578              		.global	vQueueSetQueueNumber
 3579              		.syntax unified
 3580              		.code	16
 3581              		.thumb_func
 3583              	vQueueSetQueueNumber:
 3584              	.LVL347:
ARM GAS  /tmp/ccMJcgml.s 			page 126


 3585              	.LFB23:
2132:Middlewares/Third_Party/FreeRTOS/Source/queue.c ****         ( ( Queue_t * ) xQueue )->uxQueueNumber = uxQueueNumber;
 3586              		.loc 1 2132 5 is_stmt 1 view -0
 3587              		.cfi_startproc
 3588              		@ args = 0, pretend = 0, frame = 0
 3589              		@ frame_needed = 0, uses_anonymous_args = 0
 3590              		@ link register save eliminated.
2133:Middlewares/Third_Party/FreeRTOS/Source/queue.c ****     }
 3591              		.loc 1 2133 9 view .LVU1149
2133:Middlewares/Third_Party/FreeRTOS/Source/queue.c ****     }
 3592              		.loc 1 2133 49 is_stmt 0 view .LVU1150
 3593 0000 8164     		str	r1, [r0, #72]
2134:Middlewares/Third_Party/FreeRTOS/Source/queue.c **** 
 3594              		.loc 1 2134 5 view .LVU1151
 3595              		@ sp needed
 3596 0002 7047     		bx	lr
 3597              		.cfi_endproc
 3598              	.LFE23:
 3600              		.section	.text.ucQueueGetQueueType,"ax",%progbits
 3601              		.align	1
 3602              		.global	ucQueueGetQueueType
 3603              		.syntax unified
 3604              		.code	16
 3605              		.thumb_func
 3607              	ucQueueGetQueueType:
 3608              	.LVL348:
 3609              	.LFB24:
2142:Middlewares/Third_Party/FreeRTOS/Source/queue.c ****         return ( ( Queue_t * ) xQueue )->ucQueueType;
 3610              		.loc 1 2142 5 is_stmt 1 view -0
 3611              		.cfi_startproc
 3612              		@ args = 0, pretend = 0, frame = 0
 3613              		@ frame_needed = 0, uses_anonymous_args = 0
 3614              		@ link register save eliminated.
2143:Middlewares/Third_Party/FreeRTOS/Source/queue.c ****     }
 3615              		.loc 1 2143 9 view .LVU1153
2143:Middlewares/Third_Party/FreeRTOS/Source/queue.c ****     }
 3616              		.loc 1 2143 40 is_stmt 0 view .LVU1154
 3617 0000 4C30     		adds	r0, r0, #76
 3618              	.LVL349:
2143:Middlewares/Third_Party/FreeRTOS/Source/queue.c ****     }
 3619              		.loc 1 2143 40 discriminator 1 view .LVU1155
 3620 0002 0078     		ldrb	r0, [r0]
 3621              	.LVL350:
2144:Middlewares/Third_Party/FreeRTOS/Source/queue.c **** 
 3622              		.loc 1 2144 5 view .LVU1156
 3623              		@ sp needed
 3624 0004 7047     		bx	lr
 3625              		.cfi_endproc
 3626              	.LFE24:
 3628              		.section	.text.xQueueIsQueueEmptyFromISR,"ax",%progbits
 3629              		.align	1
 3630              		.global	xQueueIsQueueEmptyFromISR
 3631              		.syntax unified
 3632              		.code	16
 3633              		.thumb_func
 3635              	xQueueIsQueueEmptyFromISR:
 3636              	.LVL351:
ARM GAS  /tmp/ccMJcgml.s 			page 127


 3637              	.LFB30:
2422:Middlewares/Third_Party/FreeRTOS/Source/queue.c ****     BaseType_t xReturn;
 3638              		.loc 1 2422 1 is_stmt 1 view -0
 3639              		.cfi_startproc
 3640              		@ args = 0, pretend = 0, frame = 0
 3641              		@ frame_needed = 0, uses_anonymous_args = 0
 3642              		@ link register save eliminated.
2423:Middlewares/Third_Party/FreeRTOS/Source/queue.c ****     Queue_t * const pxQueue = xQueue;
 3643              		.loc 1 2423 5 view .LVU1158
2424:Middlewares/Third_Party/FreeRTOS/Source/queue.c **** 
 3644              		.loc 1 2424 5 view .LVU1159
2426:Middlewares/Third_Party/FreeRTOS/Source/queue.c **** 
 3645              		.loc 1 2426 5 view .LVU1160
 3646 0000 0028     		cmp	r0, #0
 3647 0002 01D1     		bne	.L385
2426:Middlewares/Third_Party/FreeRTOS/Source/queue.c **** 
 3648              		.loc 1 2426 5 discriminator 1 view .LVU1161
 3649              		.syntax divided
 3650              	@ 2426 "Middlewares/Third_Party/FreeRTOS/Source/queue.c" 1
 3651 0004 72B6     		 cpsid i 
 3652              	@ 0 "" 2
 3653              		.thumb
 3654              		.syntax unified
 3655              	.L386:
2426:Middlewares/Third_Party/FreeRTOS/Source/queue.c **** 
 3656              		.loc 1 2426 5 discriminator 3 view .LVU1162
2426:Middlewares/Third_Party/FreeRTOS/Source/queue.c **** 
 3657              		.loc 1 2426 5 discriminator 3 view .LVU1163
 3658 0006 FEE7     		b	.L386
 3659              	.L385:
2426:Middlewares/Third_Party/FreeRTOS/Source/queue.c **** 
 3660              		.loc 1 2426 28 discriminator 2 view .LVU1164
2428:Middlewares/Third_Party/FreeRTOS/Source/queue.c ****     {
 3661              		.loc 1 2428 5 view .LVU1165
2428:Middlewares/Third_Party/FreeRTOS/Source/queue.c ****     {
 3662              		.loc 1 2428 16 is_stmt 0 view .LVU1166
 3663 0008 806B     		ldr	r0, [r0, #56]
 3664              	.LVL352:
2437:Middlewares/Third_Party/FreeRTOS/Source/queue.c **** } /*lint !e818 xQueue could not be pointer to const because it is a typedef. */
 3665              		.loc 1 2437 5 is_stmt 1 view .LVU1167
2438:Middlewares/Third_Party/FreeRTOS/Source/queue.c **** /*-----------------------------------------------------------*/
 3666              		.loc 1 2438 1 is_stmt 0 view .LVU1168
 3667              		@ sp needed
2428:Middlewares/Third_Party/FreeRTOS/Source/queue.c ****     {
 3668              		.loc 1 2428 7 view .LVU1169
 3669 000a 4342     		rsbs	r3, r0, #0
 3670 000c 5841     		adcs	r0, r0, r3
 3671              	.LVL353:
2438:Middlewares/Third_Party/FreeRTOS/Source/queue.c **** /*-----------------------------------------------------------*/
 3672              		.loc 1 2438 1 view .LVU1170
 3673 000e 7047     		bx	lr
 3674              		.cfi_endproc
 3675              	.LFE30:
 3677              		.section	.text.xQueueIsQueueFullFromISR,"ax",%progbits
 3678              		.align	1
 3679              		.global	xQueueIsQueueFullFromISR
 3680              		.syntax unified
ARM GAS  /tmp/ccMJcgml.s 			page 128


 3681              		.code	16
 3682              		.thumb_func
 3684              	xQueueIsQueueFullFromISR:
 3685              	.LVL354:
 3686              	.LFB32:
2459:Middlewares/Third_Party/FreeRTOS/Source/queue.c **** }
2460:Middlewares/Third_Party/FreeRTOS/Source/queue.c **** /*-----------------------------------------------------------*/
2461:Middlewares/Third_Party/FreeRTOS/Source/queue.c **** 
2462:Middlewares/Third_Party/FreeRTOS/Source/queue.c **** BaseType_t xQueueIsQueueFullFromISR( const QueueHandle_t xQueue )
2463:Middlewares/Third_Party/FreeRTOS/Source/queue.c **** {
 3687              		.loc 1 2463 1 is_stmt 1 view -0
 3688              		.cfi_startproc
 3689              		@ args = 0, pretend = 0, frame = 0
 3690              		@ frame_needed = 0, uses_anonymous_args = 0
 3691              		@ link register save eliminated.
2464:Middlewares/Third_Party/FreeRTOS/Source/queue.c ****     BaseType_t xReturn;
 3692              		.loc 1 2464 5 view .LVU1172
2465:Middlewares/Third_Party/FreeRTOS/Source/queue.c ****     Queue_t * const pxQueue = xQueue;
 3693              		.loc 1 2465 5 view .LVU1173
2466:Middlewares/Third_Party/FreeRTOS/Source/queue.c **** 
2467:Middlewares/Third_Party/FreeRTOS/Source/queue.c ****     configASSERT( pxQueue );
 3694              		.loc 1 2467 5 view .LVU1174
 3695 0000 0028     		cmp	r0, #0
 3696 0002 01D1     		bne	.L388
 3697              		.loc 1 2467 5 discriminator 1 view .LVU1175
 3698              		.syntax divided
 3699              	@ 2467 "Middlewares/Third_Party/FreeRTOS/Source/queue.c" 1
 3700 0004 72B6     		 cpsid i 
 3701              	@ 0 "" 2
 3702              		.thumb
 3703              		.syntax unified
 3704              	.L389:
 3705              		.loc 1 2467 5 discriminator 3 view .LVU1176
 3706              		.loc 1 2467 5 discriminator 3 view .LVU1177
 3707 0006 FEE7     		b	.L389
 3708              	.L388:
 3709              		.loc 1 2467 28 discriminator 2 view .LVU1178
2468:Middlewares/Third_Party/FreeRTOS/Source/queue.c **** 
2469:Middlewares/Third_Party/FreeRTOS/Source/queue.c ****     if( pxQueue->uxMessagesWaiting == pxQueue->uxLength )
 3710              		.loc 1 2469 5 view .LVU1179
 3711              		.loc 1 2469 16 is_stmt 0 view .LVU1180
 3712 0008 836B     		ldr	r3, [r0, #56]
 3713              	.LVL355:
2470:Middlewares/Third_Party/FreeRTOS/Source/queue.c ****     {
2471:Middlewares/Third_Party/FreeRTOS/Source/queue.c ****         xReturn = pdTRUE;
2472:Middlewares/Third_Party/FreeRTOS/Source/queue.c ****     }
2473:Middlewares/Third_Party/FreeRTOS/Source/queue.c ****     else
2474:Middlewares/Third_Party/FreeRTOS/Source/queue.c ****     {
2475:Middlewares/Third_Party/FreeRTOS/Source/queue.c ****         xReturn = pdFALSE;
2476:Middlewares/Third_Party/FreeRTOS/Source/queue.c ****     }
2477:Middlewares/Third_Party/FreeRTOS/Source/queue.c **** 
2478:Middlewares/Third_Party/FreeRTOS/Source/queue.c ****     return xReturn;
 3714              		.loc 1 2478 5 is_stmt 1 view .LVU1181
2469:Middlewares/Third_Party/FreeRTOS/Source/queue.c ****     {
 3715              		.loc 1 2469 7 is_stmt 0 view .LVU1182
 3716 000a C06B     		ldr	r0, [r0, #60]
 3717              	.LVL356:
ARM GAS  /tmp/ccMJcgml.s 			page 129


2479:Middlewares/Third_Party/FreeRTOS/Source/queue.c **** } /*lint !e818 xQueue could not be pointer to const because it is a typedef. */
 3718              		.loc 1 2479 1 view .LVU1183
 3719              		@ sp needed
2469:Middlewares/Third_Party/FreeRTOS/Source/queue.c ****     {
 3720              		.loc 1 2469 7 view .LVU1184
 3721 000c C01A     		subs	r0, r0, r3
 3722              	.LVL357:
2469:Middlewares/Third_Party/FreeRTOS/Source/queue.c ****     {
 3723              		.loc 1 2469 7 view .LVU1185
 3724 000e 4342     		rsbs	r3, r0, #0
 3725 0010 5841     		adcs	r0, r0, r3
 3726              	.LVL358:
 3727              		.loc 1 2479 1 view .LVU1186
 3728 0012 7047     		bx	lr
 3729              		.cfi_endproc
 3730              	.LFE32:
 3732              		.section	.text.vQueueAddToRegistry,"ax",%progbits
 3733              		.align	1
 3734              		.global	vQueueAddToRegistry
 3735              		.syntax unified
 3736              		.code	16
 3737              		.thumb_func
 3739              	vQueueAddToRegistry:
 3740              	.LVL359:
 3741              	.LFB33:
2480:Middlewares/Third_Party/FreeRTOS/Source/queue.c **** /*-----------------------------------------------------------*/
2481:Middlewares/Third_Party/FreeRTOS/Source/queue.c **** 
2482:Middlewares/Third_Party/FreeRTOS/Source/queue.c **** #if ( configUSE_CO_ROUTINES == 1 )
2483:Middlewares/Third_Party/FreeRTOS/Source/queue.c **** 
2484:Middlewares/Third_Party/FreeRTOS/Source/queue.c ****     BaseType_t xQueueCRSend( QueueHandle_t xQueue,
2485:Middlewares/Third_Party/FreeRTOS/Source/queue.c ****                              const void * pvItemToQueue,
2486:Middlewares/Third_Party/FreeRTOS/Source/queue.c ****                              TickType_t xTicksToWait )
2487:Middlewares/Third_Party/FreeRTOS/Source/queue.c ****     {
2488:Middlewares/Third_Party/FreeRTOS/Source/queue.c ****         BaseType_t xReturn;
2489:Middlewares/Third_Party/FreeRTOS/Source/queue.c ****         Queue_t * const pxQueue = xQueue;
2490:Middlewares/Third_Party/FreeRTOS/Source/queue.c **** 
2491:Middlewares/Third_Party/FreeRTOS/Source/queue.c ****         /* If the queue is already full we may have to block.  A critical section
2492:Middlewares/Third_Party/FreeRTOS/Source/queue.c ****          * is required to prevent an interrupt removing something from the queue
2493:Middlewares/Third_Party/FreeRTOS/Source/queue.c ****          * between the check to see if the queue is full and blocking on the queue. */
2494:Middlewares/Third_Party/FreeRTOS/Source/queue.c ****         portDISABLE_INTERRUPTS();
2495:Middlewares/Third_Party/FreeRTOS/Source/queue.c ****         {
2496:Middlewares/Third_Party/FreeRTOS/Source/queue.c ****             if( prvIsQueueFull( pxQueue ) != pdFALSE )
2497:Middlewares/Third_Party/FreeRTOS/Source/queue.c ****             {
2498:Middlewares/Third_Party/FreeRTOS/Source/queue.c ****                 /* The queue is full - do we want to block or just leave without
2499:Middlewares/Third_Party/FreeRTOS/Source/queue.c ****                  * posting? */
2500:Middlewares/Third_Party/FreeRTOS/Source/queue.c ****                 if( xTicksToWait > ( TickType_t ) 0 )
2501:Middlewares/Third_Party/FreeRTOS/Source/queue.c ****                 {
2502:Middlewares/Third_Party/FreeRTOS/Source/queue.c ****                     /* As this is called from a coroutine we cannot block directly, but
2503:Middlewares/Third_Party/FreeRTOS/Source/queue.c ****                      * return indicating that we need to block. */
2504:Middlewares/Third_Party/FreeRTOS/Source/queue.c ****                     vCoRoutineAddToDelayedList( xTicksToWait, &( pxQueue->xTasksWaitingToSend ) );
2505:Middlewares/Third_Party/FreeRTOS/Source/queue.c ****                     portENABLE_INTERRUPTS();
2506:Middlewares/Third_Party/FreeRTOS/Source/queue.c ****                     return errQUEUE_BLOCKED;
2507:Middlewares/Third_Party/FreeRTOS/Source/queue.c ****                 }
2508:Middlewares/Third_Party/FreeRTOS/Source/queue.c ****                 else
2509:Middlewares/Third_Party/FreeRTOS/Source/queue.c ****                 {
2510:Middlewares/Third_Party/FreeRTOS/Source/queue.c ****                     portENABLE_INTERRUPTS();
2511:Middlewares/Third_Party/FreeRTOS/Source/queue.c ****                     return errQUEUE_FULL;
ARM GAS  /tmp/ccMJcgml.s 			page 130


2512:Middlewares/Third_Party/FreeRTOS/Source/queue.c ****                 }
2513:Middlewares/Third_Party/FreeRTOS/Source/queue.c ****             }
2514:Middlewares/Third_Party/FreeRTOS/Source/queue.c ****         }
2515:Middlewares/Third_Party/FreeRTOS/Source/queue.c ****         portENABLE_INTERRUPTS();
2516:Middlewares/Third_Party/FreeRTOS/Source/queue.c **** 
2517:Middlewares/Third_Party/FreeRTOS/Source/queue.c ****         portDISABLE_INTERRUPTS();
2518:Middlewares/Third_Party/FreeRTOS/Source/queue.c ****         {
2519:Middlewares/Third_Party/FreeRTOS/Source/queue.c ****             if( pxQueue->uxMessagesWaiting < pxQueue->uxLength )
2520:Middlewares/Third_Party/FreeRTOS/Source/queue.c ****             {
2521:Middlewares/Third_Party/FreeRTOS/Source/queue.c ****                 /* There is room in the queue, copy the data into the queue. */
2522:Middlewares/Third_Party/FreeRTOS/Source/queue.c ****                 prvCopyDataToQueue( pxQueue, pvItemToQueue, queueSEND_TO_BACK );
2523:Middlewares/Third_Party/FreeRTOS/Source/queue.c ****                 xReturn = pdPASS;
2524:Middlewares/Third_Party/FreeRTOS/Source/queue.c **** 
2525:Middlewares/Third_Party/FreeRTOS/Source/queue.c ****                 /* Were any co-routines waiting for data to become available? */
2526:Middlewares/Third_Party/FreeRTOS/Source/queue.c ****                 if( listLIST_IS_EMPTY( &( pxQueue->xTasksWaitingToReceive ) ) == pdFALSE )
2527:Middlewares/Third_Party/FreeRTOS/Source/queue.c ****                 {
2528:Middlewares/Third_Party/FreeRTOS/Source/queue.c ****                     /* In this instance the co-routine could be placed directly
2529:Middlewares/Third_Party/FreeRTOS/Source/queue.c ****                      * into the ready list as we are within a critical section.
2530:Middlewares/Third_Party/FreeRTOS/Source/queue.c ****                      * Instead the same pending ready list mechanism is used as if
2531:Middlewares/Third_Party/FreeRTOS/Source/queue.c ****                      * the event were caused from within an interrupt. */
2532:Middlewares/Third_Party/FreeRTOS/Source/queue.c ****                     if( xCoRoutineRemoveFromEventList( &( pxQueue->xTasksWaitingToReceive ) ) != pd
2533:Middlewares/Third_Party/FreeRTOS/Source/queue.c ****                     {
2534:Middlewares/Third_Party/FreeRTOS/Source/queue.c ****                         /* The co-routine waiting has a higher priority so record
2535:Middlewares/Third_Party/FreeRTOS/Source/queue.c ****                          * that a yield might be appropriate. */
2536:Middlewares/Third_Party/FreeRTOS/Source/queue.c ****                         xReturn = errQUEUE_YIELD;
2537:Middlewares/Third_Party/FreeRTOS/Source/queue.c ****                     }
2538:Middlewares/Third_Party/FreeRTOS/Source/queue.c ****                     else
2539:Middlewares/Third_Party/FreeRTOS/Source/queue.c ****                     {
2540:Middlewares/Third_Party/FreeRTOS/Source/queue.c ****                         mtCOVERAGE_TEST_MARKER();
2541:Middlewares/Third_Party/FreeRTOS/Source/queue.c ****                     }
2542:Middlewares/Third_Party/FreeRTOS/Source/queue.c ****                 }
2543:Middlewares/Third_Party/FreeRTOS/Source/queue.c ****                 else
2544:Middlewares/Third_Party/FreeRTOS/Source/queue.c ****                 {
2545:Middlewares/Third_Party/FreeRTOS/Source/queue.c ****                     mtCOVERAGE_TEST_MARKER();
2546:Middlewares/Third_Party/FreeRTOS/Source/queue.c ****                 }
2547:Middlewares/Third_Party/FreeRTOS/Source/queue.c ****             }
2548:Middlewares/Third_Party/FreeRTOS/Source/queue.c ****             else
2549:Middlewares/Third_Party/FreeRTOS/Source/queue.c ****             {
2550:Middlewares/Third_Party/FreeRTOS/Source/queue.c ****                 xReturn = errQUEUE_FULL;
2551:Middlewares/Third_Party/FreeRTOS/Source/queue.c ****             }
2552:Middlewares/Third_Party/FreeRTOS/Source/queue.c ****         }
2553:Middlewares/Third_Party/FreeRTOS/Source/queue.c ****         portENABLE_INTERRUPTS();
2554:Middlewares/Third_Party/FreeRTOS/Source/queue.c **** 
2555:Middlewares/Third_Party/FreeRTOS/Source/queue.c ****         return xReturn;
2556:Middlewares/Third_Party/FreeRTOS/Source/queue.c ****     }
2557:Middlewares/Third_Party/FreeRTOS/Source/queue.c **** 
2558:Middlewares/Third_Party/FreeRTOS/Source/queue.c **** #endif /* configUSE_CO_ROUTINES */
2559:Middlewares/Third_Party/FreeRTOS/Source/queue.c **** /*-----------------------------------------------------------*/
2560:Middlewares/Third_Party/FreeRTOS/Source/queue.c **** 
2561:Middlewares/Third_Party/FreeRTOS/Source/queue.c **** #if ( configUSE_CO_ROUTINES == 1 )
2562:Middlewares/Third_Party/FreeRTOS/Source/queue.c **** 
2563:Middlewares/Third_Party/FreeRTOS/Source/queue.c ****     BaseType_t xQueueCRReceive( QueueHandle_t xQueue,
2564:Middlewares/Third_Party/FreeRTOS/Source/queue.c ****                                 void * pvBuffer,
2565:Middlewares/Third_Party/FreeRTOS/Source/queue.c ****                                 TickType_t xTicksToWait )
2566:Middlewares/Third_Party/FreeRTOS/Source/queue.c ****     {
2567:Middlewares/Third_Party/FreeRTOS/Source/queue.c ****         BaseType_t xReturn;
2568:Middlewares/Third_Party/FreeRTOS/Source/queue.c ****         Queue_t * const pxQueue = xQueue;
ARM GAS  /tmp/ccMJcgml.s 			page 131


2569:Middlewares/Third_Party/FreeRTOS/Source/queue.c **** 
2570:Middlewares/Third_Party/FreeRTOS/Source/queue.c ****         /* If the queue is already empty we may have to block.  A critical section
2571:Middlewares/Third_Party/FreeRTOS/Source/queue.c ****          * is required to prevent an interrupt adding something to the queue
2572:Middlewares/Third_Party/FreeRTOS/Source/queue.c ****          * between the check to see if the queue is empty and blocking on the queue. */
2573:Middlewares/Third_Party/FreeRTOS/Source/queue.c ****         portDISABLE_INTERRUPTS();
2574:Middlewares/Third_Party/FreeRTOS/Source/queue.c ****         {
2575:Middlewares/Third_Party/FreeRTOS/Source/queue.c ****             if( pxQueue->uxMessagesWaiting == ( UBaseType_t ) 0 )
2576:Middlewares/Third_Party/FreeRTOS/Source/queue.c ****             {
2577:Middlewares/Third_Party/FreeRTOS/Source/queue.c ****                 /* There are no messages in the queue, do we want to block or just
2578:Middlewares/Third_Party/FreeRTOS/Source/queue.c ****                  * leave with nothing? */
2579:Middlewares/Third_Party/FreeRTOS/Source/queue.c ****                 if( xTicksToWait > ( TickType_t ) 0 )
2580:Middlewares/Third_Party/FreeRTOS/Source/queue.c ****                 {
2581:Middlewares/Third_Party/FreeRTOS/Source/queue.c ****                     /* As this is a co-routine we cannot block directly, but return
2582:Middlewares/Third_Party/FreeRTOS/Source/queue.c ****                      * indicating that we need to block. */
2583:Middlewares/Third_Party/FreeRTOS/Source/queue.c ****                     vCoRoutineAddToDelayedList( xTicksToWait, &( pxQueue->xTasksWaitingToReceive ) 
2584:Middlewares/Third_Party/FreeRTOS/Source/queue.c ****                     portENABLE_INTERRUPTS();
2585:Middlewares/Third_Party/FreeRTOS/Source/queue.c ****                     return errQUEUE_BLOCKED;
2586:Middlewares/Third_Party/FreeRTOS/Source/queue.c ****                 }
2587:Middlewares/Third_Party/FreeRTOS/Source/queue.c ****                 else
2588:Middlewares/Third_Party/FreeRTOS/Source/queue.c ****                 {
2589:Middlewares/Third_Party/FreeRTOS/Source/queue.c ****                     portENABLE_INTERRUPTS();
2590:Middlewares/Third_Party/FreeRTOS/Source/queue.c ****                     return errQUEUE_FULL;
2591:Middlewares/Third_Party/FreeRTOS/Source/queue.c ****                 }
2592:Middlewares/Third_Party/FreeRTOS/Source/queue.c ****             }
2593:Middlewares/Third_Party/FreeRTOS/Source/queue.c ****             else
2594:Middlewares/Third_Party/FreeRTOS/Source/queue.c ****             {
2595:Middlewares/Third_Party/FreeRTOS/Source/queue.c ****                 mtCOVERAGE_TEST_MARKER();
2596:Middlewares/Third_Party/FreeRTOS/Source/queue.c ****             }
2597:Middlewares/Third_Party/FreeRTOS/Source/queue.c ****         }
2598:Middlewares/Third_Party/FreeRTOS/Source/queue.c ****         portENABLE_INTERRUPTS();
2599:Middlewares/Third_Party/FreeRTOS/Source/queue.c **** 
2600:Middlewares/Third_Party/FreeRTOS/Source/queue.c ****         portDISABLE_INTERRUPTS();
2601:Middlewares/Third_Party/FreeRTOS/Source/queue.c ****         {
2602:Middlewares/Third_Party/FreeRTOS/Source/queue.c ****             if( pxQueue->uxMessagesWaiting > ( UBaseType_t ) 0 )
2603:Middlewares/Third_Party/FreeRTOS/Source/queue.c ****             {
2604:Middlewares/Third_Party/FreeRTOS/Source/queue.c ****                 /* Data is available from the queue. */
2605:Middlewares/Third_Party/FreeRTOS/Source/queue.c ****                 pxQueue->u.xQueue.pcReadFrom += pxQueue->uxItemSize;
2606:Middlewares/Third_Party/FreeRTOS/Source/queue.c **** 
2607:Middlewares/Third_Party/FreeRTOS/Source/queue.c ****                 if( pxQueue->u.xQueue.pcReadFrom >= pxQueue->u.xQueue.pcTail )
2608:Middlewares/Third_Party/FreeRTOS/Source/queue.c ****                 {
2609:Middlewares/Third_Party/FreeRTOS/Source/queue.c ****                     pxQueue->u.xQueue.pcReadFrom = pxQueue->pcHead;
2610:Middlewares/Third_Party/FreeRTOS/Source/queue.c ****                 }
2611:Middlewares/Third_Party/FreeRTOS/Source/queue.c ****                 else
2612:Middlewares/Third_Party/FreeRTOS/Source/queue.c ****                 {
2613:Middlewares/Third_Party/FreeRTOS/Source/queue.c ****                     mtCOVERAGE_TEST_MARKER();
2614:Middlewares/Third_Party/FreeRTOS/Source/queue.c ****                 }
2615:Middlewares/Third_Party/FreeRTOS/Source/queue.c **** 
2616:Middlewares/Third_Party/FreeRTOS/Source/queue.c ****                 --( pxQueue->uxMessagesWaiting );
2617:Middlewares/Third_Party/FreeRTOS/Source/queue.c ****                 ( void ) memcpy( ( void * ) pvBuffer, ( void * ) pxQueue->u.xQueue.pcReadFrom, ( un
2618:Middlewares/Third_Party/FreeRTOS/Source/queue.c **** 
2619:Middlewares/Third_Party/FreeRTOS/Source/queue.c ****                 xReturn = pdPASS;
2620:Middlewares/Third_Party/FreeRTOS/Source/queue.c **** 
2621:Middlewares/Third_Party/FreeRTOS/Source/queue.c ****                 /* Were any co-routines waiting for space to become available? */
2622:Middlewares/Third_Party/FreeRTOS/Source/queue.c ****                 if( listLIST_IS_EMPTY( &( pxQueue->xTasksWaitingToSend ) ) == pdFALSE )
2623:Middlewares/Third_Party/FreeRTOS/Source/queue.c ****                 {
2624:Middlewares/Third_Party/FreeRTOS/Source/queue.c ****                     /* In this instance the co-routine could be placed directly
2625:Middlewares/Third_Party/FreeRTOS/Source/queue.c ****                      * into the ready list as we are within a critical section.
ARM GAS  /tmp/ccMJcgml.s 			page 132


2626:Middlewares/Third_Party/FreeRTOS/Source/queue.c ****                      * Instead the same pending ready list mechanism is used as if
2627:Middlewares/Third_Party/FreeRTOS/Source/queue.c ****                      * the event were caused from within an interrupt. */
2628:Middlewares/Third_Party/FreeRTOS/Source/queue.c ****                     if( xCoRoutineRemoveFromEventList( &( pxQueue->xTasksWaitingToSend ) ) != pdFAL
2629:Middlewares/Third_Party/FreeRTOS/Source/queue.c ****                     {
2630:Middlewares/Third_Party/FreeRTOS/Source/queue.c ****                         xReturn = errQUEUE_YIELD;
2631:Middlewares/Third_Party/FreeRTOS/Source/queue.c ****                     }
2632:Middlewares/Third_Party/FreeRTOS/Source/queue.c ****                     else
2633:Middlewares/Third_Party/FreeRTOS/Source/queue.c ****                     {
2634:Middlewares/Third_Party/FreeRTOS/Source/queue.c ****                         mtCOVERAGE_TEST_MARKER();
2635:Middlewares/Third_Party/FreeRTOS/Source/queue.c ****                     }
2636:Middlewares/Third_Party/FreeRTOS/Source/queue.c ****                 }
2637:Middlewares/Third_Party/FreeRTOS/Source/queue.c ****                 else
2638:Middlewares/Third_Party/FreeRTOS/Source/queue.c ****                 {
2639:Middlewares/Third_Party/FreeRTOS/Source/queue.c ****                     mtCOVERAGE_TEST_MARKER();
2640:Middlewares/Third_Party/FreeRTOS/Source/queue.c ****                 }
2641:Middlewares/Third_Party/FreeRTOS/Source/queue.c ****             }
2642:Middlewares/Third_Party/FreeRTOS/Source/queue.c ****             else
2643:Middlewares/Third_Party/FreeRTOS/Source/queue.c ****             {
2644:Middlewares/Third_Party/FreeRTOS/Source/queue.c ****                 xReturn = pdFAIL;
2645:Middlewares/Third_Party/FreeRTOS/Source/queue.c ****             }
2646:Middlewares/Third_Party/FreeRTOS/Source/queue.c ****         }
2647:Middlewares/Third_Party/FreeRTOS/Source/queue.c ****         portENABLE_INTERRUPTS();
2648:Middlewares/Third_Party/FreeRTOS/Source/queue.c **** 
2649:Middlewares/Third_Party/FreeRTOS/Source/queue.c ****         return xReturn;
2650:Middlewares/Third_Party/FreeRTOS/Source/queue.c ****     }
2651:Middlewares/Third_Party/FreeRTOS/Source/queue.c **** 
2652:Middlewares/Third_Party/FreeRTOS/Source/queue.c **** #endif /* configUSE_CO_ROUTINES */
2653:Middlewares/Third_Party/FreeRTOS/Source/queue.c **** /*-----------------------------------------------------------*/
2654:Middlewares/Third_Party/FreeRTOS/Source/queue.c **** 
2655:Middlewares/Third_Party/FreeRTOS/Source/queue.c **** #if ( configUSE_CO_ROUTINES == 1 )
2656:Middlewares/Third_Party/FreeRTOS/Source/queue.c **** 
2657:Middlewares/Third_Party/FreeRTOS/Source/queue.c ****     BaseType_t xQueueCRSendFromISR( QueueHandle_t xQueue,
2658:Middlewares/Third_Party/FreeRTOS/Source/queue.c ****                                     const void * pvItemToQueue,
2659:Middlewares/Third_Party/FreeRTOS/Source/queue.c ****                                     BaseType_t xCoRoutinePreviouslyWoken )
2660:Middlewares/Third_Party/FreeRTOS/Source/queue.c ****     {
2661:Middlewares/Third_Party/FreeRTOS/Source/queue.c ****         Queue_t * const pxQueue = xQueue;
2662:Middlewares/Third_Party/FreeRTOS/Source/queue.c **** 
2663:Middlewares/Third_Party/FreeRTOS/Source/queue.c ****         /* Cannot block within an ISR so if there is no space on the queue then
2664:Middlewares/Third_Party/FreeRTOS/Source/queue.c ****          * exit without doing anything. */
2665:Middlewares/Third_Party/FreeRTOS/Source/queue.c ****         if( pxQueue->uxMessagesWaiting < pxQueue->uxLength )
2666:Middlewares/Third_Party/FreeRTOS/Source/queue.c ****         {
2667:Middlewares/Third_Party/FreeRTOS/Source/queue.c ****             prvCopyDataToQueue( pxQueue, pvItemToQueue, queueSEND_TO_BACK );
2668:Middlewares/Third_Party/FreeRTOS/Source/queue.c **** 
2669:Middlewares/Third_Party/FreeRTOS/Source/queue.c ****             /* We only want to wake one co-routine per ISR, so check that a
2670:Middlewares/Third_Party/FreeRTOS/Source/queue.c ****              * co-routine has not already been woken. */
2671:Middlewares/Third_Party/FreeRTOS/Source/queue.c ****             if( xCoRoutinePreviouslyWoken == pdFALSE )
2672:Middlewares/Third_Party/FreeRTOS/Source/queue.c ****             {
2673:Middlewares/Third_Party/FreeRTOS/Source/queue.c ****                 if( listLIST_IS_EMPTY( &( pxQueue->xTasksWaitingToReceive ) ) == pdFALSE )
2674:Middlewares/Third_Party/FreeRTOS/Source/queue.c ****                 {
2675:Middlewares/Third_Party/FreeRTOS/Source/queue.c ****                     if( xCoRoutineRemoveFromEventList( &( pxQueue->xTasksWaitingToReceive ) ) != pd
2676:Middlewares/Third_Party/FreeRTOS/Source/queue.c ****                     {
2677:Middlewares/Third_Party/FreeRTOS/Source/queue.c ****                         return pdTRUE;
2678:Middlewares/Third_Party/FreeRTOS/Source/queue.c ****                     }
2679:Middlewares/Third_Party/FreeRTOS/Source/queue.c ****                     else
2680:Middlewares/Third_Party/FreeRTOS/Source/queue.c ****                     {
2681:Middlewares/Third_Party/FreeRTOS/Source/queue.c ****                         mtCOVERAGE_TEST_MARKER();
2682:Middlewares/Third_Party/FreeRTOS/Source/queue.c ****                     }
ARM GAS  /tmp/ccMJcgml.s 			page 133


2683:Middlewares/Third_Party/FreeRTOS/Source/queue.c ****                 }
2684:Middlewares/Third_Party/FreeRTOS/Source/queue.c ****                 else
2685:Middlewares/Third_Party/FreeRTOS/Source/queue.c ****                 {
2686:Middlewares/Third_Party/FreeRTOS/Source/queue.c ****                     mtCOVERAGE_TEST_MARKER();
2687:Middlewares/Third_Party/FreeRTOS/Source/queue.c ****                 }
2688:Middlewares/Third_Party/FreeRTOS/Source/queue.c ****             }
2689:Middlewares/Third_Party/FreeRTOS/Source/queue.c ****             else
2690:Middlewares/Third_Party/FreeRTOS/Source/queue.c ****             {
2691:Middlewares/Third_Party/FreeRTOS/Source/queue.c ****                 mtCOVERAGE_TEST_MARKER();
2692:Middlewares/Third_Party/FreeRTOS/Source/queue.c ****             }
2693:Middlewares/Third_Party/FreeRTOS/Source/queue.c ****         }
2694:Middlewares/Third_Party/FreeRTOS/Source/queue.c ****         else
2695:Middlewares/Third_Party/FreeRTOS/Source/queue.c ****         {
2696:Middlewares/Third_Party/FreeRTOS/Source/queue.c ****             mtCOVERAGE_TEST_MARKER();
2697:Middlewares/Third_Party/FreeRTOS/Source/queue.c ****         }
2698:Middlewares/Third_Party/FreeRTOS/Source/queue.c **** 
2699:Middlewares/Third_Party/FreeRTOS/Source/queue.c ****         return xCoRoutinePreviouslyWoken;
2700:Middlewares/Third_Party/FreeRTOS/Source/queue.c ****     }
2701:Middlewares/Third_Party/FreeRTOS/Source/queue.c **** 
2702:Middlewares/Third_Party/FreeRTOS/Source/queue.c **** #endif /* configUSE_CO_ROUTINES */
2703:Middlewares/Third_Party/FreeRTOS/Source/queue.c **** /*-----------------------------------------------------------*/
2704:Middlewares/Third_Party/FreeRTOS/Source/queue.c **** 
2705:Middlewares/Third_Party/FreeRTOS/Source/queue.c **** #if ( configUSE_CO_ROUTINES == 1 )
2706:Middlewares/Third_Party/FreeRTOS/Source/queue.c **** 
2707:Middlewares/Third_Party/FreeRTOS/Source/queue.c ****     BaseType_t xQueueCRReceiveFromISR( QueueHandle_t xQueue,
2708:Middlewares/Third_Party/FreeRTOS/Source/queue.c ****                                        void * pvBuffer,
2709:Middlewares/Third_Party/FreeRTOS/Source/queue.c ****                                        BaseType_t * pxCoRoutineWoken )
2710:Middlewares/Third_Party/FreeRTOS/Source/queue.c ****     {
2711:Middlewares/Third_Party/FreeRTOS/Source/queue.c ****         BaseType_t xReturn;
2712:Middlewares/Third_Party/FreeRTOS/Source/queue.c ****         Queue_t * const pxQueue = xQueue;
2713:Middlewares/Third_Party/FreeRTOS/Source/queue.c **** 
2714:Middlewares/Third_Party/FreeRTOS/Source/queue.c ****         /* We cannot block from an ISR, so check there is data available. If
2715:Middlewares/Third_Party/FreeRTOS/Source/queue.c ****          * not then just leave without doing anything. */
2716:Middlewares/Third_Party/FreeRTOS/Source/queue.c ****         if( pxQueue->uxMessagesWaiting > ( UBaseType_t ) 0 )
2717:Middlewares/Third_Party/FreeRTOS/Source/queue.c ****         {
2718:Middlewares/Third_Party/FreeRTOS/Source/queue.c ****             /* Copy the data from the queue. */
2719:Middlewares/Third_Party/FreeRTOS/Source/queue.c ****             pxQueue->u.xQueue.pcReadFrom += pxQueue->uxItemSize;
2720:Middlewares/Third_Party/FreeRTOS/Source/queue.c **** 
2721:Middlewares/Third_Party/FreeRTOS/Source/queue.c ****             if( pxQueue->u.xQueue.pcReadFrom >= pxQueue->u.xQueue.pcTail )
2722:Middlewares/Third_Party/FreeRTOS/Source/queue.c ****             {
2723:Middlewares/Third_Party/FreeRTOS/Source/queue.c ****                 pxQueue->u.xQueue.pcReadFrom = pxQueue->pcHead;
2724:Middlewares/Third_Party/FreeRTOS/Source/queue.c ****             }
2725:Middlewares/Third_Party/FreeRTOS/Source/queue.c ****             else
2726:Middlewares/Third_Party/FreeRTOS/Source/queue.c ****             {
2727:Middlewares/Third_Party/FreeRTOS/Source/queue.c ****                 mtCOVERAGE_TEST_MARKER();
2728:Middlewares/Third_Party/FreeRTOS/Source/queue.c ****             }
2729:Middlewares/Third_Party/FreeRTOS/Source/queue.c **** 
2730:Middlewares/Third_Party/FreeRTOS/Source/queue.c ****             --( pxQueue->uxMessagesWaiting );
2731:Middlewares/Third_Party/FreeRTOS/Source/queue.c ****             ( void ) memcpy( ( void * ) pvBuffer, ( void * ) pxQueue->u.xQueue.pcReadFrom, ( unsign
2732:Middlewares/Third_Party/FreeRTOS/Source/queue.c **** 
2733:Middlewares/Third_Party/FreeRTOS/Source/queue.c ****             if( ( *pxCoRoutineWoken ) == pdFALSE )
2734:Middlewares/Third_Party/FreeRTOS/Source/queue.c ****             {
2735:Middlewares/Third_Party/FreeRTOS/Source/queue.c ****                 if( listLIST_IS_EMPTY( &( pxQueue->xTasksWaitingToSend ) ) == pdFALSE )
2736:Middlewares/Third_Party/FreeRTOS/Source/queue.c ****                 {
2737:Middlewares/Third_Party/FreeRTOS/Source/queue.c ****                     if( xCoRoutineRemoveFromEventList( &( pxQueue->xTasksWaitingToSend ) ) != pdFAL
2738:Middlewares/Third_Party/FreeRTOS/Source/queue.c ****                     {
2739:Middlewares/Third_Party/FreeRTOS/Source/queue.c ****                         *pxCoRoutineWoken = pdTRUE;
ARM GAS  /tmp/ccMJcgml.s 			page 134


2740:Middlewares/Third_Party/FreeRTOS/Source/queue.c ****                     }
2741:Middlewares/Third_Party/FreeRTOS/Source/queue.c ****                     else
2742:Middlewares/Third_Party/FreeRTOS/Source/queue.c ****                     {
2743:Middlewares/Third_Party/FreeRTOS/Source/queue.c ****                         mtCOVERAGE_TEST_MARKER();
2744:Middlewares/Third_Party/FreeRTOS/Source/queue.c ****                     }
2745:Middlewares/Third_Party/FreeRTOS/Source/queue.c ****                 }
2746:Middlewares/Third_Party/FreeRTOS/Source/queue.c ****                 else
2747:Middlewares/Third_Party/FreeRTOS/Source/queue.c ****                 {
2748:Middlewares/Third_Party/FreeRTOS/Source/queue.c ****                     mtCOVERAGE_TEST_MARKER();
2749:Middlewares/Third_Party/FreeRTOS/Source/queue.c ****                 }
2750:Middlewares/Third_Party/FreeRTOS/Source/queue.c ****             }
2751:Middlewares/Third_Party/FreeRTOS/Source/queue.c ****             else
2752:Middlewares/Third_Party/FreeRTOS/Source/queue.c ****             {
2753:Middlewares/Third_Party/FreeRTOS/Source/queue.c ****                 mtCOVERAGE_TEST_MARKER();
2754:Middlewares/Third_Party/FreeRTOS/Source/queue.c ****             }
2755:Middlewares/Third_Party/FreeRTOS/Source/queue.c **** 
2756:Middlewares/Third_Party/FreeRTOS/Source/queue.c ****             xReturn = pdPASS;
2757:Middlewares/Third_Party/FreeRTOS/Source/queue.c ****         }
2758:Middlewares/Third_Party/FreeRTOS/Source/queue.c ****         else
2759:Middlewares/Third_Party/FreeRTOS/Source/queue.c ****         {
2760:Middlewares/Third_Party/FreeRTOS/Source/queue.c ****             xReturn = pdFAIL;
2761:Middlewares/Third_Party/FreeRTOS/Source/queue.c ****         }
2762:Middlewares/Third_Party/FreeRTOS/Source/queue.c **** 
2763:Middlewares/Third_Party/FreeRTOS/Source/queue.c ****         return xReturn;
2764:Middlewares/Third_Party/FreeRTOS/Source/queue.c ****     }
2765:Middlewares/Third_Party/FreeRTOS/Source/queue.c **** 
2766:Middlewares/Third_Party/FreeRTOS/Source/queue.c **** #endif /* configUSE_CO_ROUTINES */
2767:Middlewares/Third_Party/FreeRTOS/Source/queue.c **** /*-----------------------------------------------------------*/
2768:Middlewares/Third_Party/FreeRTOS/Source/queue.c **** 
2769:Middlewares/Third_Party/FreeRTOS/Source/queue.c **** #if ( configQUEUE_REGISTRY_SIZE > 0 )
2770:Middlewares/Third_Party/FreeRTOS/Source/queue.c **** 
2771:Middlewares/Third_Party/FreeRTOS/Source/queue.c ****     void vQueueAddToRegistry( QueueHandle_t xQueue,
2772:Middlewares/Third_Party/FreeRTOS/Source/queue.c ****                               const char * pcQueueName ) /*lint !e971 Unqualified char types are al
2773:Middlewares/Third_Party/FreeRTOS/Source/queue.c ****     {
 3742              		.loc 1 2773 5 is_stmt 1 view -0
 3743              		.cfi_startproc
 3744              		@ args = 0, pretend = 0, frame = 0
 3745              		@ frame_needed = 0, uses_anonymous_args = 0
2774:Middlewares/Third_Party/FreeRTOS/Source/queue.c ****         UBaseType_t ux;
 3746              		.loc 1 2774 9 view .LVU1188
2775:Middlewares/Third_Party/FreeRTOS/Source/queue.c ****         QueueRegistryItem_t * pxEntryToWrite = NULL;
 3747              		.loc 1 2775 9 view .LVU1189
2776:Middlewares/Third_Party/FreeRTOS/Source/queue.c **** 
2777:Middlewares/Third_Party/FreeRTOS/Source/queue.c ****         configASSERT( xQueue );
 3748              		.loc 1 2777 9 view .LVU1190
2773:Middlewares/Third_Party/FreeRTOS/Source/queue.c ****         UBaseType_t ux;
 3749              		.loc 1 2773 5 is_stmt 0 view .LVU1191
 3750 0000 70B5     		push	{r4, r5, r6, lr}
 3751              		.cfi_def_cfa_offset 16
 3752              		.cfi_offset 4, -16
 3753              		.cfi_offset 5, -12
 3754              		.cfi_offset 6, -8
 3755              		.cfi_offset 14, -4
 3756              		.loc 1 2777 9 view .LVU1192
 3757 0002 0028     		cmp	r0, #0
 3758 0004 01D1     		bne	.L391
 3759              		.loc 1 2777 9 is_stmt 1 discriminator 1 view .LVU1193
ARM GAS  /tmp/ccMJcgml.s 			page 135


 3760              		.syntax divided
 3761              	@ 2777 "Middlewares/Third_Party/FreeRTOS/Source/queue.c" 1
 3762 0006 72B6     		 cpsid i 
 3763              	@ 0 "" 2
 3764              		.thumb
 3765              		.syntax unified
 3766              	.L392:
 3767              		.loc 1 2777 9 discriminator 3 view .LVU1194
 3768              		.loc 1 2777 9 discriminator 3 view .LVU1195
 3769 0008 FEE7     		b	.L392
 3770              	.L391:
 3771              		.loc 1 2777 31 discriminator 2 view .LVU1196
2778:Middlewares/Third_Party/FreeRTOS/Source/queue.c **** 
2779:Middlewares/Third_Party/FreeRTOS/Source/queue.c ****         if( pcQueueName != NULL )
 3772              		.loc 1 2779 9 view .LVU1197
 3773              		.loc 1 2779 11 is_stmt 0 view .LVU1198
 3774 000a 0029     		cmp	r1, #0
 3775 000c 17D0     		beq	.L390
2775:Middlewares/Third_Party/FreeRTOS/Source/queue.c **** 
 3776              		.loc 1 2775 31 view .LVU1199
 3777 000e 0023     		movs	r3, #0
 3778 0010 0B4C     		ldr	r4, .L405
2780:Middlewares/Third_Party/FreeRTOS/Source/queue.c ****         {
2781:Middlewares/Third_Party/FreeRTOS/Source/queue.c ****             /* See if there is an empty space in the registry.  A NULL name denotes
2782:Middlewares/Third_Party/FreeRTOS/Source/queue.c ****              * a free slot. */
2783:Middlewares/Third_Party/FreeRTOS/Source/queue.c ****             for( ux = ( UBaseType_t ) 0U; ux < ( UBaseType_t ) configQUEUE_REGISTRY_SIZE; ux++ )
 3779              		.loc 1 2783 21 view .LVU1200
 3780 0012 1A00     		movs	r2, r3
 3781 0014 2500     		movs	r5, r4
 3782              	.LVL360:
 3783              	.L397:
2784:Middlewares/Third_Party/FreeRTOS/Source/queue.c ****             {
2785:Middlewares/Third_Party/FreeRTOS/Source/queue.c ****                 /* Replace an existing entry if the queue is already in the registry. */
2786:Middlewares/Third_Party/FreeRTOS/Source/queue.c ****                 if( xQueue == xQueueRegistry[ ux ].xHandle )
 3784              		.loc 1 2786 17 is_stmt 1 view .LVU1201
 3785              		.loc 1 2786 19 is_stmt 0 view .LVU1202
 3786 0016 6668     		ldr	r6, [r4, #4]
 3787 0018 8642     		cmp	r6, r0
 3788 001a 04D1     		bne	.L394
2787:Middlewares/Third_Party/FreeRTOS/Source/queue.c ****                 {
2788:Middlewares/Third_Party/FreeRTOS/Source/queue.c ****                     pxEntryToWrite = &( xQueueRegistry[ ux ] );
 3789              		.loc 1 2788 21 is_stmt 1 view .LVU1203
 3790              		.loc 1 2788 36 is_stmt 0 view .LVU1204
 3791 001c D200     		lsls	r2, r2, #3
 3792              	.LVL361:
 3793              		.loc 1 2788 36 view .LVU1205
 3794 001e AB18     		adds	r3, r5, r2
 3795              	.LVL362:
2789:Middlewares/Third_Party/FreeRTOS/Source/queue.c ****                     break;
 3796              		.loc 1 2789 21 is_stmt 1 view .LVU1206
2790:Middlewares/Third_Party/FreeRTOS/Source/queue.c ****                 }
2791:Middlewares/Third_Party/FreeRTOS/Source/queue.c ****                 /* Otherwise, store in the next empty location */
2792:Middlewares/Third_Party/FreeRTOS/Source/queue.c ****                 else if( ( pxEntryToWrite == NULL ) && ( xQueueRegistry[ ux ].pcQueueName == NULL )
2793:Middlewares/Third_Party/FreeRTOS/Source/queue.c ****                 {
2794:Middlewares/Third_Party/FreeRTOS/Source/queue.c ****                     pxEntryToWrite = &( xQueueRegistry[ ux ] );
2795:Middlewares/Third_Party/FreeRTOS/Source/queue.c ****                 }
2796:Middlewares/Third_Party/FreeRTOS/Source/queue.c ****                 else
ARM GAS  /tmp/ccMJcgml.s 			page 136


2797:Middlewares/Third_Party/FreeRTOS/Source/queue.c ****                 {
2798:Middlewares/Third_Party/FreeRTOS/Source/queue.c ****                     mtCOVERAGE_TEST_MARKER();
2799:Middlewares/Third_Party/FreeRTOS/Source/queue.c ****                 }
2800:Middlewares/Third_Party/FreeRTOS/Source/queue.c ****             }
2801:Middlewares/Third_Party/FreeRTOS/Source/queue.c ****         }
2802:Middlewares/Third_Party/FreeRTOS/Source/queue.c **** 
2803:Middlewares/Third_Party/FreeRTOS/Source/queue.c ****         if( pxEntryToWrite != NULL )
 3797              		.loc 1 2803 9 view .LVU1207
 3798              	.L395:
2804:Middlewares/Third_Party/FreeRTOS/Source/queue.c ****         {
2805:Middlewares/Third_Party/FreeRTOS/Source/queue.c ****             /* Store the information on this queue. */
2806:Middlewares/Third_Party/FreeRTOS/Source/queue.c ****             pxEntryToWrite->pcQueueName = pcQueueName;
 3799              		.loc 1 2806 13 view .LVU1208
 3800              		.loc 1 2806 41 is_stmt 0 view .LVU1209
 3801 0020 1960     		str	r1, [r3]
2807:Middlewares/Third_Party/FreeRTOS/Source/queue.c ****             pxEntryToWrite->xHandle = xQueue;
 3802              		.loc 1 2807 13 is_stmt 1 view .LVU1210
 3803              		.loc 1 2807 37 is_stmt 0 view .LVU1211
 3804 0022 5860     		str	r0, [r3, #4]
 3805              	.LVL363:
2808:Middlewares/Third_Party/FreeRTOS/Source/queue.c **** 
2809:Middlewares/Third_Party/FreeRTOS/Source/queue.c ****             traceQUEUE_REGISTRY_ADD( xQueue, pcQueueName );
 3806              		.loc 1 2809 59 is_stmt 1 view .LVU1212
2810:Middlewares/Third_Party/FreeRTOS/Source/queue.c ****         }
2811:Middlewares/Third_Party/FreeRTOS/Source/queue.c ****     }
 3807              		.loc 1 2811 5 is_stmt 0 view .LVU1213
 3808 0024 0BE0     		b	.L390
 3809              	.LVL364:
 3810              	.L394:
2792:Middlewares/Third_Party/FreeRTOS/Source/queue.c ****                 {
 3811              		.loc 1 2792 22 is_stmt 1 view .LVU1214
2792:Middlewares/Third_Party/FreeRTOS/Source/queue.c ****                 {
 3812              		.loc 1 2792 24 is_stmt 0 view .LVU1215
 3813 0026 002B     		cmp	r3, #0
 3814 0028 03D1     		bne	.L396
2792:Middlewares/Third_Party/FreeRTOS/Source/queue.c ****                 {
 3815              		.loc 1 2792 53 discriminator 1 view .LVU1216
 3816 002a 2668     		ldr	r6, [r4]
 3817 002c 002E     		cmp	r6, #0
 3818 002e 00D1     		bne	.L396
2794:Middlewares/Third_Party/FreeRTOS/Source/queue.c ****                 }
 3819              		.loc 1 2794 36 view .LVU1217
 3820 0030 2300     		movs	r3, r4
 3821              	.LVL365:
 3822              	.L396:
2798:Middlewares/Third_Party/FreeRTOS/Source/queue.c ****                 }
 3823              		.loc 1 2798 45 is_stmt 1 view .LVU1218
2783:Middlewares/Third_Party/FreeRTOS/Source/queue.c ****             {
 3824              		.loc 1 2783 93 discriminator 2 view .LVU1219
 3825 0032 0132     		adds	r2, r2, #1
 3826              	.LVL366:
2783:Middlewares/Third_Party/FreeRTOS/Source/queue.c ****             {
 3827              		.loc 1 2783 46 discriminator 1 view .LVU1220
 3828 0034 0834     		adds	r4, r4, #8
 3829 0036 082A     		cmp	r2, #8
 3830 0038 EDD1     		bne	.L397
2803:Middlewares/Third_Party/FreeRTOS/Source/queue.c ****         {
ARM GAS  /tmp/ccMJcgml.s 			page 137


 3831              		.loc 1 2803 9 view .LVU1221
2803:Middlewares/Third_Party/FreeRTOS/Source/queue.c ****         {
 3832              		.loc 1 2803 11 is_stmt 0 view .LVU1222
 3833 003a 002B     		cmp	r3, #0
 3834 003c F0D1     		bne	.L395
 3835              	.LVL367:
 3836              	.L390:
 3837              		.loc 1 2811 5 view .LVU1223
 3838              		@ sp needed
 3839 003e 70BD     		pop	{r4, r5, r6, pc}
 3840              	.L406:
 3841              		.align	2
 3842              	.L405:
 3843 0040 00000000 		.word	xQueueRegistry
 3844              		.cfi_endproc
 3845              	.LFE33:
 3847              		.section	.text.pcQueueGetName,"ax",%progbits
 3848              		.align	1
 3849              		.global	pcQueueGetName
 3850              		.syntax unified
 3851              		.code	16
 3852              		.thumb_func
 3854              	pcQueueGetName:
 3855              	.LVL368:
 3856              	.LFB34:
2812:Middlewares/Third_Party/FreeRTOS/Source/queue.c **** 
2813:Middlewares/Third_Party/FreeRTOS/Source/queue.c **** #endif /* configQUEUE_REGISTRY_SIZE */
2814:Middlewares/Third_Party/FreeRTOS/Source/queue.c **** /*-----------------------------------------------------------*/
2815:Middlewares/Third_Party/FreeRTOS/Source/queue.c **** 
2816:Middlewares/Third_Party/FreeRTOS/Source/queue.c **** #if ( configQUEUE_REGISTRY_SIZE > 0 )
2817:Middlewares/Third_Party/FreeRTOS/Source/queue.c **** 
2818:Middlewares/Third_Party/FreeRTOS/Source/queue.c ****     const char * pcQueueGetName( QueueHandle_t xQueue ) /*lint !e971 Unqualified char types are all
2819:Middlewares/Third_Party/FreeRTOS/Source/queue.c ****     {
 3857              		.loc 1 2819 5 is_stmt 1 view -0
 3858              		.cfi_startproc
 3859              		@ args = 0, pretend = 0, frame = 0
 3860              		@ frame_needed = 0, uses_anonymous_args = 0
2820:Middlewares/Third_Party/FreeRTOS/Source/queue.c ****         UBaseType_t ux;
 3861              		.loc 1 2820 9 view .LVU1225
2821:Middlewares/Third_Party/FreeRTOS/Source/queue.c ****         const char * pcReturn = NULL; /*lint !e971 Unqualified char types are allowed for strings a
 3862              		.loc 1 2821 9 view .LVU1226
2822:Middlewares/Third_Party/FreeRTOS/Source/queue.c **** 
2823:Middlewares/Third_Party/FreeRTOS/Source/queue.c ****         configASSERT( xQueue );
 3863              		.loc 1 2823 9 view .LVU1227
2819:Middlewares/Third_Party/FreeRTOS/Source/queue.c ****         UBaseType_t ux;
 3864              		.loc 1 2819 5 is_stmt 0 view .LVU1228
 3865 0000 10B5     		push	{r4, lr}
 3866              		.cfi_def_cfa_offset 8
 3867              		.cfi_offset 4, -8
 3868              		.cfi_offset 14, -4
 3869              		.loc 1 2823 9 view .LVU1229
 3870 0002 0028     		cmp	r0, #0
 3871 0004 01D1     		bne	.L408
 3872              		.loc 1 2823 9 is_stmt 1 discriminator 1 view .LVU1230
 3873              		.syntax divided
 3874              	@ 2823 "Middlewares/Third_Party/FreeRTOS/Source/queue.c" 1
 3875 0006 72B6     		 cpsid i 
ARM GAS  /tmp/ccMJcgml.s 			page 138


 3876              	@ 0 "" 2
 3877              		.thumb
 3878              		.syntax unified
 3879              	.L409:
 3880              		.loc 1 2823 9 discriminator 3 view .LVU1231
 3881              		.loc 1 2823 9 discriminator 3 view .LVU1232
 3882 0008 FEE7     		b	.L409
 3883              	.L408:
 3884 000a 074A     		ldr	r2, .L414
2824:Middlewares/Third_Party/FreeRTOS/Source/queue.c **** 
2825:Middlewares/Third_Party/FreeRTOS/Source/queue.c ****         /* Note there is nothing here to protect against another task adding or
2826:Middlewares/Third_Party/FreeRTOS/Source/queue.c ****          * removing entries from the registry while it is being searched. */
2827:Middlewares/Third_Party/FreeRTOS/Source/queue.c **** 
2828:Middlewares/Third_Party/FreeRTOS/Source/queue.c ****         for( ux = ( UBaseType_t ) 0U; ux < ( UBaseType_t ) configQUEUE_REGISTRY_SIZE; ux++ )
 3885              		.loc 1 2828 17 is_stmt 0 view .LVU1233
 3886 000c 0023     		movs	r3, #0
 3887 000e 1100     		movs	r1, r2
 3888              	.L412:
 3889              	.LVL369:
2829:Middlewares/Third_Party/FreeRTOS/Source/queue.c ****         {
2830:Middlewares/Third_Party/FreeRTOS/Source/queue.c ****             if( xQueueRegistry[ ux ].xHandle == xQueue )
 3890              		.loc 1 2830 13 is_stmt 1 view .LVU1234
 3891              		.loc 1 2830 15 is_stmt 0 view .LVU1235
 3892 0010 5468     		ldr	r4, [r2, #4]
 3893 0012 8442     		cmp	r4, r0
 3894 0014 02D1     		bne	.L410
2831:Middlewares/Third_Party/FreeRTOS/Source/queue.c ****             {
2832:Middlewares/Third_Party/FreeRTOS/Source/queue.c ****                 pcReturn = xQueueRegistry[ ux ].pcQueueName;
 3895              		.loc 1 2832 17 is_stmt 1 view .LVU1236
 3896              		.loc 1 2832 26 is_stmt 0 view .LVU1237
 3897 0016 DB00     		lsls	r3, r3, #3
 3898              	.LVL370:
 3899              		.loc 1 2832 26 view .LVU1238
 3900 0018 C858     		ldr	r0, [r1, r3]
 3901              	.LVL371:
2833:Middlewares/Third_Party/FreeRTOS/Source/queue.c ****                 break;
 3902              		.loc 1 2833 17 is_stmt 1 view .LVU1239
 3903              	.L407:
2834:Middlewares/Third_Party/FreeRTOS/Source/queue.c ****             }
2835:Middlewares/Third_Party/FreeRTOS/Source/queue.c ****             else
2836:Middlewares/Third_Party/FreeRTOS/Source/queue.c ****             {
2837:Middlewares/Third_Party/FreeRTOS/Source/queue.c ****                 mtCOVERAGE_TEST_MARKER();
2838:Middlewares/Third_Party/FreeRTOS/Source/queue.c ****             }
2839:Middlewares/Third_Party/FreeRTOS/Source/queue.c ****         }
2840:Middlewares/Third_Party/FreeRTOS/Source/queue.c **** 
2841:Middlewares/Third_Party/FreeRTOS/Source/queue.c ****         return pcReturn;
2842:Middlewares/Third_Party/FreeRTOS/Source/queue.c ****     } /*lint !e818 xQueue cannot be a pointer to const because it is a typedef. */
 3904              		.loc 1 2842 5 is_stmt 0 view .LVU1240
 3905              		@ sp needed
 3906 001a 10BD     		pop	{r4, pc}
 3907              	.LVL372:
 3908              	.L410:
2837:Middlewares/Third_Party/FreeRTOS/Source/queue.c ****             }
 3909              		.loc 1 2837 41 is_stmt 1 view .LVU1241
2828:Middlewares/Third_Party/FreeRTOS/Source/queue.c ****         {
 3910              		.loc 1 2828 89 discriminator 2 view .LVU1242
 3911 001c 0133     		adds	r3, r3, #1
ARM GAS  /tmp/ccMJcgml.s 			page 139


 3912              	.LVL373:
2828:Middlewares/Third_Party/FreeRTOS/Source/queue.c ****         {
 3913              		.loc 1 2828 42 discriminator 1 view .LVU1243
 3914 001e 0832     		adds	r2, r2, #8
 3915 0020 082B     		cmp	r3, #8
 3916 0022 F5D1     		bne	.L412
2821:Middlewares/Third_Party/FreeRTOS/Source/queue.c **** 
 3917              		.loc 1 2821 22 is_stmt 0 view .LVU1244
 3918 0024 0020     		movs	r0, #0
 3919              	.LVL374:
2841:Middlewares/Third_Party/FreeRTOS/Source/queue.c ****     } /*lint !e818 xQueue cannot be a pointer to const because it is a typedef. */
 3920              		.loc 1 2841 9 is_stmt 1 view .LVU1245
2841:Middlewares/Third_Party/FreeRTOS/Source/queue.c ****     } /*lint !e818 xQueue cannot be a pointer to const because it is a typedef. */
 3921              		.loc 1 2841 16 is_stmt 0 view .LVU1246
 3922 0026 F8E7     		b	.L407
 3923              	.L415:
 3924              		.align	2
 3925              	.L414:
 3926 0028 00000000 		.word	xQueueRegistry
 3927              		.cfi_endproc
 3928              	.LFE34:
 3930              		.section	.text.vQueueUnregisterQueue,"ax",%progbits
 3931              		.align	1
 3932              		.global	vQueueUnregisterQueue
 3933              		.syntax unified
 3934              		.code	16
 3935              		.thumb_func
 3937              	vQueueUnregisterQueue:
 3938              	.LVL375:
 3939              	.LFB35:
2843:Middlewares/Third_Party/FreeRTOS/Source/queue.c **** 
2844:Middlewares/Third_Party/FreeRTOS/Source/queue.c **** #endif /* configQUEUE_REGISTRY_SIZE */
2845:Middlewares/Third_Party/FreeRTOS/Source/queue.c **** /*-----------------------------------------------------------*/
2846:Middlewares/Third_Party/FreeRTOS/Source/queue.c **** 
2847:Middlewares/Third_Party/FreeRTOS/Source/queue.c **** #if ( configQUEUE_REGISTRY_SIZE > 0 )
2848:Middlewares/Third_Party/FreeRTOS/Source/queue.c **** 
2849:Middlewares/Third_Party/FreeRTOS/Source/queue.c ****     void vQueueUnregisterQueue( QueueHandle_t xQueue )
2850:Middlewares/Third_Party/FreeRTOS/Source/queue.c ****     {
 3940              		.loc 1 2850 5 is_stmt 1 view -0
 3941              		.cfi_startproc
 3942              		@ args = 0, pretend = 0, frame = 0
 3943              		@ frame_needed = 0, uses_anonymous_args = 0
2851:Middlewares/Third_Party/FreeRTOS/Source/queue.c ****         UBaseType_t ux;
 3944              		.loc 1 2851 9 view .LVU1248
2852:Middlewares/Third_Party/FreeRTOS/Source/queue.c **** 
2853:Middlewares/Third_Party/FreeRTOS/Source/queue.c ****         configASSERT( xQueue );
 3945              		.loc 1 2853 9 view .LVU1249
2850:Middlewares/Third_Party/FreeRTOS/Source/queue.c ****         UBaseType_t ux;
 3946              		.loc 1 2850 5 is_stmt 0 view .LVU1250
 3947 0000 10B5     		push	{r4, lr}
 3948              		.cfi_def_cfa_offset 8
 3949              		.cfi_offset 4, -8
 3950              		.cfi_offset 14, -4
 3951              		.loc 1 2853 9 view .LVU1251
 3952 0002 0028     		cmp	r0, #0
 3953 0004 01D1     		bne	.L417
 3954              		.loc 1 2853 9 is_stmt 1 discriminator 1 view .LVU1252
ARM GAS  /tmp/ccMJcgml.s 			page 140


 3955              		.syntax divided
 3956              	@ 2853 "Middlewares/Third_Party/FreeRTOS/Source/queue.c" 1
 3957 0006 72B6     		 cpsid i 
 3958              	@ 0 "" 2
 3959              		.thumb
 3960              		.syntax unified
 3961              	.L418:
 3962              		.loc 1 2853 9 discriminator 3 view .LVU1253
 3963              		.loc 1 2853 9 discriminator 3 view .LVU1254
 3964 0008 FEE7     		b	.L418
 3965              	.L417:
 3966 000a 084A     		ldr	r2, .L423
 3967              	.LBB64:
 3968              	.LBB65:
2854:Middlewares/Third_Party/FreeRTOS/Source/queue.c **** 
2855:Middlewares/Third_Party/FreeRTOS/Source/queue.c ****         /* See if the handle of the queue being unregistered in actually in the
2856:Middlewares/Third_Party/FreeRTOS/Source/queue.c ****          * registry. */
2857:Middlewares/Third_Party/FreeRTOS/Source/queue.c ****         for( ux = ( UBaseType_t ) 0U; ux < ( UBaseType_t ) configQUEUE_REGISTRY_SIZE; ux++ )
 3969              		.loc 1 2857 17 is_stmt 0 view .LVU1255
 3970 000c 0023     		movs	r3, #0
 3971 000e 1100     		movs	r1, r2
 3972              	.L421:
 3973              	.LVL376:
2858:Middlewares/Third_Party/FreeRTOS/Source/queue.c ****         {
2859:Middlewares/Third_Party/FreeRTOS/Source/queue.c ****             if( xQueueRegistry[ ux ].xHandle == xQueue )
 3974              		.loc 1 2859 13 is_stmt 1 view .LVU1256
 3975              		.loc 1 2859 15 is_stmt 0 view .LVU1257
 3976 0010 5468     		ldr	r4, [r2, #4]
 3977 0012 A042     		cmp	r0, r4
 3978 0014 05D1     		bne	.L419
2860:Middlewares/Third_Party/FreeRTOS/Source/queue.c ****             {
2861:Middlewares/Third_Party/FreeRTOS/Source/queue.c ****                 /* Set the name to NULL to show that this slot if free again. */
2862:Middlewares/Third_Party/FreeRTOS/Source/queue.c ****                 xQueueRegistry[ ux ].pcQueueName = NULL;
 3979              		.loc 1 2862 17 is_stmt 1 view .LVU1258
 3980              		.loc 1 2862 50 is_stmt 0 view .LVU1259
 3981 0016 0022     		movs	r2, #0
 3982 0018 DB00     		lsls	r3, r3, #3
 3983              	.LVL377:
 3984              		.loc 1 2862 50 view .LVU1260
 3985 001a CA50     		str	r2, [r1, r3]
2863:Middlewares/Third_Party/FreeRTOS/Source/queue.c **** 
2864:Middlewares/Third_Party/FreeRTOS/Source/queue.c ****                 /* Set the handle to NULL to ensure the same queue handle cannot
2865:Middlewares/Third_Party/FreeRTOS/Source/queue.c ****                  * appear in the registry twice if it is added, removed, then
2866:Middlewares/Third_Party/FreeRTOS/Source/queue.c ****                  * added again. */
2867:Middlewares/Third_Party/FreeRTOS/Source/queue.c ****                 xQueueRegistry[ ux ].xHandle = ( QueueHandle_t ) 0;
 3986              		.loc 1 2867 17 is_stmt 1 view .LVU1261
 3987              		.loc 1 2867 46 is_stmt 0 view .LVU1262
 3988 001c C918     		adds	r1, r1, r3
 3989 001e 4A60     		str	r2, [r1, #4]
2868:Middlewares/Third_Party/FreeRTOS/Source/queue.c ****                 break;
 3990              		.loc 1 2868 17 is_stmt 1 view .LVU1263
 3991              	.LVL378:
 3992              	.L416:
 3993              		.loc 1 2868 17 is_stmt 0 view .LVU1264
 3994              	.LBE65:
 3995              	.LBE64:
2869:Middlewares/Third_Party/FreeRTOS/Source/queue.c ****             }
ARM GAS  /tmp/ccMJcgml.s 			page 141


2870:Middlewares/Third_Party/FreeRTOS/Source/queue.c ****             else
2871:Middlewares/Third_Party/FreeRTOS/Source/queue.c ****             {
2872:Middlewares/Third_Party/FreeRTOS/Source/queue.c ****                 mtCOVERAGE_TEST_MARKER();
2873:Middlewares/Third_Party/FreeRTOS/Source/queue.c ****             }
2874:Middlewares/Third_Party/FreeRTOS/Source/queue.c ****         }
2875:Middlewares/Third_Party/FreeRTOS/Source/queue.c ****     } /*lint !e818 xQueue could not be pointer to const because it is a typedef. */
 3996              		.loc 1 2875 5 view .LVU1265
 3997              		@ sp needed
 3998 0020 10BD     		pop	{r4, pc}
 3999              	.LVL379:
 4000              	.L419:
 4001              	.LBB67:
 4002              	.LBB66:
2872:Middlewares/Third_Party/FreeRTOS/Source/queue.c ****             }
 4003              		.loc 1 2872 41 is_stmt 1 view .LVU1266
2857:Middlewares/Third_Party/FreeRTOS/Source/queue.c ****         {
 4004              		.loc 1 2857 89 discriminator 2 view .LVU1267
 4005 0022 0133     		adds	r3, r3, #1
 4006              	.LVL380:
2857:Middlewares/Third_Party/FreeRTOS/Source/queue.c ****         {
 4007              		.loc 1 2857 42 discriminator 1 view .LVU1268
 4008 0024 0832     		adds	r2, r2, #8
 4009 0026 082B     		cmp	r3, #8
 4010 0028 F2D1     		bne	.L421
 4011 002a F9E7     		b	.L416
 4012              	.L424:
 4013              		.align	2
 4014              	.L423:
 4015 002c 00000000 		.word	xQueueRegistry
 4016              	.LBE66:
 4017              	.LBE67:
 4018              		.cfi_endproc
 4019              	.LFE35:
 4021              		.section	.text.vQueueDelete,"ax",%progbits
 4022              		.align	1
 4023              		.global	vQueueDelete
 4024              		.syntax unified
 4025              		.code	16
 4026              		.thumb_func
 4028              	vQueueDelete:
 4029              	.LVL381:
 4030              	.LFB21:
2077:Middlewares/Third_Party/FreeRTOS/Source/queue.c ****     Queue_t * const pxQueue = xQueue;
 4031              		.loc 1 2077 1 view -0
 4032              		.cfi_startproc
 4033              		@ args = 0, pretend = 0, frame = 0
 4034              		@ frame_needed = 0, uses_anonymous_args = 0
2078:Middlewares/Third_Party/FreeRTOS/Source/queue.c **** 
 4035              		.loc 1 2078 5 view .LVU1270
2080:Middlewares/Third_Party/FreeRTOS/Source/queue.c ****     traceQUEUE_DELETE( pxQueue );
 4036              		.loc 1 2080 5 view .LVU1271
2077:Middlewares/Third_Party/FreeRTOS/Source/queue.c ****     Queue_t * const pxQueue = xQueue;
 4037              		.loc 1 2077 1 is_stmt 0 view .LVU1272
 4038 0000 10B5     		push	{r4, lr}
 4039              		.cfi_def_cfa_offset 8
 4040              		.cfi_offset 4, -8
 4041              		.cfi_offset 14, -4
ARM GAS  /tmp/ccMJcgml.s 			page 142


2077:Middlewares/Third_Party/FreeRTOS/Source/queue.c ****     Queue_t * const pxQueue = xQueue;
 4042              		.loc 1 2077 1 view .LVU1273
 4043 0002 041E     		subs	r4, r0, #0
2080:Middlewares/Third_Party/FreeRTOS/Source/queue.c ****     traceQUEUE_DELETE( pxQueue );
 4044              		.loc 1 2080 5 view .LVU1274
 4045 0004 01D1     		bne	.L426
2080:Middlewares/Third_Party/FreeRTOS/Source/queue.c ****     traceQUEUE_DELETE( pxQueue );
 4046              		.loc 1 2080 5 is_stmt 1 discriminator 1 view .LVU1275
 4047              		.syntax divided
 4048              	@ 2080 "Middlewares/Third_Party/FreeRTOS/Source/queue.c" 1
 4049 0006 72B6     		 cpsid i 
 4050              	@ 0 "" 2
 4051              		.thumb
 4052              		.syntax unified
 4053              	.L427:
2080:Middlewares/Third_Party/FreeRTOS/Source/queue.c ****     traceQUEUE_DELETE( pxQueue );
 4054              		.loc 1 2080 5 discriminator 3 view .LVU1276
2080:Middlewares/Third_Party/FreeRTOS/Source/queue.c ****     traceQUEUE_DELETE( pxQueue );
 4055              		.loc 1 2080 5 discriminator 3 view .LVU1277
 4056 0008 FEE7     		b	.L427
 4057              	.L426:
2080:Middlewares/Third_Party/FreeRTOS/Source/queue.c ****     traceQUEUE_DELETE( pxQueue );
 4058              		.loc 1 2080 28 discriminator 2 view .LVU1278
2081:Middlewares/Third_Party/FreeRTOS/Source/queue.c **** 
 4059              		.loc 1 2081 33 view .LVU1279
2085:Middlewares/Third_Party/FreeRTOS/Source/queue.c ****     }
 4060              		.loc 1 2085 9 view .LVU1280
 4061 000a FFF7FEFF 		bl	vQueueUnregisterQueue
 4062              	.LVL382:
2093:Middlewares/Third_Party/FreeRTOS/Source/queue.c ****     }
 4063              		.loc 1 2093 9 view .LVU1281
2115:Middlewares/Third_Party/FreeRTOS/Source/queue.c **** /*-----------------------------------------------------------*/
 4064              		.loc 1 2115 1 is_stmt 0 view .LVU1282
 4065              		@ sp needed
2093:Middlewares/Third_Party/FreeRTOS/Source/queue.c ****     }
 4066              		.loc 1 2093 9 view .LVU1283
 4067 000e 2000     		movs	r0, r4
 4068 0010 FFF7FEFF 		bl	vPortFree
 4069              	.LVL383:
 4070              	.LVL384:
2115:Middlewares/Third_Party/FreeRTOS/Source/queue.c **** /*-----------------------------------------------------------*/
 4071              		.loc 1 2115 1 view .LVU1284
 4072 0014 10BD     		pop	{r4, pc}
 4073              		.cfi_endproc
 4074              	.LFE21:
 4076              		.global	xQueueRegistry
 4077              		.section	.bss.xQueueRegistry,"aw",%nobits
 4078              		.align	2
 4081              	xQueueRegistry:
 4082 0000 00000000 		.space	64
 4082      00000000 
 4082      00000000 
 4082      00000000 
 4082      00000000 
 4083              		.text
 4084              	.Letext0:
 4085              		.file 2 "/usr/lib/gcc/arm-none-eabi/13.2.1/include/stddef.h"
ARM GAS  /tmp/ccMJcgml.s 			page 143


 4086              		.file 3 "/usr/lib/gcc/arm-none-eabi/13.2.1/include/stdint.h"
 4087              		.file 4 "Middlewares/Third_Party/FreeRTOS/Source/portable/GCC/ARM_CM0/portmacro.h"
 4088              		.file 5 "Middlewares/Third_Party/FreeRTOS/Source/include/list.h"
 4089              		.file 6 "Middlewares/Third_Party/FreeRTOS/Source/include/task.h"
 4090              		.file 7 "Middlewares/Third_Party/FreeRTOS/Source/include/queue.h"
 4091              		.file 8 "Middlewares/Third_Party/FreeRTOS/Source/include/portable.h"
 4092              		.file 9 "/usr/include/newlib/string.h"
 4093              		.file 10 "<built-in>"
ARM GAS  /tmp/ccMJcgml.s 			page 144


DEFINED SYMBOLS
                            *ABS*:00000000 queue.c
     /tmp/ccMJcgml.s:19     .text.prvIsQueueEmpty:00000000 $t
     /tmp/ccMJcgml.s:24     .text.prvIsQueueEmpty:00000000 prvIsQueueEmpty
     /tmp/ccMJcgml.s:63     .text.prvCopyDataToQueue:00000000 $t
     /tmp/ccMJcgml.s:68     .text.prvCopyDataToQueue:00000000 prvCopyDataToQueue
     /tmp/ccMJcgml.s:220    .text.prvCopyDataFromQueue:00000000 $t
     /tmp/ccMJcgml.s:225    .text.prvCopyDataFromQueue:00000000 prvCopyDataFromQueue
     /tmp/ccMJcgml.s:280    .text.prvUnlockQueue:00000000 $t
     /tmp/ccMJcgml.s:285    .text.prvUnlockQueue:00000000 prvUnlockQueue
     /tmp/ccMJcgml.s:435    .text.xQueueGenericReset:00000000 $t
     /tmp/ccMJcgml.s:441    .text.xQueueGenericReset:00000000 xQueueGenericReset
     /tmp/ccMJcgml.s:647    .text.xQueueGenericCreate:00000000 $t
     /tmp/ccMJcgml.s:653    .text.xQueueGenericCreate:00000000 xQueueGenericCreate
     /tmp/ccMJcgml.s:816    .text.xQueueGetMutexHolder:00000000 $t
     /tmp/ccMJcgml.s:822    .text.xQueueGetMutexHolder:00000000 xQueueGetMutexHolder
     /tmp/ccMJcgml.s:887    .text.xQueueGetMutexHolderFromISR:00000000 $t
     /tmp/ccMJcgml.s:893    .text.xQueueGetMutexHolderFromISR:00000000 xQueueGetMutexHolderFromISR
     /tmp/ccMJcgml.s:941    .text.xQueueCreateCountingSemaphore:00000000 $t
     /tmp/ccMJcgml.s:947    .text.xQueueCreateCountingSemaphore:00000000 xQueueCreateCountingSemaphore
     /tmp/ccMJcgml.s:1009   .text.xQueueGenericSend:00000000 $t
     /tmp/ccMJcgml.s:1015   .text.xQueueGenericSend:00000000 xQueueGenericSend
     /tmp/ccMJcgml.s:1350   .text.xQueueCreateMutex:00000000 $t
     /tmp/ccMJcgml.s:1356   .text.xQueueCreateMutex:00000000 xQueueCreateMutex
     /tmp/ccMJcgml.s:1425   .text.xQueueGiveMutexRecursive:00000000 $t
     /tmp/ccMJcgml.s:1431   .text.xQueueGiveMutexRecursive:00000000 xQueueGiveMutexRecursive
     /tmp/ccMJcgml.s:1510   .text.xQueueGenericSendFromISR:00000000 $t
     /tmp/ccMJcgml.s:1516   .text.xQueueGenericSendFromISR:00000000 xQueueGenericSendFromISR
     /tmp/ccMJcgml.s:1741   .text.xQueueGiveFromISR:00000000 $t
     /tmp/ccMJcgml.s:1747   .text.xQueueGiveFromISR:00000000 xQueueGiveFromISR
     /tmp/ccMJcgml.s:1967   .text.xQueueReceive:00000000 $t
     /tmp/ccMJcgml.s:1973   .text.xQueueReceive:00000000 xQueueReceive
     /tmp/ccMJcgml.s:2265   .text.xQueueSemaphoreTake:00000000 $t
     /tmp/ccMJcgml.s:2271   .text.xQueueSemaphoreTake:00000000 xQueueSemaphoreTake
     /tmp/ccMJcgml.s:2640   .text.xQueueTakeMutexRecursive:00000000 $t
     /tmp/ccMJcgml.s:2646   .text.xQueueTakeMutexRecursive:00000000 xQueueTakeMutexRecursive
     /tmp/ccMJcgml.s:2730   .text.xQueuePeek:00000000 $t
     /tmp/ccMJcgml.s:2736   .text.xQueuePeek:00000000 xQueuePeek
     /tmp/ccMJcgml.s:3034   .text.xQueueReceiveFromISR:00000000 $t
     /tmp/ccMJcgml.s:3040   .text.xQueueReceiveFromISR:00000000 xQueueReceiveFromISR
     /tmp/ccMJcgml.s:3241   .text.xQueuePeekFromISR:00000000 $t
     /tmp/ccMJcgml.s:3247   .text.xQueuePeekFromISR:00000000 xQueuePeekFromISR
     /tmp/ccMJcgml.s:3384   .text.uxQueueMessagesWaiting:00000000 $t
     /tmp/ccMJcgml.s:3390   .text.uxQueueMessagesWaiting:00000000 uxQueueMessagesWaiting
     /tmp/ccMJcgml.s:3443   .text.uxQueueSpacesAvailable:00000000 $t
     /tmp/ccMJcgml.s:3449   .text.uxQueueSpacesAvailable:00000000 uxQueueSpacesAvailable
     /tmp/ccMJcgml.s:3508   .text.uxQueueMessagesWaitingFromISR:00000000 $t
     /tmp/ccMJcgml.s:3514   .text.uxQueueMessagesWaitingFromISR:00000000 uxQueueMessagesWaitingFromISR
     /tmp/ccMJcgml.s:3552   .text.uxQueueGetQueueNumber:00000000 $t
     /tmp/ccMJcgml.s:3558   .text.uxQueueGetQueueNumber:00000000 uxQueueGetQueueNumber
     /tmp/ccMJcgml.s:3577   .text.vQueueSetQueueNumber:00000000 $t
     /tmp/ccMJcgml.s:3583   .text.vQueueSetQueueNumber:00000000 vQueueSetQueueNumber
     /tmp/ccMJcgml.s:3601   .text.ucQueueGetQueueType:00000000 $t
     /tmp/ccMJcgml.s:3607   .text.ucQueueGetQueueType:00000000 ucQueueGetQueueType
     /tmp/ccMJcgml.s:3629   .text.xQueueIsQueueEmptyFromISR:00000000 $t
     /tmp/ccMJcgml.s:3635   .text.xQueueIsQueueEmptyFromISR:00000000 xQueueIsQueueEmptyFromISR
     /tmp/ccMJcgml.s:3678   .text.xQueueIsQueueFullFromISR:00000000 $t
ARM GAS  /tmp/ccMJcgml.s 			page 145


     /tmp/ccMJcgml.s:3684   .text.xQueueIsQueueFullFromISR:00000000 xQueueIsQueueFullFromISR
     /tmp/ccMJcgml.s:3733   .text.vQueueAddToRegistry:00000000 $t
     /tmp/ccMJcgml.s:3739   .text.vQueueAddToRegistry:00000000 vQueueAddToRegistry
     /tmp/ccMJcgml.s:3843   .text.vQueueAddToRegistry:00000040 $d
     /tmp/ccMJcgml.s:4081   .bss.xQueueRegistry:00000000 xQueueRegistry
     /tmp/ccMJcgml.s:3848   .text.pcQueueGetName:00000000 $t
     /tmp/ccMJcgml.s:3854   .text.pcQueueGetName:00000000 pcQueueGetName
     /tmp/ccMJcgml.s:3926   .text.pcQueueGetName:00000028 $d
     /tmp/ccMJcgml.s:3931   .text.vQueueUnregisterQueue:00000000 $t
     /tmp/ccMJcgml.s:3937   .text.vQueueUnregisterQueue:00000000 vQueueUnregisterQueue
     /tmp/ccMJcgml.s:4015   .text.vQueueUnregisterQueue:0000002c $d
     /tmp/ccMJcgml.s:4022   .text.vQueueDelete:00000000 $t
     /tmp/ccMJcgml.s:4028   .text.vQueueDelete:00000000 vQueueDelete
     /tmp/ccMJcgml.s:4078   .bss.xQueueRegistry:00000000 $d
                           .group:00000000 wm4.0.1a22b6a18e233ac4483d4e03a6014323
                           .group:00000000 wm4.ieeefp.h.77.fbf6f2f498a71d39a0aaf172d6680419
                           .group:00000000 wm4._newlib_version.h.4.411db44ea2338a62eca2f0777f81481b
                           .group:00000000 wm4.newlib.h.27.07bf1b8b16da454ae07478107717878b
                           .group:00000000 wm4.features.h.22.4e5514d51694f64cae235f84d9e565a5
                           .group:00000000 wm4.config.h.224.10ee1ad185d877c6e334e6581faab44d
                           .group:00000000 wm4._ansi.h.31.de524f58584151836e90d8620a16f8e8
                           .group:00000000 wm4.stdlib.h.13.4ed386f5c1a80d71e72172885d946ef2
                           .group:00000000 wm4.stddef.h.185.882514a1a6169ceba9142f401cbe27c6
                           .group:00000000 wm4.stddef.h.39.794fa375de48dda278c4aebb5c74aa5b
                           .group:00000000 wm4._default_types.h.6.959254cf5f09734ea7516c89e8bb21bd
                           .group:00000000 wm4.cdefs.h.49.70fc7af612f78ddcace70fdd90b5623b
                           .group:00000000 wm4._types.h.20.dd0d04dca3800a0d2a6129b87f3adbb2
                           .group:00000000 wm4.stddef.h.158.6f8e08a347b1cff664332fa350bfceb3
                           .group:00000000 wm4._types.h.127.3bdfe3ff8ea2d0985b03d9cbe93480e3
                           .group:00000000 wm4.reent.h.18.25503cdc8b7e55dd0d6ea7b3e5af7a03
                           .group:00000000 wm4.lock.h.2.c0958401bd0ce484d507ee19aacab817
                           .group:00000000 wm4.reent.h.78.7f0775353a33c852a1479c008f68cd03
                           .group:00000000 wm4.alloca.h.8.dfc0c703c47ec3e69746825b17d9e66d
                           .group:00000000 wm4.stdlib.h.56.f4862cfbf4363a1db01842d5bdf72c18
                           .group:00000000 wm4.string.h.8.c4b8571ce60dff2817f43fec8b86aecd
                           .group:00000000 wm4.stddef.h.158.eec8bf00b5213f43d095cb984c5f22e3
                           .group:00000000 wm4.stdint.h.29.6d480f4ba0f60596e88234283d42444f
                           .group:00000000 wm4.FreeRTOSConfig.h.32.9352e1c5224006a3fc75b3210867df58
                           .group:00000000 wm4.projdefs.h.30.0702c8e11543ad65b967f8cb76fed320
                           .group:00000000 wm4.portmacro.h.31.843369dbea38d7b2939e41be1fb06b1d
                           .group:00000000 wm4.portable.h.61.be9f7fc94043ef4a5a9b3e0aa96123ec
                           .group:00000000 wm4.mpu_wrappers.h.30.2bb66a1a6b51d1b3041641542d3e6c66
                           .group:00000000 wm4.portable.h.187.30f79afec3fd80e5ecc03308b5b7a82e
                           .group:00000000 wm4.FreeRTOS.h.69.ef4231dbc21c19467c5dad60410d71fc
                           .group:00000000 wm4.list.h.59.331af9c13784c3bf1b9fce5389c35037
                           .group:00000000 wm4.task.h.56.1d19fc4e1b188ff758d8adc55348144a
                           .group:00000000 wm4.queue.h.68.5328339e8c711a3a9331f04997298fb5

UNDEFINED SYMBOLS
vPortEnterCritical
vPortExitCritical
xTaskPriorityDisinherit
memcpy
xTaskRemoveFromEventList
vTaskMissedYield
vPortYield
vListInitialise
ARM GAS  /tmp/ccMJcgml.s 			page 146


pvPortMalloc
xTaskGetSchedulerState
vTaskInternalSetTimeOutState
vTaskSuspendAll
xTaskCheckForTimeOut
vTaskPlaceOnEventList
xTaskResumeAll
xTaskGetCurrentTaskHandle
ulSetInterruptMaskFromISR
vClearInterruptMaskFromISR
uxTaskGetNumberOfTasks
pvTaskIncrementMutexHeldCount
xTaskPriorityInherit
vTaskPriorityDisinheritAfterTimeout
vPortFree
