ARM GAS  /tmp/ccTWZgXF.s 			page 1


   1              		.cpu cortex-m0plus
   2              		.arch armv6s-m
   3              		.fpu softvfp
   4              		.eabi_attribute 20, 1
   5              		.eabi_attribute 21, 1
   6              		.eabi_attribute 23, 3
   7              		.eabi_attribute 24, 1
   8              		.eabi_attribute 25, 1
   9              		.eabi_attribute 26, 1
  10              		.eabi_attribute 30, 4
  11              		.eabi_attribute 34, 0
  12              		.eabi_attribute 18, 4
  13              		.file	"stream_buffer.c"
  14              		.text
  15              	.Ltext0:
  16              		.cfi_sections	.debug_frame
  17              		.file 1 "Middlewares/Third_Party/FreeRTOS/Source/stream_buffer.c"
  18              		.section	.text.prvBytesInBuffer,"ax",%progbits
  19              		.align	1
  20              		.syntax unified
  21              		.code	16
  22              		.thumb_func
  24              	prvBytesInBuffer:
  25              	.LVL0:
  26              	.LFB19:
   1:Middlewares/Third_Party/FreeRTOS/Source/stream_buffer.c **** /*
   2:Middlewares/Third_Party/FreeRTOS/Source/stream_buffer.c ****  * FreeRTOS Kernel V10.5.1
   3:Middlewares/Third_Party/FreeRTOS/Source/stream_buffer.c ****  * Copyright (C) 2021 Amazon.com, Inc. or its affiliates.  All Rights Reserved.
   4:Middlewares/Third_Party/FreeRTOS/Source/stream_buffer.c ****  *
   5:Middlewares/Third_Party/FreeRTOS/Source/stream_buffer.c ****  * SPDX-License-Identifier: MIT
   6:Middlewares/Third_Party/FreeRTOS/Source/stream_buffer.c ****  *
   7:Middlewares/Third_Party/FreeRTOS/Source/stream_buffer.c ****  * Permission is hereby granted, free of charge, to any person obtaining a copy of
   8:Middlewares/Third_Party/FreeRTOS/Source/stream_buffer.c ****  * this software and associated documentation files (the "Software"), to deal in
   9:Middlewares/Third_Party/FreeRTOS/Source/stream_buffer.c ****  * the Software without restriction, including without limitation the rights to
  10:Middlewares/Third_Party/FreeRTOS/Source/stream_buffer.c ****  * use, copy, modify, merge, publish, distribute, sublicense, and/or sell copies of
  11:Middlewares/Third_Party/FreeRTOS/Source/stream_buffer.c ****  * the Software, and to permit persons to whom the Software is furnished to do so,
  12:Middlewares/Third_Party/FreeRTOS/Source/stream_buffer.c ****  * subject to the following conditions:
  13:Middlewares/Third_Party/FreeRTOS/Source/stream_buffer.c ****  *
  14:Middlewares/Third_Party/FreeRTOS/Source/stream_buffer.c ****  * The above copyright notice and this permission notice shall be included in all
  15:Middlewares/Third_Party/FreeRTOS/Source/stream_buffer.c ****  * copies or substantial portions of the Software.
  16:Middlewares/Third_Party/FreeRTOS/Source/stream_buffer.c ****  *
  17:Middlewares/Third_Party/FreeRTOS/Source/stream_buffer.c ****  * THE SOFTWARE IS PROVIDED "AS IS", WITHOUT WARRANTY OF ANY KIND, EXPRESS OR
  18:Middlewares/Third_Party/FreeRTOS/Source/stream_buffer.c ****  * IMPLIED, INCLUDING BUT NOT LIMITED TO THE WARRANTIES OF MERCHANTABILITY, FITNESS
  19:Middlewares/Third_Party/FreeRTOS/Source/stream_buffer.c ****  * FOR A PARTICULAR PURPOSE AND NONINFRINGEMENT. IN NO EVENT SHALL THE AUTHORS OR
  20:Middlewares/Third_Party/FreeRTOS/Source/stream_buffer.c ****  * COPYRIGHT HOLDERS BE LIABLE FOR ANY CLAIM, DAMAGES OR OTHER LIABILITY, WHETHER
  21:Middlewares/Third_Party/FreeRTOS/Source/stream_buffer.c ****  * IN AN ACTION OF CONTRACT, TORT OR OTHERWISE, ARISING FROM, OUT OF OR IN
  22:Middlewares/Third_Party/FreeRTOS/Source/stream_buffer.c ****  * CONNECTION WITH THE SOFTWARE OR THE USE OR OTHER DEALINGS IN THE SOFTWARE.
  23:Middlewares/Third_Party/FreeRTOS/Source/stream_buffer.c ****  *
  24:Middlewares/Third_Party/FreeRTOS/Source/stream_buffer.c ****  * https://www.FreeRTOS.org
  25:Middlewares/Third_Party/FreeRTOS/Source/stream_buffer.c ****  * https://github.com/FreeRTOS
  26:Middlewares/Third_Party/FreeRTOS/Source/stream_buffer.c ****  *
  27:Middlewares/Third_Party/FreeRTOS/Source/stream_buffer.c ****  */
  28:Middlewares/Third_Party/FreeRTOS/Source/stream_buffer.c **** 
  29:Middlewares/Third_Party/FreeRTOS/Source/stream_buffer.c **** /* Standard includes. */
  30:Middlewares/Third_Party/FreeRTOS/Source/stream_buffer.c **** #include <stdint.h>
  31:Middlewares/Third_Party/FreeRTOS/Source/stream_buffer.c **** #include <string.h>
  32:Middlewares/Third_Party/FreeRTOS/Source/stream_buffer.c **** 
ARM GAS  /tmp/ccTWZgXF.s 			page 2


  33:Middlewares/Third_Party/FreeRTOS/Source/stream_buffer.c **** /* Defining MPU_WRAPPERS_INCLUDED_FROM_API_FILE prevents task.h from redefining
  34:Middlewares/Third_Party/FreeRTOS/Source/stream_buffer.c ****  * all the API functions to use the MPU wrappers.  That should only be done when
  35:Middlewares/Third_Party/FreeRTOS/Source/stream_buffer.c ****  * task.h is included from an application file. */
  36:Middlewares/Third_Party/FreeRTOS/Source/stream_buffer.c **** #define MPU_WRAPPERS_INCLUDED_FROM_API_FILE
  37:Middlewares/Third_Party/FreeRTOS/Source/stream_buffer.c **** 
  38:Middlewares/Third_Party/FreeRTOS/Source/stream_buffer.c **** /* FreeRTOS includes. */
  39:Middlewares/Third_Party/FreeRTOS/Source/stream_buffer.c **** #include "FreeRTOS.h"
  40:Middlewares/Third_Party/FreeRTOS/Source/stream_buffer.c **** #include "task.h"
  41:Middlewares/Third_Party/FreeRTOS/Source/stream_buffer.c **** #include "stream_buffer.h"
  42:Middlewares/Third_Party/FreeRTOS/Source/stream_buffer.c **** 
  43:Middlewares/Third_Party/FreeRTOS/Source/stream_buffer.c **** #if ( configUSE_TASK_NOTIFICATIONS != 1 )
  44:Middlewares/Third_Party/FreeRTOS/Source/stream_buffer.c ****     #error configUSE_TASK_NOTIFICATIONS must be set to 1 to build stream_buffer.c
  45:Middlewares/Third_Party/FreeRTOS/Source/stream_buffer.c **** #endif
  46:Middlewares/Third_Party/FreeRTOS/Source/stream_buffer.c **** 
  47:Middlewares/Third_Party/FreeRTOS/Source/stream_buffer.c **** #if ( INCLUDE_xTaskGetCurrentTaskHandle != 1 )
  48:Middlewares/Third_Party/FreeRTOS/Source/stream_buffer.c ****     #error INCLUDE_xTaskGetCurrentTaskHandle must be set to 1 to build stream_buffer.c
  49:Middlewares/Third_Party/FreeRTOS/Source/stream_buffer.c **** #endif
  50:Middlewares/Third_Party/FreeRTOS/Source/stream_buffer.c **** 
  51:Middlewares/Third_Party/FreeRTOS/Source/stream_buffer.c **** /* Lint e961, e9021 and e750 are suppressed as a MISRA exception justified
  52:Middlewares/Third_Party/FreeRTOS/Source/stream_buffer.c ****  * because the MPU ports require MPU_WRAPPERS_INCLUDED_FROM_API_FILE to be defined
  53:Middlewares/Third_Party/FreeRTOS/Source/stream_buffer.c ****  * for the header files above, but not in this file, in order to generate the
  54:Middlewares/Third_Party/FreeRTOS/Source/stream_buffer.c ****  * correct privileged Vs unprivileged linkage and placement. */
  55:Middlewares/Third_Party/FreeRTOS/Source/stream_buffer.c **** #undef MPU_WRAPPERS_INCLUDED_FROM_API_FILE /*lint !e961 !e750 !e9021. */
  56:Middlewares/Third_Party/FreeRTOS/Source/stream_buffer.c **** 
  57:Middlewares/Third_Party/FreeRTOS/Source/stream_buffer.c **** /* If the user has not provided application specific Rx notification macros,
  58:Middlewares/Third_Party/FreeRTOS/Source/stream_buffer.c ****  * or #defined the notification macros away, then provide default implementations
  59:Middlewares/Third_Party/FreeRTOS/Source/stream_buffer.c ****  * that uses task notifications. */
  60:Middlewares/Third_Party/FreeRTOS/Source/stream_buffer.c **** /*lint -save -e9026 Function like macros allowed and needed here so they can be overridden. */
  61:Middlewares/Third_Party/FreeRTOS/Source/stream_buffer.c **** #ifndef sbRECEIVE_COMPLETED
  62:Middlewares/Third_Party/FreeRTOS/Source/stream_buffer.c ****     #define sbRECEIVE_COMPLETED( pxStreamBuffer )                         \
  63:Middlewares/Third_Party/FreeRTOS/Source/stream_buffer.c ****     vTaskSuspendAll();                                                    \
  64:Middlewares/Third_Party/FreeRTOS/Source/stream_buffer.c ****     {                                                                     \
  65:Middlewares/Third_Party/FreeRTOS/Source/stream_buffer.c ****         if( ( pxStreamBuffer )->xTaskWaitingToSend != NULL )              \
  66:Middlewares/Third_Party/FreeRTOS/Source/stream_buffer.c ****         {                                                                 \
  67:Middlewares/Third_Party/FreeRTOS/Source/stream_buffer.c ****             ( void ) xTaskNotify( ( pxStreamBuffer )->xTaskWaitingToSend, \
  68:Middlewares/Third_Party/FreeRTOS/Source/stream_buffer.c ****                                   ( uint32_t ) 0,                         \
  69:Middlewares/Third_Party/FreeRTOS/Source/stream_buffer.c ****                                   eNoAction );                            \
  70:Middlewares/Third_Party/FreeRTOS/Source/stream_buffer.c ****             ( pxStreamBuffer )->xTaskWaitingToSend = NULL;                \
  71:Middlewares/Third_Party/FreeRTOS/Source/stream_buffer.c ****         }                                                                 \
  72:Middlewares/Third_Party/FreeRTOS/Source/stream_buffer.c ****     }                                                                     \
  73:Middlewares/Third_Party/FreeRTOS/Source/stream_buffer.c ****     ( void ) xTaskResumeAll();
  74:Middlewares/Third_Party/FreeRTOS/Source/stream_buffer.c **** #endif /* sbRECEIVE_COMPLETED */
  75:Middlewares/Third_Party/FreeRTOS/Source/stream_buffer.c **** 
  76:Middlewares/Third_Party/FreeRTOS/Source/stream_buffer.c **** /* If user has provided a per-instance receive complete callback, then
  77:Middlewares/Third_Party/FreeRTOS/Source/stream_buffer.c ****  * invoke the callback else use the receive complete macro which is provided by default for all ins
  78:Middlewares/Third_Party/FreeRTOS/Source/stream_buffer.c ****  */
  79:Middlewares/Third_Party/FreeRTOS/Source/stream_buffer.c **** #if ( configUSE_SB_COMPLETED_CALLBACK == 1 )
  80:Middlewares/Third_Party/FreeRTOS/Source/stream_buffer.c ****     #define prvRECEIVE_COMPLETED( pxStreamBuffer )                                               \
  81:Middlewares/Third_Party/FreeRTOS/Source/stream_buffer.c ****     {                                                                                            \
  82:Middlewares/Third_Party/FreeRTOS/Source/stream_buffer.c ****         if( ( pxStreamBuffer )->pxReceiveCompletedCallback != NULL )                             \
  83:Middlewares/Third_Party/FreeRTOS/Source/stream_buffer.c ****         {                                                                                        \
  84:Middlewares/Third_Party/FreeRTOS/Source/stream_buffer.c ****             ( pxStreamBuffer )->pxReceiveCompletedCallback( ( pxStreamBuffer ), pdFALSE, NULL ); \
  85:Middlewares/Third_Party/FreeRTOS/Source/stream_buffer.c ****         }                                                                                        \
  86:Middlewares/Third_Party/FreeRTOS/Source/stream_buffer.c ****         else                                                                                     \
  87:Middlewares/Third_Party/FreeRTOS/Source/stream_buffer.c ****         {                                                                                        \
  88:Middlewares/Third_Party/FreeRTOS/Source/stream_buffer.c ****             sbRECEIVE_COMPLETED( ( pxStreamBuffer ) );                                           \
  89:Middlewares/Third_Party/FreeRTOS/Source/stream_buffer.c ****         }                                                                                        \
ARM GAS  /tmp/ccTWZgXF.s 			page 3


  90:Middlewares/Third_Party/FreeRTOS/Source/stream_buffer.c ****     }
  91:Middlewares/Third_Party/FreeRTOS/Source/stream_buffer.c **** #else /* if ( configUSE_SB_COMPLETED_CALLBACK == 1 ) */
  92:Middlewares/Third_Party/FreeRTOS/Source/stream_buffer.c ****     #define prvRECEIVE_COMPLETED( pxStreamBuffer )    sbRECEIVE_COMPLETED( ( pxStreamBuffer ) )
  93:Middlewares/Third_Party/FreeRTOS/Source/stream_buffer.c **** #endif /* if ( configUSE_SB_COMPLETED_CALLBACK == 1 ) */
  94:Middlewares/Third_Party/FreeRTOS/Source/stream_buffer.c **** 
  95:Middlewares/Third_Party/FreeRTOS/Source/stream_buffer.c **** #ifndef sbRECEIVE_COMPLETED_FROM_ISR
  96:Middlewares/Third_Party/FreeRTOS/Source/stream_buffer.c ****     #define sbRECEIVE_COMPLETED_FROM_ISR( pxStreamBuffer,                            \
  97:Middlewares/Third_Party/FreeRTOS/Source/stream_buffer.c ****                                           pxHigherPriorityTaskWoken )                \
  98:Middlewares/Third_Party/FreeRTOS/Source/stream_buffer.c ****     {                                                                                \
  99:Middlewares/Third_Party/FreeRTOS/Source/stream_buffer.c ****         UBaseType_t uxSavedInterruptStatus;                                          \
 100:Middlewares/Third_Party/FreeRTOS/Source/stream_buffer.c ****                                                                                      \
 101:Middlewares/Third_Party/FreeRTOS/Source/stream_buffer.c ****         uxSavedInterruptStatus = ( UBaseType_t ) portSET_INTERRUPT_MASK_FROM_ISR();  \
 102:Middlewares/Third_Party/FreeRTOS/Source/stream_buffer.c ****         {                                                                            \
 103:Middlewares/Third_Party/FreeRTOS/Source/stream_buffer.c ****             if( ( pxStreamBuffer )->xTaskWaitingToSend != NULL )                     \
 104:Middlewares/Third_Party/FreeRTOS/Source/stream_buffer.c ****             {                                                                        \
 105:Middlewares/Third_Party/FreeRTOS/Source/stream_buffer.c ****                 ( void ) xTaskNotifyFromISR( ( pxStreamBuffer )->xTaskWaitingToSend, \
 106:Middlewares/Third_Party/FreeRTOS/Source/stream_buffer.c ****                                              ( uint32_t ) 0,                         \
 107:Middlewares/Third_Party/FreeRTOS/Source/stream_buffer.c ****                                              eNoAction,                              \
 108:Middlewares/Third_Party/FreeRTOS/Source/stream_buffer.c ****                                              ( pxHigherPriorityTaskWoken ) );        \
 109:Middlewares/Third_Party/FreeRTOS/Source/stream_buffer.c ****                 ( pxStreamBuffer )->xTaskWaitingToSend = NULL;                       \
 110:Middlewares/Third_Party/FreeRTOS/Source/stream_buffer.c ****             }                                                                        \
 111:Middlewares/Third_Party/FreeRTOS/Source/stream_buffer.c ****         }                                                                            \
 112:Middlewares/Third_Party/FreeRTOS/Source/stream_buffer.c ****         portCLEAR_INTERRUPT_MASK_FROM_ISR( uxSavedInterruptStatus );                 \
 113:Middlewares/Third_Party/FreeRTOS/Source/stream_buffer.c ****     }
 114:Middlewares/Third_Party/FreeRTOS/Source/stream_buffer.c **** #endif /* sbRECEIVE_COMPLETED_FROM_ISR */
 115:Middlewares/Third_Party/FreeRTOS/Source/stream_buffer.c **** 
 116:Middlewares/Third_Party/FreeRTOS/Source/stream_buffer.c **** #if ( configUSE_SB_COMPLETED_CALLBACK == 1 )
 117:Middlewares/Third_Party/FreeRTOS/Source/stream_buffer.c ****     #define prvRECEIVE_COMPLETED_FROM_ISR( pxStreamBuffer,                                         
 118:Middlewares/Third_Party/FreeRTOS/Source/stream_buffer.c ****                                            pxHigherPriorityTaskWoken )                             
 119:Middlewares/Third_Party/FreeRTOS/Source/stream_buffer.c ****     {                                                                                              
 120:Middlewares/Third_Party/FreeRTOS/Source/stream_buffer.c ****         if( ( pxStreamBuffer )->pxReceiveCompletedCallback != NULL )                               
 121:Middlewares/Third_Party/FreeRTOS/Source/stream_buffer.c ****         {                                                                                          
 122:Middlewares/Third_Party/FreeRTOS/Source/stream_buffer.c ****             ( pxStreamBuffer )->pxReceiveCompletedCallback( ( pxStreamBuffer ), pdTRUE, ( pxHigherP
 123:Middlewares/Third_Party/FreeRTOS/Source/stream_buffer.c ****         }                                                                                          
 124:Middlewares/Third_Party/FreeRTOS/Source/stream_buffer.c ****         else                                                                                       
 125:Middlewares/Third_Party/FreeRTOS/Source/stream_buffer.c ****         {                                                                                          
 126:Middlewares/Third_Party/FreeRTOS/Source/stream_buffer.c ****             sbRECEIVE_COMPLETED_FROM_ISR( ( pxStreamBuffer ), ( pxHigherPriorityTaskWoken ) );     
 127:Middlewares/Third_Party/FreeRTOS/Source/stream_buffer.c ****         }                                                                                          
 128:Middlewares/Third_Party/FreeRTOS/Source/stream_buffer.c ****     }
 129:Middlewares/Third_Party/FreeRTOS/Source/stream_buffer.c **** #else /* if ( configUSE_SB_COMPLETED_CALLBACK == 1 ) */
 130:Middlewares/Third_Party/FreeRTOS/Source/stream_buffer.c ****     #define prvRECEIVE_COMPLETED_FROM_ISR( pxStreamBuffer, pxHigherPriorityTaskWoken ) \
 131:Middlewares/Third_Party/FreeRTOS/Source/stream_buffer.c ****     sbRECEIVE_COMPLETED_FROM_ISR( ( pxStreamBuffer ), ( pxHigherPriorityTaskWoken ) )
 132:Middlewares/Third_Party/FreeRTOS/Source/stream_buffer.c **** #endif /* if ( configUSE_SB_COMPLETED_CALLBACK == 1 ) */
 133:Middlewares/Third_Party/FreeRTOS/Source/stream_buffer.c **** 
 134:Middlewares/Third_Party/FreeRTOS/Source/stream_buffer.c **** /* If the user has not provided an application specific Tx notification macro,
 135:Middlewares/Third_Party/FreeRTOS/Source/stream_buffer.c ****  * or #defined the notification macro away, then provide a default
 136:Middlewares/Third_Party/FreeRTOS/Source/stream_buffer.c ****  * implementation that uses task notifications.
 137:Middlewares/Third_Party/FreeRTOS/Source/stream_buffer.c ****  */
 138:Middlewares/Third_Party/FreeRTOS/Source/stream_buffer.c **** #ifndef sbSEND_COMPLETED
 139:Middlewares/Third_Party/FreeRTOS/Source/stream_buffer.c ****     #define sbSEND_COMPLETED( pxStreamBuffer )                               \
 140:Middlewares/Third_Party/FreeRTOS/Source/stream_buffer.c ****     vTaskSuspendAll();                                                       \
 141:Middlewares/Third_Party/FreeRTOS/Source/stream_buffer.c ****     {                                                                        \
 142:Middlewares/Third_Party/FreeRTOS/Source/stream_buffer.c ****         if( ( pxStreamBuffer )->xTaskWaitingToReceive != NULL )              \
 143:Middlewares/Third_Party/FreeRTOS/Source/stream_buffer.c ****         {                                                                    \
 144:Middlewares/Third_Party/FreeRTOS/Source/stream_buffer.c ****             ( void ) xTaskNotify( ( pxStreamBuffer )->xTaskWaitingToReceive, \
 145:Middlewares/Third_Party/FreeRTOS/Source/stream_buffer.c ****                                   ( uint32_t ) 0,                            \
 146:Middlewares/Third_Party/FreeRTOS/Source/stream_buffer.c ****                                   eNoAction );                               \
ARM GAS  /tmp/ccTWZgXF.s 			page 4


 147:Middlewares/Third_Party/FreeRTOS/Source/stream_buffer.c ****             ( pxStreamBuffer )->xTaskWaitingToReceive = NULL;                \
 148:Middlewares/Third_Party/FreeRTOS/Source/stream_buffer.c ****         }                                                                    \
 149:Middlewares/Third_Party/FreeRTOS/Source/stream_buffer.c ****     }                                                                        \
 150:Middlewares/Third_Party/FreeRTOS/Source/stream_buffer.c ****     ( void ) xTaskResumeAll();
 151:Middlewares/Third_Party/FreeRTOS/Source/stream_buffer.c **** #endif /* sbSEND_COMPLETED */
 152:Middlewares/Third_Party/FreeRTOS/Source/stream_buffer.c **** 
 153:Middlewares/Third_Party/FreeRTOS/Source/stream_buffer.c **** /* If user has provided a per-instance send completed callback, then
 154:Middlewares/Third_Party/FreeRTOS/Source/stream_buffer.c ****  * invoke the callback else use the send complete macro which is provided by default for all instan
 155:Middlewares/Third_Party/FreeRTOS/Source/stream_buffer.c ****  */
 156:Middlewares/Third_Party/FreeRTOS/Source/stream_buffer.c **** #if ( configUSE_SB_COMPLETED_CALLBACK == 1 )
 157:Middlewares/Third_Party/FreeRTOS/Source/stream_buffer.c ****     #define prvSEND_COMPLETED( pxStreamBuffer )                                           \
 158:Middlewares/Third_Party/FreeRTOS/Source/stream_buffer.c ****     {                                                                                     \
 159:Middlewares/Third_Party/FreeRTOS/Source/stream_buffer.c ****         if( ( pxStreamBuffer )->pxSendCompletedCallback != NULL )                         \
 160:Middlewares/Third_Party/FreeRTOS/Source/stream_buffer.c ****         {                                                                                 \
 161:Middlewares/Third_Party/FreeRTOS/Source/stream_buffer.c ****             pxStreamBuffer->pxSendCompletedCallback( ( pxStreamBuffer ), pdFALSE, NULL ); \
 162:Middlewares/Third_Party/FreeRTOS/Source/stream_buffer.c ****         }                                                                                 \
 163:Middlewares/Third_Party/FreeRTOS/Source/stream_buffer.c ****         else                                                                              \
 164:Middlewares/Third_Party/FreeRTOS/Source/stream_buffer.c ****         {                                                                                 \
 165:Middlewares/Third_Party/FreeRTOS/Source/stream_buffer.c ****             sbSEND_COMPLETED( ( pxStreamBuffer ) );                                       \
 166:Middlewares/Third_Party/FreeRTOS/Source/stream_buffer.c ****         }                                                                                 \
 167:Middlewares/Third_Party/FreeRTOS/Source/stream_buffer.c ****     }
 168:Middlewares/Third_Party/FreeRTOS/Source/stream_buffer.c **** #else /* if ( configUSE_SB_COMPLETED_CALLBACK == 1 ) */
 169:Middlewares/Third_Party/FreeRTOS/Source/stream_buffer.c ****     #define prvSEND_COMPLETED( pxStreamBuffer )    sbSEND_COMPLETED( ( pxStreamBuffer ) )
 170:Middlewares/Third_Party/FreeRTOS/Source/stream_buffer.c **** #endif /* if ( configUSE_SB_COMPLETED_CALLBACK == 1 ) */
 171:Middlewares/Third_Party/FreeRTOS/Source/stream_buffer.c **** 
 172:Middlewares/Third_Party/FreeRTOS/Source/stream_buffer.c **** 
 173:Middlewares/Third_Party/FreeRTOS/Source/stream_buffer.c **** #ifndef sbSEND_COMPLETE_FROM_ISR
 174:Middlewares/Third_Party/FreeRTOS/Source/stream_buffer.c ****     #define sbSEND_COMPLETE_FROM_ISR( pxStreamBuffer, pxHigherPriorityTaskWoken )       \
 175:Middlewares/Third_Party/FreeRTOS/Source/stream_buffer.c ****     {                                                                                   \
 176:Middlewares/Third_Party/FreeRTOS/Source/stream_buffer.c ****         UBaseType_t uxSavedInterruptStatus;                                             \
 177:Middlewares/Third_Party/FreeRTOS/Source/stream_buffer.c ****                                                                                         \
 178:Middlewares/Third_Party/FreeRTOS/Source/stream_buffer.c ****         uxSavedInterruptStatus = ( UBaseType_t ) portSET_INTERRUPT_MASK_FROM_ISR();     \
 179:Middlewares/Third_Party/FreeRTOS/Source/stream_buffer.c ****         {                                                                               \
 180:Middlewares/Third_Party/FreeRTOS/Source/stream_buffer.c ****             if( ( pxStreamBuffer )->xTaskWaitingToReceive != NULL )                     \
 181:Middlewares/Third_Party/FreeRTOS/Source/stream_buffer.c ****             {                                                                           \
 182:Middlewares/Third_Party/FreeRTOS/Source/stream_buffer.c ****                 ( void ) xTaskNotifyFromISR( ( pxStreamBuffer )->xTaskWaitingToReceive, \
 183:Middlewares/Third_Party/FreeRTOS/Source/stream_buffer.c ****                                              ( uint32_t ) 0,                            \
 184:Middlewares/Third_Party/FreeRTOS/Source/stream_buffer.c ****                                              eNoAction,                                 \
 185:Middlewares/Third_Party/FreeRTOS/Source/stream_buffer.c ****                                              ( pxHigherPriorityTaskWoken ) );           \
 186:Middlewares/Third_Party/FreeRTOS/Source/stream_buffer.c ****                 ( pxStreamBuffer )->xTaskWaitingToReceive = NULL;                       \
 187:Middlewares/Third_Party/FreeRTOS/Source/stream_buffer.c ****             }                                                                           \
 188:Middlewares/Third_Party/FreeRTOS/Source/stream_buffer.c ****         }                                                                               \
 189:Middlewares/Third_Party/FreeRTOS/Source/stream_buffer.c ****         portCLEAR_INTERRUPT_MASK_FROM_ISR( uxSavedInterruptStatus );                    \
 190:Middlewares/Third_Party/FreeRTOS/Source/stream_buffer.c ****     }
 191:Middlewares/Third_Party/FreeRTOS/Source/stream_buffer.c **** #endif /* sbSEND_COMPLETE_FROM_ISR */
 192:Middlewares/Third_Party/FreeRTOS/Source/stream_buffer.c **** 
 193:Middlewares/Third_Party/FreeRTOS/Source/stream_buffer.c **** 
 194:Middlewares/Third_Party/FreeRTOS/Source/stream_buffer.c **** #if ( configUSE_SB_COMPLETED_CALLBACK == 1 )
 195:Middlewares/Third_Party/FreeRTOS/Source/stream_buffer.c ****     #define prvSEND_COMPLETE_FROM_ISR( pxStreamBuffer, pxHigherPriorityTaskWoken )                 
 196:Middlewares/Third_Party/FreeRTOS/Source/stream_buffer.c ****     {                                                                                              
 197:Middlewares/Third_Party/FreeRTOS/Source/stream_buffer.c ****         if( ( pxStreamBuffer )->pxSendCompletedCallback != NULL )                                  
 198:Middlewares/Third_Party/FreeRTOS/Source/stream_buffer.c ****         {                                                                                          
 199:Middlewares/Third_Party/FreeRTOS/Source/stream_buffer.c ****             ( pxStreamBuffer )->pxSendCompletedCallback( ( pxStreamBuffer ), pdTRUE, ( pxHigherPrio
 200:Middlewares/Third_Party/FreeRTOS/Source/stream_buffer.c ****         }                                                                                          
 201:Middlewares/Third_Party/FreeRTOS/Source/stream_buffer.c ****         else                                                                                       
 202:Middlewares/Third_Party/FreeRTOS/Source/stream_buffer.c ****         {                                                                                          
 203:Middlewares/Third_Party/FreeRTOS/Source/stream_buffer.c ****             sbSEND_COMPLETE_FROM_ISR( ( pxStreamBuffer ), ( pxHigherPriorityTaskWoken ) );         
ARM GAS  /tmp/ccTWZgXF.s 			page 5


 204:Middlewares/Third_Party/FreeRTOS/Source/stream_buffer.c ****         }                                                                                          
 205:Middlewares/Third_Party/FreeRTOS/Source/stream_buffer.c ****     }
 206:Middlewares/Third_Party/FreeRTOS/Source/stream_buffer.c **** #else /* if ( configUSE_SB_COMPLETED_CALLBACK == 1 ) */
 207:Middlewares/Third_Party/FreeRTOS/Source/stream_buffer.c ****     #define prvSEND_COMPLETE_FROM_ISR( pxStreamBuffer, pxHigherPriorityTaskWoken ) \
 208:Middlewares/Third_Party/FreeRTOS/Source/stream_buffer.c ****     sbSEND_COMPLETE_FROM_ISR( ( pxStreamBuffer ), ( pxHigherPriorityTaskWoken ) )
 209:Middlewares/Third_Party/FreeRTOS/Source/stream_buffer.c **** #endif /* if ( configUSE_SB_COMPLETED_CALLBACK == 1 ) */
 210:Middlewares/Third_Party/FreeRTOS/Source/stream_buffer.c **** 
 211:Middlewares/Third_Party/FreeRTOS/Source/stream_buffer.c **** /*lint -restore (9026) */
 212:Middlewares/Third_Party/FreeRTOS/Source/stream_buffer.c **** 
 213:Middlewares/Third_Party/FreeRTOS/Source/stream_buffer.c **** /* The number of bytes used to hold the length of a message in the buffer. */
 214:Middlewares/Third_Party/FreeRTOS/Source/stream_buffer.c **** #define sbBYTES_TO_STORE_MESSAGE_LENGTH    ( sizeof( configMESSAGE_BUFFER_LENGTH_TYPE ) )
 215:Middlewares/Third_Party/FreeRTOS/Source/stream_buffer.c **** 
 216:Middlewares/Third_Party/FreeRTOS/Source/stream_buffer.c **** /* Bits stored in the ucFlags field of the stream buffer. */
 217:Middlewares/Third_Party/FreeRTOS/Source/stream_buffer.c **** #define sbFLAGS_IS_MESSAGE_BUFFER          ( ( uint8_t ) 1 ) /* Set if the stream buffer was create
 218:Middlewares/Third_Party/FreeRTOS/Source/stream_buffer.c **** #define sbFLAGS_IS_STATICALLY_ALLOCATED    ( ( uint8_t ) 2 ) /* Set if the stream buffer was create
 219:Middlewares/Third_Party/FreeRTOS/Source/stream_buffer.c **** 
 220:Middlewares/Third_Party/FreeRTOS/Source/stream_buffer.c **** /*-----------------------------------------------------------*/
 221:Middlewares/Third_Party/FreeRTOS/Source/stream_buffer.c **** 
 222:Middlewares/Third_Party/FreeRTOS/Source/stream_buffer.c **** /* Structure that hold state information on the buffer. */
 223:Middlewares/Third_Party/FreeRTOS/Source/stream_buffer.c **** typedef struct StreamBufferDef_t                 /*lint !e9058 Style convention uses tag. */
 224:Middlewares/Third_Party/FreeRTOS/Source/stream_buffer.c **** {
 225:Middlewares/Third_Party/FreeRTOS/Source/stream_buffer.c ****     volatile size_t xTail;                       /* Index to the next item to read within the buffe
 226:Middlewares/Third_Party/FreeRTOS/Source/stream_buffer.c ****     volatile size_t xHead;                       /* Index to the next item to write within the buff
 227:Middlewares/Third_Party/FreeRTOS/Source/stream_buffer.c ****     size_t xLength;                              /* The length of the buffer pointed to by pucBuffe
 228:Middlewares/Third_Party/FreeRTOS/Source/stream_buffer.c ****     size_t xTriggerLevelBytes;                   /* The number of bytes that must be in the stream 
 229:Middlewares/Third_Party/FreeRTOS/Source/stream_buffer.c ****     volatile TaskHandle_t xTaskWaitingToReceive; /* Holds the handle of a task waiting for data, or
 230:Middlewares/Third_Party/FreeRTOS/Source/stream_buffer.c ****     volatile TaskHandle_t xTaskWaitingToSend;    /* Holds the handle of a task waiting to send data
 231:Middlewares/Third_Party/FreeRTOS/Source/stream_buffer.c ****     uint8_t * pucBuffer;                         /* Points to the buffer itself - that is - the RAM
 232:Middlewares/Third_Party/FreeRTOS/Source/stream_buffer.c ****     uint8_t ucFlags;
 233:Middlewares/Third_Party/FreeRTOS/Source/stream_buffer.c **** 
 234:Middlewares/Third_Party/FreeRTOS/Source/stream_buffer.c ****     #if ( configUSE_TRACE_FACILITY == 1 )
 235:Middlewares/Third_Party/FreeRTOS/Source/stream_buffer.c ****         UBaseType_t uxStreamBufferNumber; /* Used for tracing purposes. */
 236:Middlewares/Third_Party/FreeRTOS/Source/stream_buffer.c ****     #endif
 237:Middlewares/Third_Party/FreeRTOS/Source/stream_buffer.c **** 
 238:Middlewares/Third_Party/FreeRTOS/Source/stream_buffer.c ****     #if ( configUSE_SB_COMPLETED_CALLBACK == 1 )
 239:Middlewares/Third_Party/FreeRTOS/Source/stream_buffer.c ****         StreamBufferCallbackFunction_t pxSendCompletedCallback;    /* Optional callback called on s
 240:Middlewares/Third_Party/FreeRTOS/Source/stream_buffer.c ****         StreamBufferCallbackFunction_t pxReceiveCompletedCallback; /* Optional callback called on r
 241:Middlewares/Third_Party/FreeRTOS/Source/stream_buffer.c ****     #endif
 242:Middlewares/Third_Party/FreeRTOS/Source/stream_buffer.c **** } StreamBuffer_t;
 243:Middlewares/Third_Party/FreeRTOS/Source/stream_buffer.c **** 
 244:Middlewares/Third_Party/FreeRTOS/Source/stream_buffer.c **** /*
 245:Middlewares/Third_Party/FreeRTOS/Source/stream_buffer.c ****  * The number of bytes available to be read from the buffer.
 246:Middlewares/Third_Party/FreeRTOS/Source/stream_buffer.c ****  */
 247:Middlewares/Third_Party/FreeRTOS/Source/stream_buffer.c **** static size_t prvBytesInBuffer( const StreamBuffer_t * const pxStreamBuffer ) PRIVILEGED_FUNCTION;
 248:Middlewares/Third_Party/FreeRTOS/Source/stream_buffer.c **** 
 249:Middlewares/Third_Party/FreeRTOS/Source/stream_buffer.c **** /*
 250:Middlewares/Third_Party/FreeRTOS/Source/stream_buffer.c ****  * Add xCount bytes from pucData into the pxStreamBuffer's data storage area.
 251:Middlewares/Third_Party/FreeRTOS/Source/stream_buffer.c ****  * This function does not update the buffer's xHead pointer, so multiple writes
 252:Middlewares/Third_Party/FreeRTOS/Source/stream_buffer.c ****  * may be chained together "atomically". This is useful for Message Buffers where
 253:Middlewares/Third_Party/FreeRTOS/Source/stream_buffer.c ****  * the length and data bytes are written in two separate chunks, and we don't want
 254:Middlewares/Third_Party/FreeRTOS/Source/stream_buffer.c ****  * the reader to see the buffer as having grown until after all data is copied over.
 255:Middlewares/Third_Party/FreeRTOS/Source/stream_buffer.c ****  * This function takes a custom xHead value to indicate where to write to (necessary
 256:Middlewares/Third_Party/FreeRTOS/Source/stream_buffer.c ****  * for chaining) and returns the the resulting xHead position.
 257:Middlewares/Third_Party/FreeRTOS/Source/stream_buffer.c ****  * To mark the write as complete, manually set the buffer's xHead field with the
 258:Middlewares/Third_Party/FreeRTOS/Source/stream_buffer.c ****  * returned xHead from this function.
 259:Middlewares/Third_Party/FreeRTOS/Source/stream_buffer.c ****  */
 260:Middlewares/Third_Party/FreeRTOS/Source/stream_buffer.c **** static size_t prvWriteBytesToBuffer( StreamBuffer_t * const pxStreamBuffer,
ARM GAS  /tmp/ccTWZgXF.s 			page 6


 261:Middlewares/Third_Party/FreeRTOS/Source/stream_buffer.c ****                                      const uint8_t * pucData,
 262:Middlewares/Third_Party/FreeRTOS/Source/stream_buffer.c ****                                      size_t xCount,
 263:Middlewares/Third_Party/FreeRTOS/Source/stream_buffer.c ****                                      size_t xHead ) PRIVILEGED_FUNCTION;
 264:Middlewares/Third_Party/FreeRTOS/Source/stream_buffer.c **** 
 265:Middlewares/Third_Party/FreeRTOS/Source/stream_buffer.c **** /*
 266:Middlewares/Third_Party/FreeRTOS/Source/stream_buffer.c ****  * If the stream buffer is being used as a message buffer, then reads an entire
 267:Middlewares/Third_Party/FreeRTOS/Source/stream_buffer.c ****  * message out of the buffer.  If the stream buffer is being used as a stream
 268:Middlewares/Third_Party/FreeRTOS/Source/stream_buffer.c ****  * buffer then read as many bytes as possible from the buffer.
 269:Middlewares/Third_Party/FreeRTOS/Source/stream_buffer.c ****  * prvReadBytesFromBuffer() is called to actually extract the bytes from the
 270:Middlewares/Third_Party/FreeRTOS/Source/stream_buffer.c ****  * buffer's data storage area.
 271:Middlewares/Third_Party/FreeRTOS/Source/stream_buffer.c ****  */
 272:Middlewares/Third_Party/FreeRTOS/Source/stream_buffer.c **** static size_t prvReadMessageFromBuffer( StreamBuffer_t * pxStreamBuffer,
 273:Middlewares/Third_Party/FreeRTOS/Source/stream_buffer.c ****                                         void * pvRxData,
 274:Middlewares/Third_Party/FreeRTOS/Source/stream_buffer.c ****                                         size_t xBufferLengthBytes,
 275:Middlewares/Third_Party/FreeRTOS/Source/stream_buffer.c ****                                         size_t xBytesAvailable ) PRIVILEGED_FUNCTION;
 276:Middlewares/Third_Party/FreeRTOS/Source/stream_buffer.c **** 
 277:Middlewares/Third_Party/FreeRTOS/Source/stream_buffer.c **** /*
 278:Middlewares/Third_Party/FreeRTOS/Source/stream_buffer.c ****  * If the stream buffer is being used as a message buffer, then writes an entire
 279:Middlewares/Third_Party/FreeRTOS/Source/stream_buffer.c ****  * message to the buffer.  If the stream buffer is being used as a stream
 280:Middlewares/Third_Party/FreeRTOS/Source/stream_buffer.c ****  * buffer then write as many bytes as possible to the buffer.
 281:Middlewares/Third_Party/FreeRTOS/Source/stream_buffer.c ****  * prvWriteBytestoBuffer() is called to actually send the bytes to the buffer's
 282:Middlewares/Third_Party/FreeRTOS/Source/stream_buffer.c ****  * data storage area.
 283:Middlewares/Third_Party/FreeRTOS/Source/stream_buffer.c ****  */
 284:Middlewares/Third_Party/FreeRTOS/Source/stream_buffer.c **** static size_t prvWriteMessageToBuffer( StreamBuffer_t * const pxStreamBuffer,
 285:Middlewares/Third_Party/FreeRTOS/Source/stream_buffer.c ****                                        const void * pvTxData,
 286:Middlewares/Third_Party/FreeRTOS/Source/stream_buffer.c ****                                        size_t xDataLengthBytes,
 287:Middlewares/Third_Party/FreeRTOS/Source/stream_buffer.c ****                                        size_t xSpace,
 288:Middlewares/Third_Party/FreeRTOS/Source/stream_buffer.c ****                                        size_t xRequiredSpace ) PRIVILEGED_FUNCTION;
 289:Middlewares/Third_Party/FreeRTOS/Source/stream_buffer.c **** 
 290:Middlewares/Third_Party/FreeRTOS/Source/stream_buffer.c **** /*
 291:Middlewares/Third_Party/FreeRTOS/Source/stream_buffer.c ****  * Copies xCount bytes from the pxStreamBuffer's data storage area to pucData.
 292:Middlewares/Third_Party/FreeRTOS/Source/stream_buffer.c ****  * This function does not update the buffer's xTail pointer, so multiple reads
 293:Middlewares/Third_Party/FreeRTOS/Source/stream_buffer.c ****  * may be chained together "atomically". This is useful for Message Buffers where
 294:Middlewares/Third_Party/FreeRTOS/Source/stream_buffer.c ****  * the length and data bytes are read in two separate chunks, and we don't want
 295:Middlewares/Third_Party/FreeRTOS/Source/stream_buffer.c ****  * the writer to see the buffer as having more free space until after all data is
 296:Middlewares/Third_Party/FreeRTOS/Source/stream_buffer.c ****  * copied over, especially if we have to abort the read due to insufficient receiving space.
 297:Middlewares/Third_Party/FreeRTOS/Source/stream_buffer.c ****  * This function takes a custom xTail value to indicate where to read from (necessary
 298:Middlewares/Third_Party/FreeRTOS/Source/stream_buffer.c ****  * for chaining) and returns the the resulting xTail position.
 299:Middlewares/Third_Party/FreeRTOS/Source/stream_buffer.c ****  * To mark the read as complete, manually set the buffer's xTail field with the
 300:Middlewares/Third_Party/FreeRTOS/Source/stream_buffer.c ****  * returned xTail from this function.
 301:Middlewares/Third_Party/FreeRTOS/Source/stream_buffer.c ****  */
 302:Middlewares/Third_Party/FreeRTOS/Source/stream_buffer.c **** static size_t prvReadBytesFromBuffer( StreamBuffer_t * pxStreamBuffer,
 303:Middlewares/Third_Party/FreeRTOS/Source/stream_buffer.c ****                                       uint8_t * pucData,
 304:Middlewares/Third_Party/FreeRTOS/Source/stream_buffer.c ****                                       size_t xCount,
 305:Middlewares/Third_Party/FreeRTOS/Source/stream_buffer.c ****                                       size_t xTail ) PRIVILEGED_FUNCTION;
 306:Middlewares/Third_Party/FreeRTOS/Source/stream_buffer.c **** 
 307:Middlewares/Third_Party/FreeRTOS/Source/stream_buffer.c **** /*
 308:Middlewares/Third_Party/FreeRTOS/Source/stream_buffer.c ****  * Called by both pxStreamBufferCreate() and pxStreamBufferCreateStatic() to
 309:Middlewares/Third_Party/FreeRTOS/Source/stream_buffer.c ****  * initialise the members of the newly created stream buffer structure.
 310:Middlewares/Third_Party/FreeRTOS/Source/stream_buffer.c ****  */
 311:Middlewares/Third_Party/FreeRTOS/Source/stream_buffer.c **** static void prvInitialiseNewStreamBuffer( StreamBuffer_t * const pxStreamBuffer,
 312:Middlewares/Third_Party/FreeRTOS/Source/stream_buffer.c ****                                           uint8_t * const pucBuffer,
 313:Middlewares/Third_Party/FreeRTOS/Source/stream_buffer.c ****                                           size_t xBufferSizeBytes,
 314:Middlewares/Third_Party/FreeRTOS/Source/stream_buffer.c ****                                           size_t xTriggerLevelBytes,
 315:Middlewares/Third_Party/FreeRTOS/Source/stream_buffer.c ****                                           uint8_t ucFlags,
 316:Middlewares/Third_Party/FreeRTOS/Source/stream_buffer.c ****                                           StreamBufferCallbackFunction_t pxSendCompletedCallback,
 317:Middlewares/Third_Party/FreeRTOS/Source/stream_buffer.c ****                                           StreamBufferCallbackFunction_t pxReceiveCompletedCallback
ARM GAS  /tmp/ccTWZgXF.s 			page 7


 318:Middlewares/Third_Party/FreeRTOS/Source/stream_buffer.c **** 
 319:Middlewares/Third_Party/FreeRTOS/Source/stream_buffer.c **** /*-----------------------------------------------------------*/
 320:Middlewares/Third_Party/FreeRTOS/Source/stream_buffer.c **** #if ( configSUPPORT_DYNAMIC_ALLOCATION == 1 )
 321:Middlewares/Third_Party/FreeRTOS/Source/stream_buffer.c ****     StreamBufferHandle_t xStreamBufferGenericCreate( size_t xBufferSizeBytes,
 322:Middlewares/Third_Party/FreeRTOS/Source/stream_buffer.c ****                                                      size_t xTriggerLevelBytes,
 323:Middlewares/Third_Party/FreeRTOS/Source/stream_buffer.c ****                                                      BaseType_t xIsMessageBuffer,
 324:Middlewares/Third_Party/FreeRTOS/Source/stream_buffer.c ****                                                      StreamBufferCallbackFunction_t pxSendCompleted
 325:Middlewares/Third_Party/FreeRTOS/Source/stream_buffer.c ****                                                      StreamBufferCallbackFunction_t pxReceiveComple
 326:Middlewares/Third_Party/FreeRTOS/Source/stream_buffer.c ****     {
 327:Middlewares/Third_Party/FreeRTOS/Source/stream_buffer.c ****         uint8_t * pucAllocatedMemory;
 328:Middlewares/Third_Party/FreeRTOS/Source/stream_buffer.c ****         uint8_t ucFlags;
 329:Middlewares/Third_Party/FreeRTOS/Source/stream_buffer.c **** 
 330:Middlewares/Third_Party/FreeRTOS/Source/stream_buffer.c ****         /* In case the stream buffer is going to be used as a message buffer
 331:Middlewares/Third_Party/FreeRTOS/Source/stream_buffer.c ****          * (that is, it will hold discrete messages with a little meta data that
 332:Middlewares/Third_Party/FreeRTOS/Source/stream_buffer.c ****          * says how big the next message is) check the buffer will be large enough
 333:Middlewares/Third_Party/FreeRTOS/Source/stream_buffer.c ****          * to hold at least one message. */
 334:Middlewares/Third_Party/FreeRTOS/Source/stream_buffer.c ****         if( xIsMessageBuffer == pdTRUE )
 335:Middlewares/Third_Party/FreeRTOS/Source/stream_buffer.c ****         {
 336:Middlewares/Third_Party/FreeRTOS/Source/stream_buffer.c ****             /* Is a message buffer but not statically allocated. */
 337:Middlewares/Third_Party/FreeRTOS/Source/stream_buffer.c ****             ucFlags = sbFLAGS_IS_MESSAGE_BUFFER;
 338:Middlewares/Third_Party/FreeRTOS/Source/stream_buffer.c ****             configASSERT( xBufferSizeBytes > sbBYTES_TO_STORE_MESSAGE_LENGTH );
 339:Middlewares/Third_Party/FreeRTOS/Source/stream_buffer.c ****         }
 340:Middlewares/Third_Party/FreeRTOS/Source/stream_buffer.c ****         else
 341:Middlewares/Third_Party/FreeRTOS/Source/stream_buffer.c ****         {
 342:Middlewares/Third_Party/FreeRTOS/Source/stream_buffer.c ****             /* Not a message buffer and not statically allocated. */
 343:Middlewares/Third_Party/FreeRTOS/Source/stream_buffer.c ****             ucFlags = 0;
 344:Middlewares/Third_Party/FreeRTOS/Source/stream_buffer.c ****             configASSERT( xBufferSizeBytes > 0 );
 345:Middlewares/Third_Party/FreeRTOS/Source/stream_buffer.c ****         }
 346:Middlewares/Third_Party/FreeRTOS/Source/stream_buffer.c **** 
 347:Middlewares/Third_Party/FreeRTOS/Source/stream_buffer.c ****         configASSERT( xTriggerLevelBytes <= xBufferSizeBytes );
 348:Middlewares/Third_Party/FreeRTOS/Source/stream_buffer.c **** 
 349:Middlewares/Third_Party/FreeRTOS/Source/stream_buffer.c ****         /* A trigger level of 0 would cause a waiting task to unblock even when
 350:Middlewares/Third_Party/FreeRTOS/Source/stream_buffer.c ****          * the buffer was empty. */
 351:Middlewares/Third_Party/FreeRTOS/Source/stream_buffer.c ****         if( xTriggerLevelBytes == ( size_t ) 0 )
 352:Middlewares/Third_Party/FreeRTOS/Source/stream_buffer.c ****         {
 353:Middlewares/Third_Party/FreeRTOS/Source/stream_buffer.c ****             xTriggerLevelBytes = ( size_t ) 1;
 354:Middlewares/Third_Party/FreeRTOS/Source/stream_buffer.c ****         }
 355:Middlewares/Third_Party/FreeRTOS/Source/stream_buffer.c **** 
 356:Middlewares/Third_Party/FreeRTOS/Source/stream_buffer.c ****         /* A stream buffer requires a StreamBuffer_t structure and a buffer.
 357:Middlewares/Third_Party/FreeRTOS/Source/stream_buffer.c ****          * Both are allocated in a single call to pvPortMalloc().  The
 358:Middlewares/Third_Party/FreeRTOS/Source/stream_buffer.c ****          * StreamBuffer_t structure is placed at the start of the allocated memory
 359:Middlewares/Third_Party/FreeRTOS/Source/stream_buffer.c ****          * and the buffer follows immediately after.  The requested size is
 360:Middlewares/Third_Party/FreeRTOS/Source/stream_buffer.c ****          * incremented so the free space is returned as the user would expect -
 361:Middlewares/Third_Party/FreeRTOS/Source/stream_buffer.c ****          * this is a quirk of the implementation that means otherwise the free
 362:Middlewares/Third_Party/FreeRTOS/Source/stream_buffer.c ****          * space would be reported as one byte smaller than would be logically
 363:Middlewares/Third_Party/FreeRTOS/Source/stream_buffer.c ****          * expected. */
 364:Middlewares/Third_Party/FreeRTOS/Source/stream_buffer.c ****         if( xBufferSizeBytes < ( xBufferSizeBytes + 1 + sizeof( StreamBuffer_t ) ) )
 365:Middlewares/Third_Party/FreeRTOS/Source/stream_buffer.c ****         {
 366:Middlewares/Third_Party/FreeRTOS/Source/stream_buffer.c ****             xBufferSizeBytes++;
 367:Middlewares/Third_Party/FreeRTOS/Source/stream_buffer.c ****             pucAllocatedMemory = ( uint8_t * ) pvPortMalloc( xBufferSizeBytes + sizeof( StreamBuffe
 368:Middlewares/Third_Party/FreeRTOS/Source/stream_buffer.c ****         }
 369:Middlewares/Third_Party/FreeRTOS/Source/stream_buffer.c ****         else
 370:Middlewares/Third_Party/FreeRTOS/Source/stream_buffer.c ****         {
 371:Middlewares/Third_Party/FreeRTOS/Source/stream_buffer.c ****             pucAllocatedMemory = NULL;
 372:Middlewares/Third_Party/FreeRTOS/Source/stream_buffer.c ****         }
 373:Middlewares/Third_Party/FreeRTOS/Source/stream_buffer.c **** 
 374:Middlewares/Third_Party/FreeRTOS/Source/stream_buffer.c ****         if( pucAllocatedMemory != NULL )
ARM GAS  /tmp/ccTWZgXF.s 			page 8


 375:Middlewares/Third_Party/FreeRTOS/Source/stream_buffer.c ****         {
 376:Middlewares/Third_Party/FreeRTOS/Source/stream_buffer.c ****             prvInitialiseNewStreamBuffer( ( StreamBuffer_t * ) pucAllocatedMemory,       /* Structu
 377:Middlewares/Third_Party/FreeRTOS/Source/stream_buffer.c ****                                           pucAllocatedMemory + sizeof( StreamBuffer_t ), /* Storage
 378:Middlewares/Third_Party/FreeRTOS/Source/stream_buffer.c ****                                           xBufferSizeBytes,
 379:Middlewares/Third_Party/FreeRTOS/Source/stream_buffer.c ****                                           xTriggerLevelBytes,
 380:Middlewares/Third_Party/FreeRTOS/Source/stream_buffer.c ****                                           ucFlags,
 381:Middlewares/Third_Party/FreeRTOS/Source/stream_buffer.c ****                                           pxSendCompletedCallback,
 382:Middlewares/Third_Party/FreeRTOS/Source/stream_buffer.c ****                                           pxReceiveCompletedCallback );
 383:Middlewares/Third_Party/FreeRTOS/Source/stream_buffer.c **** 
 384:Middlewares/Third_Party/FreeRTOS/Source/stream_buffer.c ****             traceSTREAM_BUFFER_CREATE( ( ( StreamBuffer_t * ) pucAllocatedMemory ), xIsMessageBuffe
 385:Middlewares/Third_Party/FreeRTOS/Source/stream_buffer.c ****         }
 386:Middlewares/Third_Party/FreeRTOS/Source/stream_buffer.c ****         else
 387:Middlewares/Third_Party/FreeRTOS/Source/stream_buffer.c ****         {
 388:Middlewares/Third_Party/FreeRTOS/Source/stream_buffer.c ****             traceSTREAM_BUFFER_CREATE_FAILED( xIsMessageBuffer );
 389:Middlewares/Third_Party/FreeRTOS/Source/stream_buffer.c ****         }
 390:Middlewares/Third_Party/FreeRTOS/Source/stream_buffer.c **** 
 391:Middlewares/Third_Party/FreeRTOS/Source/stream_buffer.c ****         return ( StreamBufferHandle_t ) pucAllocatedMemory; /*lint !e9087 !e826 Safe cast as alloca
 392:Middlewares/Third_Party/FreeRTOS/Source/stream_buffer.c ****     }
 393:Middlewares/Third_Party/FreeRTOS/Source/stream_buffer.c **** #endif /* configSUPPORT_DYNAMIC_ALLOCATION */
 394:Middlewares/Third_Party/FreeRTOS/Source/stream_buffer.c **** /*-----------------------------------------------------------*/
 395:Middlewares/Third_Party/FreeRTOS/Source/stream_buffer.c **** 
 396:Middlewares/Third_Party/FreeRTOS/Source/stream_buffer.c **** #if ( configSUPPORT_STATIC_ALLOCATION == 1 )
 397:Middlewares/Third_Party/FreeRTOS/Source/stream_buffer.c **** 
 398:Middlewares/Third_Party/FreeRTOS/Source/stream_buffer.c ****     StreamBufferHandle_t xStreamBufferGenericCreateStatic( size_t xBufferSizeBytes,
 399:Middlewares/Third_Party/FreeRTOS/Source/stream_buffer.c ****                                                            size_t xTriggerLevelBytes,
 400:Middlewares/Third_Party/FreeRTOS/Source/stream_buffer.c ****                                                            BaseType_t xIsMessageBuffer,
 401:Middlewares/Third_Party/FreeRTOS/Source/stream_buffer.c ****                                                            uint8_t * const pucStreamBufferStorageAr
 402:Middlewares/Third_Party/FreeRTOS/Source/stream_buffer.c ****                                                            StaticStreamBuffer_t * const pxStaticStr
 403:Middlewares/Third_Party/FreeRTOS/Source/stream_buffer.c ****                                                            StreamBufferCallbackFunction_t pxSendCom
 404:Middlewares/Third_Party/FreeRTOS/Source/stream_buffer.c ****                                                            StreamBufferCallbackFunction_t pxReceive
 405:Middlewares/Third_Party/FreeRTOS/Source/stream_buffer.c ****     {
 406:Middlewares/Third_Party/FreeRTOS/Source/stream_buffer.c ****         StreamBuffer_t * const pxStreamBuffer = ( StreamBuffer_t * ) pxStaticStreamBuffer; /*lint !
 407:Middlewares/Third_Party/FreeRTOS/Source/stream_buffer.c ****         StreamBufferHandle_t xReturn;
 408:Middlewares/Third_Party/FreeRTOS/Source/stream_buffer.c ****         uint8_t ucFlags;
 409:Middlewares/Third_Party/FreeRTOS/Source/stream_buffer.c **** 
 410:Middlewares/Third_Party/FreeRTOS/Source/stream_buffer.c ****         configASSERT( pucStreamBufferStorageArea );
 411:Middlewares/Third_Party/FreeRTOS/Source/stream_buffer.c ****         configASSERT( pxStaticStreamBuffer );
 412:Middlewares/Third_Party/FreeRTOS/Source/stream_buffer.c ****         configASSERT( xTriggerLevelBytes <= xBufferSizeBytes );
 413:Middlewares/Third_Party/FreeRTOS/Source/stream_buffer.c **** 
 414:Middlewares/Third_Party/FreeRTOS/Source/stream_buffer.c ****         /* A trigger level of 0 would cause a waiting task to unblock even when
 415:Middlewares/Third_Party/FreeRTOS/Source/stream_buffer.c ****          * the buffer was empty. */
 416:Middlewares/Third_Party/FreeRTOS/Source/stream_buffer.c ****         if( xTriggerLevelBytes == ( size_t ) 0 )
 417:Middlewares/Third_Party/FreeRTOS/Source/stream_buffer.c ****         {
 418:Middlewares/Third_Party/FreeRTOS/Source/stream_buffer.c ****             xTriggerLevelBytes = ( size_t ) 1;
 419:Middlewares/Third_Party/FreeRTOS/Source/stream_buffer.c ****         }
 420:Middlewares/Third_Party/FreeRTOS/Source/stream_buffer.c **** 
 421:Middlewares/Third_Party/FreeRTOS/Source/stream_buffer.c ****         if( xIsMessageBuffer != pdFALSE )
 422:Middlewares/Third_Party/FreeRTOS/Source/stream_buffer.c ****         {
 423:Middlewares/Third_Party/FreeRTOS/Source/stream_buffer.c ****             /* Statically allocated message buffer. */
 424:Middlewares/Third_Party/FreeRTOS/Source/stream_buffer.c ****             ucFlags = sbFLAGS_IS_MESSAGE_BUFFER | sbFLAGS_IS_STATICALLY_ALLOCATED;
 425:Middlewares/Third_Party/FreeRTOS/Source/stream_buffer.c ****         }
 426:Middlewares/Third_Party/FreeRTOS/Source/stream_buffer.c ****         else
 427:Middlewares/Third_Party/FreeRTOS/Source/stream_buffer.c ****         {
 428:Middlewares/Third_Party/FreeRTOS/Source/stream_buffer.c ****             /* Statically allocated stream buffer. */
 429:Middlewares/Third_Party/FreeRTOS/Source/stream_buffer.c ****             ucFlags = sbFLAGS_IS_STATICALLY_ALLOCATED;
 430:Middlewares/Third_Party/FreeRTOS/Source/stream_buffer.c ****         }
 431:Middlewares/Third_Party/FreeRTOS/Source/stream_buffer.c **** 
ARM GAS  /tmp/ccTWZgXF.s 			page 9


 432:Middlewares/Third_Party/FreeRTOS/Source/stream_buffer.c ****         /* In case the stream buffer is going to be used as a message buffer
 433:Middlewares/Third_Party/FreeRTOS/Source/stream_buffer.c ****          * (that is, it will hold discrete messages with a little meta data that
 434:Middlewares/Third_Party/FreeRTOS/Source/stream_buffer.c ****          * says how big the next message is) check the buffer will be large enough
 435:Middlewares/Third_Party/FreeRTOS/Source/stream_buffer.c ****          * to hold at least one message. */
 436:Middlewares/Third_Party/FreeRTOS/Source/stream_buffer.c ****         configASSERT( xBufferSizeBytes > sbBYTES_TO_STORE_MESSAGE_LENGTH );
 437:Middlewares/Third_Party/FreeRTOS/Source/stream_buffer.c **** 
 438:Middlewares/Third_Party/FreeRTOS/Source/stream_buffer.c ****         #if ( configASSERT_DEFINED == 1 )
 439:Middlewares/Third_Party/FreeRTOS/Source/stream_buffer.c ****         {
 440:Middlewares/Third_Party/FreeRTOS/Source/stream_buffer.c ****             /* Sanity check that the size of the structure used to declare a
 441:Middlewares/Third_Party/FreeRTOS/Source/stream_buffer.c ****              * variable of type StaticStreamBuffer_t equals the size of the real
 442:Middlewares/Third_Party/FreeRTOS/Source/stream_buffer.c ****              * message buffer structure. */
 443:Middlewares/Third_Party/FreeRTOS/Source/stream_buffer.c ****             volatile size_t xSize = sizeof( StaticStreamBuffer_t );
 444:Middlewares/Third_Party/FreeRTOS/Source/stream_buffer.c ****             configASSERT( xSize == sizeof( StreamBuffer_t ) );
 445:Middlewares/Third_Party/FreeRTOS/Source/stream_buffer.c ****         } /*lint !e529 xSize is referenced is configASSERT() is defined. */
 446:Middlewares/Third_Party/FreeRTOS/Source/stream_buffer.c ****         #endif /* configASSERT_DEFINED */
 447:Middlewares/Third_Party/FreeRTOS/Source/stream_buffer.c **** 
 448:Middlewares/Third_Party/FreeRTOS/Source/stream_buffer.c ****         if( ( pucStreamBufferStorageArea != NULL ) && ( pxStaticStreamBuffer != NULL ) )
 449:Middlewares/Third_Party/FreeRTOS/Source/stream_buffer.c ****         {
 450:Middlewares/Third_Party/FreeRTOS/Source/stream_buffer.c ****             prvInitialiseNewStreamBuffer( pxStreamBuffer,
 451:Middlewares/Third_Party/FreeRTOS/Source/stream_buffer.c ****                                           pucStreamBufferStorageArea,
 452:Middlewares/Third_Party/FreeRTOS/Source/stream_buffer.c ****                                           xBufferSizeBytes,
 453:Middlewares/Third_Party/FreeRTOS/Source/stream_buffer.c ****                                           xTriggerLevelBytes,
 454:Middlewares/Third_Party/FreeRTOS/Source/stream_buffer.c ****                                           ucFlags,
 455:Middlewares/Third_Party/FreeRTOS/Source/stream_buffer.c ****                                           pxSendCompletedCallback,
 456:Middlewares/Third_Party/FreeRTOS/Source/stream_buffer.c ****                                           pxReceiveCompletedCallback );
 457:Middlewares/Third_Party/FreeRTOS/Source/stream_buffer.c **** 
 458:Middlewares/Third_Party/FreeRTOS/Source/stream_buffer.c ****             /* Remember this was statically allocated in case it is ever deleted
 459:Middlewares/Third_Party/FreeRTOS/Source/stream_buffer.c ****              * again. */
 460:Middlewares/Third_Party/FreeRTOS/Source/stream_buffer.c ****             pxStreamBuffer->ucFlags |= sbFLAGS_IS_STATICALLY_ALLOCATED;
 461:Middlewares/Third_Party/FreeRTOS/Source/stream_buffer.c **** 
 462:Middlewares/Third_Party/FreeRTOS/Source/stream_buffer.c ****             traceSTREAM_BUFFER_CREATE( pxStreamBuffer, xIsMessageBuffer );
 463:Middlewares/Third_Party/FreeRTOS/Source/stream_buffer.c **** 
 464:Middlewares/Third_Party/FreeRTOS/Source/stream_buffer.c ****             xReturn = ( StreamBufferHandle_t ) pxStaticStreamBuffer; /*lint !e9087 Data hiding requ
 465:Middlewares/Third_Party/FreeRTOS/Source/stream_buffer.c ****         }
 466:Middlewares/Third_Party/FreeRTOS/Source/stream_buffer.c ****         else
 467:Middlewares/Third_Party/FreeRTOS/Source/stream_buffer.c ****         {
 468:Middlewares/Third_Party/FreeRTOS/Source/stream_buffer.c ****             xReturn = NULL;
 469:Middlewares/Third_Party/FreeRTOS/Source/stream_buffer.c ****             traceSTREAM_BUFFER_CREATE_STATIC_FAILED( xReturn, xIsMessageBuffer );
 470:Middlewares/Third_Party/FreeRTOS/Source/stream_buffer.c ****         }
 471:Middlewares/Third_Party/FreeRTOS/Source/stream_buffer.c **** 
 472:Middlewares/Third_Party/FreeRTOS/Source/stream_buffer.c ****         return xReturn;
 473:Middlewares/Third_Party/FreeRTOS/Source/stream_buffer.c ****     }
 474:Middlewares/Third_Party/FreeRTOS/Source/stream_buffer.c **** #endif /* ( configSUPPORT_STATIC_ALLOCATION == 1 ) */
 475:Middlewares/Third_Party/FreeRTOS/Source/stream_buffer.c **** /*-----------------------------------------------------------*/
 476:Middlewares/Third_Party/FreeRTOS/Source/stream_buffer.c **** 
 477:Middlewares/Third_Party/FreeRTOS/Source/stream_buffer.c **** void vStreamBufferDelete( StreamBufferHandle_t xStreamBuffer )
 478:Middlewares/Third_Party/FreeRTOS/Source/stream_buffer.c **** {
 479:Middlewares/Third_Party/FreeRTOS/Source/stream_buffer.c ****     StreamBuffer_t * pxStreamBuffer = xStreamBuffer;
 480:Middlewares/Third_Party/FreeRTOS/Source/stream_buffer.c **** 
 481:Middlewares/Third_Party/FreeRTOS/Source/stream_buffer.c ****     configASSERT( pxStreamBuffer );
 482:Middlewares/Third_Party/FreeRTOS/Source/stream_buffer.c **** 
 483:Middlewares/Third_Party/FreeRTOS/Source/stream_buffer.c ****     traceSTREAM_BUFFER_DELETE( xStreamBuffer );
 484:Middlewares/Third_Party/FreeRTOS/Source/stream_buffer.c **** 
 485:Middlewares/Third_Party/FreeRTOS/Source/stream_buffer.c ****     if( ( pxStreamBuffer->ucFlags & sbFLAGS_IS_STATICALLY_ALLOCATED ) == ( uint8_t ) pdFALSE )
 486:Middlewares/Third_Party/FreeRTOS/Source/stream_buffer.c ****     {
 487:Middlewares/Third_Party/FreeRTOS/Source/stream_buffer.c ****         #if ( configSUPPORT_DYNAMIC_ALLOCATION == 1 )
 488:Middlewares/Third_Party/FreeRTOS/Source/stream_buffer.c ****         {
ARM GAS  /tmp/ccTWZgXF.s 			page 10


 489:Middlewares/Third_Party/FreeRTOS/Source/stream_buffer.c ****             /* Both the structure and the buffer were allocated using a single call
 490:Middlewares/Third_Party/FreeRTOS/Source/stream_buffer.c ****             * to pvPortMalloc(), hence only one call to vPortFree() is required. */
 491:Middlewares/Third_Party/FreeRTOS/Source/stream_buffer.c ****             vPortFree( ( void * ) pxStreamBuffer ); /*lint !e9087 Standard free() semantics require
 492:Middlewares/Third_Party/FreeRTOS/Source/stream_buffer.c ****         }
 493:Middlewares/Third_Party/FreeRTOS/Source/stream_buffer.c ****         #else
 494:Middlewares/Third_Party/FreeRTOS/Source/stream_buffer.c ****         {
 495:Middlewares/Third_Party/FreeRTOS/Source/stream_buffer.c ****             /* Should not be possible to get here, ucFlags must be corrupt.
 496:Middlewares/Third_Party/FreeRTOS/Source/stream_buffer.c ****              * Force an assert. */
 497:Middlewares/Third_Party/FreeRTOS/Source/stream_buffer.c ****             configASSERT( xStreamBuffer == ( StreamBufferHandle_t ) ~0 );
 498:Middlewares/Third_Party/FreeRTOS/Source/stream_buffer.c ****         }
 499:Middlewares/Third_Party/FreeRTOS/Source/stream_buffer.c ****         #endif
 500:Middlewares/Third_Party/FreeRTOS/Source/stream_buffer.c ****     }
 501:Middlewares/Third_Party/FreeRTOS/Source/stream_buffer.c ****     else
 502:Middlewares/Third_Party/FreeRTOS/Source/stream_buffer.c ****     {
 503:Middlewares/Third_Party/FreeRTOS/Source/stream_buffer.c ****         /* The structure and buffer were not allocated dynamically and cannot be
 504:Middlewares/Third_Party/FreeRTOS/Source/stream_buffer.c ****          * freed - just scrub the structure so future use will assert. */
 505:Middlewares/Third_Party/FreeRTOS/Source/stream_buffer.c ****         ( void ) memset( pxStreamBuffer, 0x00, sizeof( StreamBuffer_t ) );
 506:Middlewares/Third_Party/FreeRTOS/Source/stream_buffer.c ****     }
 507:Middlewares/Third_Party/FreeRTOS/Source/stream_buffer.c **** }
 508:Middlewares/Third_Party/FreeRTOS/Source/stream_buffer.c **** /*-----------------------------------------------------------*/
 509:Middlewares/Third_Party/FreeRTOS/Source/stream_buffer.c **** 
 510:Middlewares/Third_Party/FreeRTOS/Source/stream_buffer.c **** BaseType_t xStreamBufferReset( StreamBufferHandle_t xStreamBuffer )
 511:Middlewares/Third_Party/FreeRTOS/Source/stream_buffer.c **** {
 512:Middlewares/Third_Party/FreeRTOS/Source/stream_buffer.c ****     StreamBuffer_t * const pxStreamBuffer = xStreamBuffer;
 513:Middlewares/Third_Party/FreeRTOS/Source/stream_buffer.c ****     BaseType_t xReturn = pdFAIL;
 514:Middlewares/Third_Party/FreeRTOS/Source/stream_buffer.c ****     StreamBufferCallbackFunction_t pxSendCallback = NULL, pxReceiveCallback = NULL;
 515:Middlewares/Third_Party/FreeRTOS/Source/stream_buffer.c **** 
 516:Middlewares/Third_Party/FreeRTOS/Source/stream_buffer.c ****     #if ( configUSE_TRACE_FACILITY == 1 )
 517:Middlewares/Third_Party/FreeRTOS/Source/stream_buffer.c ****         UBaseType_t uxStreamBufferNumber;
 518:Middlewares/Third_Party/FreeRTOS/Source/stream_buffer.c ****     #endif
 519:Middlewares/Third_Party/FreeRTOS/Source/stream_buffer.c **** 
 520:Middlewares/Third_Party/FreeRTOS/Source/stream_buffer.c ****     configASSERT( pxStreamBuffer );
 521:Middlewares/Third_Party/FreeRTOS/Source/stream_buffer.c **** 
 522:Middlewares/Third_Party/FreeRTOS/Source/stream_buffer.c ****     #if ( configUSE_TRACE_FACILITY == 1 )
 523:Middlewares/Third_Party/FreeRTOS/Source/stream_buffer.c ****     {
 524:Middlewares/Third_Party/FreeRTOS/Source/stream_buffer.c ****         /* Store the stream buffer number so it can be restored after the
 525:Middlewares/Third_Party/FreeRTOS/Source/stream_buffer.c ****          * reset. */
 526:Middlewares/Third_Party/FreeRTOS/Source/stream_buffer.c ****         uxStreamBufferNumber = pxStreamBuffer->uxStreamBufferNumber;
 527:Middlewares/Third_Party/FreeRTOS/Source/stream_buffer.c ****     }
 528:Middlewares/Third_Party/FreeRTOS/Source/stream_buffer.c ****     #endif
 529:Middlewares/Third_Party/FreeRTOS/Source/stream_buffer.c **** 
 530:Middlewares/Third_Party/FreeRTOS/Source/stream_buffer.c ****     /* Can only reset a message buffer if there are no tasks blocked on it. */
 531:Middlewares/Third_Party/FreeRTOS/Source/stream_buffer.c ****     taskENTER_CRITICAL();
 532:Middlewares/Third_Party/FreeRTOS/Source/stream_buffer.c ****     {
 533:Middlewares/Third_Party/FreeRTOS/Source/stream_buffer.c ****         if( ( pxStreamBuffer->xTaskWaitingToReceive == NULL ) && ( pxStreamBuffer->xTaskWaitingToSe
 534:Middlewares/Third_Party/FreeRTOS/Source/stream_buffer.c ****         {
 535:Middlewares/Third_Party/FreeRTOS/Source/stream_buffer.c ****             #if ( configUSE_SB_COMPLETED_CALLBACK == 1 )
 536:Middlewares/Third_Party/FreeRTOS/Source/stream_buffer.c ****             {
 537:Middlewares/Third_Party/FreeRTOS/Source/stream_buffer.c ****                 pxSendCallback = pxStreamBuffer->pxSendCompletedCallback;
 538:Middlewares/Third_Party/FreeRTOS/Source/stream_buffer.c ****                 pxReceiveCallback = pxStreamBuffer->pxReceiveCompletedCallback;
 539:Middlewares/Third_Party/FreeRTOS/Source/stream_buffer.c ****             }
 540:Middlewares/Third_Party/FreeRTOS/Source/stream_buffer.c ****             #endif
 541:Middlewares/Third_Party/FreeRTOS/Source/stream_buffer.c **** 
 542:Middlewares/Third_Party/FreeRTOS/Source/stream_buffer.c ****             prvInitialiseNewStreamBuffer( pxStreamBuffer,
 543:Middlewares/Third_Party/FreeRTOS/Source/stream_buffer.c ****                                           pxStreamBuffer->pucBuffer,
 544:Middlewares/Third_Party/FreeRTOS/Source/stream_buffer.c ****                                           pxStreamBuffer->xLength,
 545:Middlewares/Third_Party/FreeRTOS/Source/stream_buffer.c ****                                           pxStreamBuffer->xTriggerLevelBytes,
ARM GAS  /tmp/ccTWZgXF.s 			page 11


 546:Middlewares/Third_Party/FreeRTOS/Source/stream_buffer.c ****                                           pxStreamBuffer->ucFlags,
 547:Middlewares/Third_Party/FreeRTOS/Source/stream_buffer.c ****                                           pxSendCallback,
 548:Middlewares/Third_Party/FreeRTOS/Source/stream_buffer.c ****                                           pxReceiveCallback );
 549:Middlewares/Third_Party/FreeRTOS/Source/stream_buffer.c **** 
 550:Middlewares/Third_Party/FreeRTOS/Source/stream_buffer.c ****             #if ( configUSE_TRACE_FACILITY == 1 )
 551:Middlewares/Third_Party/FreeRTOS/Source/stream_buffer.c ****             {
 552:Middlewares/Third_Party/FreeRTOS/Source/stream_buffer.c ****                 pxStreamBuffer->uxStreamBufferNumber = uxStreamBufferNumber;
 553:Middlewares/Third_Party/FreeRTOS/Source/stream_buffer.c ****             }
 554:Middlewares/Third_Party/FreeRTOS/Source/stream_buffer.c ****             #endif
 555:Middlewares/Third_Party/FreeRTOS/Source/stream_buffer.c **** 
 556:Middlewares/Third_Party/FreeRTOS/Source/stream_buffer.c ****             traceSTREAM_BUFFER_RESET( xStreamBuffer );
 557:Middlewares/Third_Party/FreeRTOS/Source/stream_buffer.c **** 
 558:Middlewares/Third_Party/FreeRTOS/Source/stream_buffer.c ****             xReturn = pdPASS;
 559:Middlewares/Third_Party/FreeRTOS/Source/stream_buffer.c ****         }
 560:Middlewares/Third_Party/FreeRTOS/Source/stream_buffer.c ****     }
 561:Middlewares/Third_Party/FreeRTOS/Source/stream_buffer.c ****     taskEXIT_CRITICAL();
 562:Middlewares/Third_Party/FreeRTOS/Source/stream_buffer.c **** 
 563:Middlewares/Third_Party/FreeRTOS/Source/stream_buffer.c ****     return xReturn;
 564:Middlewares/Third_Party/FreeRTOS/Source/stream_buffer.c **** }
 565:Middlewares/Third_Party/FreeRTOS/Source/stream_buffer.c **** /*-----------------------------------------------------------*/
 566:Middlewares/Third_Party/FreeRTOS/Source/stream_buffer.c **** 
 567:Middlewares/Third_Party/FreeRTOS/Source/stream_buffer.c **** BaseType_t xStreamBufferSetTriggerLevel( StreamBufferHandle_t xStreamBuffer,
 568:Middlewares/Third_Party/FreeRTOS/Source/stream_buffer.c ****                                          size_t xTriggerLevel )
 569:Middlewares/Third_Party/FreeRTOS/Source/stream_buffer.c **** {
 570:Middlewares/Third_Party/FreeRTOS/Source/stream_buffer.c ****     StreamBuffer_t * const pxStreamBuffer = xStreamBuffer;
 571:Middlewares/Third_Party/FreeRTOS/Source/stream_buffer.c ****     BaseType_t xReturn;
 572:Middlewares/Third_Party/FreeRTOS/Source/stream_buffer.c **** 
 573:Middlewares/Third_Party/FreeRTOS/Source/stream_buffer.c ****     configASSERT( pxStreamBuffer );
 574:Middlewares/Third_Party/FreeRTOS/Source/stream_buffer.c **** 
 575:Middlewares/Third_Party/FreeRTOS/Source/stream_buffer.c ****     /* It is not valid for the trigger level to be 0. */
 576:Middlewares/Third_Party/FreeRTOS/Source/stream_buffer.c ****     if( xTriggerLevel == ( size_t ) 0 )
 577:Middlewares/Third_Party/FreeRTOS/Source/stream_buffer.c ****     {
 578:Middlewares/Third_Party/FreeRTOS/Source/stream_buffer.c ****         xTriggerLevel = ( size_t ) 1;
 579:Middlewares/Third_Party/FreeRTOS/Source/stream_buffer.c ****     }
 580:Middlewares/Third_Party/FreeRTOS/Source/stream_buffer.c **** 
 581:Middlewares/Third_Party/FreeRTOS/Source/stream_buffer.c ****     /* The trigger level is the number of bytes that must be in the stream
 582:Middlewares/Third_Party/FreeRTOS/Source/stream_buffer.c ****      * buffer before a task that is waiting for data is unblocked. */
 583:Middlewares/Third_Party/FreeRTOS/Source/stream_buffer.c ****     if( xTriggerLevel < pxStreamBuffer->xLength )
 584:Middlewares/Third_Party/FreeRTOS/Source/stream_buffer.c ****     {
 585:Middlewares/Third_Party/FreeRTOS/Source/stream_buffer.c ****         pxStreamBuffer->xTriggerLevelBytes = xTriggerLevel;
 586:Middlewares/Third_Party/FreeRTOS/Source/stream_buffer.c ****         xReturn = pdPASS;
 587:Middlewares/Third_Party/FreeRTOS/Source/stream_buffer.c ****     }
 588:Middlewares/Third_Party/FreeRTOS/Source/stream_buffer.c ****     else
 589:Middlewares/Third_Party/FreeRTOS/Source/stream_buffer.c ****     {
 590:Middlewares/Third_Party/FreeRTOS/Source/stream_buffer.c ****         xReturn = pdFALSE;
 591:Middlewares/Third_Party/FreeRTOS/Source/stream_buffer.c ****     }
 592:Middlewares/Third_Party/FreeRTOS/Source/stream_buffer.c **** 
 593:Middlewares/Third_Party/FreeRTOS/Source/stream_buffer.c ****     return xReturn;
 594:Middlewares/Third_Party/FreeRTOS/Source/stream_buffer.c **** }
 595:Middlewares/Third_Party/FreeRTOS/Source/stream_buffer.c **** /*-----------------------------------------------------------*/
 596:Middlewares/Third_Party/FreeRTOS/Source/stream_buffer.c **** 
 597:Middlewares/Third_Party/FreeRTOS/Source/stream_buffer.c **** size_t xStreamBufferSpacesAvailable( StreamBufferHandle_t xStreamBuffer )
 598:Middlewares/Third_Party/FreeRTOS/Source/stream_buffer.c **** {
 599:Middlewares/Third_Party/FreeRTOS/Source/stream_buffer.c ****     const StreamBuffer_t * const pxStreamBuffer = xStreamBuffer;
 600:Middlewares/Third_Party/FreeRTOS/Source/stream_buffer.c ****     size_t xSpace;
 601:Middlewares/Third_Party/FreeRTOS/Source/stream_buffer.c ****     size_t xOriginalTail;
 602:Middlewares/Third_Party/FreeRTOS/Source/stream_buffer.c **** 
ARM GAS  /tmp/ccTWZgXF.s 			page 12


 603:Middlewares/Third_Party/FreeRTOS/Source/stream_buffer.c ****     configASSERT( pxStreamBuffer );
 604:Middlewares/Third_Party/FreeRTOS/Source/stream_buffer.c **** 
 605:Middlewares/Third_Party/FreeRTOS/Source/stream_buffer.c ****     /* The code below reads xTail and then xHead.  This is safe if the stream
 606:Middlewares/Third_Party/FreeRTOS/Source/stream_buffer.c ****      * buffer is updated once between the two reads - but not if the stream buffer
 607:Middlewares/Third_Party/FreeRTOS/Source/stream_buffer.c ****      * is updated more than once between the two reads - hence the loop. */
 608:Middlewares/Third_Party/FreeRTOS/Source/stream_buffer.c ****     do
 609:Middlewares/Third_Party/FreeRTOS/Source/stream_buffer.c ****     {
 610:Middlewares/Third_Party/FreeRTOS/Source/stream_buffer.c ****         xOriginalTail = pxStreamBuffer->xTail;
 611:Middlewares/Third_Party/FreeRTOS/Source/stream_buffer.c ****         xSpace = pxStreamBuffer->xLength + pxStreamBuffer->xTail;
 612:Middlewares/Third_Party/FreeRTOS/Source/stream_buffer.c ****         xSpace -= pxStreamBuffer->xHead;
 613:Middlewares/Third_Party/FreeRTOS/Source/stream_buffer.c ****     } while( xOriginalTail != pxStreamBuffer->xTail );
 614:Middlewares/Third_Party/FreeRTOS/Source/stream_buffer.c **** 
 615:Middlewares/Third_Party/FreeRTOS/Source/stream_buffer.c ****     xSpace -= ( size_t ) 1;
 616:Middlewares/Third_Party/FreeRTOS/Source/stream_buffer.c **** 
 617:Middlewares/Third_Party/FreeRTOS/Source/stream_buffer.c ****     if( xSpace >= pxStreamBuffer->xLength )
 618:Middlewares/Third_Party/FreeRTOS/Source/stream_buffer.c ****     {
 619:Middlewares/Third_Party/FreeRTOS/Source/stream_buffer.c ****         xSpace -= pxStreamBuffer->xLength;
 620:Middlewares/Third_Party/FreeRTOS/Source/stream_buffer.c ****     }
 621:Middlewares/Third_Party/FreeRTOS/Source/stream_buffer.c ****     else
 622:Middlewares/Third_Party/FreeRTOS/Source/stream_buffer.c ****     {
 623:Middlewares/Third_Party/FreeRTOS/Source/stream_buffer.c ****         mtCOVERAGE_TEST_MARKER();
 624:Middlewares/Third_Party/FreeRTOS/Source/stream_buffer.c ****     }
 625:Middlewares/Third_Party/FreeRTOS/Source/stream_buffer.c **** 
 626:Middlewares/Third_Party/FreeRTOS/Source/stream_buffer.c ****     return xSpace;
 627:Middlewares/Third_Party/FreeRTOS/Source/stream_buffer.c **** }
 628:Middlewares/Third_Party/FreeRTOS/Source/stream_buffer.c **** /*-----------------------------------------------------------*/
 629:Middlewares/Third_Party/FreeRTOS/Source/stream_buffer.c **** 
 630:Middlewares/Third_Party/FreeRTOS/Source/stream_buffer.c **** size_t xStreamBufferBytesAvailable( StreamBufferHandle_t xStreamBuffer )
 631:Middlewares/Third_Party/FreeRTOS/Source/stream_buffer.c **** {
 632:Middlewares/Third_Party/FreeRTOS/Source/stream_buffer.c ****     const StreamBuffer_t * const pxStreamBuffer = xStreamBuffer;
 633:Middlewares/Third_Party/FreeRTOS/Source/stream_buffer.c ****     size_t xReturn;
 634:Middlewares/Third_Party/FreeRTOS/Source/stream_buffer.c **** 
 635:Middlewares/Third_Party/FreeRTOS/Source/stream_buffer.c ****     configASSERT( pxStreamBuffer );
 636:Middlewares/Third_Party/FreeRTOS/Source/stream_buffer.c **** 
 637:Middlewares/Third_Party/FreeRTOS/Source/stream_buffer.c ****     xReturn = prvBytesInBuffer( pxStreamBuffer );
 638:Middlewares/Third_Party/FreeRTOS/Source/stream_buffer.c ****     return xReturn;
 639:Middlewares/Third_Party/FreeRTOS/Source/stream_buffer.c **** }
 640:Middlewares/Third_Party/FreeRTOS/Source/stream_buffer.c **** /*-----------------------------------------------------------*/
 641:Middlewares/Third_Party/FreeRTOS/Source/stream_buffer.c **** 
 642:Middlewares/Third_Party/FreeRTOS/Source/stream_buffer.c **** size_t xStreamBufferSend( StreamBufferHandle_t xStreamBuffer,
 643:Middlewares/Third_Party/FreeRTOS/Source/stream_buffer.c ****                           const void * pvTxData,
 644:Middlewares/Third_Party/FreeRTOS/Source/stream_buffer.c ****                           size_t xDataLengthBytes,
 645:Middlewares/Third_Party/FreeRTOS/Source/stream_buffer.c ****                           TickType_t xTicksToWait )
 646:Middlewares/Third_Party/FreeRTOS/Source/stream_buffer.c **** {
 647:Middlewares/Third_Party/FreeRTOS/Source/stream_buffer.c ****     StreamBuffer_t * const pxStreamBuffer = xStreamBuffer;
 648:Middlewares/Third_Party/FreeRTOS/Source/stream_buffer.c ****     size_t xReturn, xSpace = 0;
 649:Middlewares/Third_Party/FreeRTOS/Source/stream_buffer.c ****     size_t xRequiredSpace = xDataLengthBytes;
 650:Middlewares/Third_Party/FreeRTOS/Source/stream_buffer.c ****     TimeOut_t xTimeOut;
 651:Middlewares/Third_Party/FreeRTOS/Source/stream_buffer.c ****     size_t xMaxReportedSpace = 0;
 652:Middlewares/Third_Party/FreeRTOS/Source/stream_buffer.c **** 
 653:Middlewares/Third_Party/FreeRTOS/Source/stream_buffer.c ****     configASSERT( pvTxData );
 654:Middlewares/Third_Party/FreeRTOS/Source/stream_buffer.c ****     configASSERT( pxStreamBuffer );
 655:Middlewares/Third_Party/FreeRTOS/Source/stream_buffer.c **** 
 656:Middlewares/Third_Party/FreeRTOS/Source/stream_buffer.c ****     /* The maximum amount of space a stream buffer will ever report is its length
 657:Middlewares/Third_Party/FreeRTOS/Source/stream_buffer.c ****      * minus 1. */
 658:Middlewares/Third_Party/FreeRTOS/Source/stream_buffer.c ****     xMaxReportedSpace = pxStreamBuffer->xLength - ( size_t ) 1;
 659:Middlewares/Third_Party/FreeRTOS/Source/stream_buffer.c **** 
ARM GAS  /tmp/ccTWZgXF.s 			page 13


 660:Middlewares/Third_Party/FreeRTOS/Source/stream_buffer.c ****     /* This send function is used to write to both message buffers and stream
 661:Middlewares/Third_Party/FreeRTOS/Source/stream_buffer.c ****      * buffers.  If this is a message buffer then the space needed must be
 662:Middlewares/Third_Party/FreeRTOS/Source/stream_buffer.c ****      * increased by the amount of bytes needed to store the length of the
 663:Middlewares/Third_Party/FreeRTOS/Source/stream_buffer.c ****      * message. */
 664:Middlewares/Third_Party/FreeRTOS/Source/stream_buffer.c ****     if( ( pxStreamBuffer->ucFlags & sbFLAGS_IS_MESSAGE_BUFFER ) != ( uint8_t ) 0 )
 665:Middlewares/Third_Party/FreeRTOS/Source/stream_buffer.c ****     {
 666:Middlewares/Third_Party/FreeRTOS/Source/stream_buffer.c ****         xRequiredSpace += sbBYTES_TO_STORE_MESSAGE_LENGTH;
 667:Middlewares/Third_Party/FreeRTOS/Source/stream_buffer.c **** 
 668:Middlewares/Third_Party/FreeRTOS/Source/stream_buffer.c ****         /* Overflow? */
 669:Middlewares/Third_Party/FreeRTOS/Source/stream_buffer.c ****         configASSERT( xRequiredSpace > xDataLengthBytes );
 670:Middlewares/Third_Party/FreeRTOS/Source/stream_buffer.c **** 
 671:Middlewares/Third_Party/FreeRTOS/Source/stream_buffer.c ****         /* If this is a message buffer then it must be possible to write the
 672:Middlewares/Third_Party/FreeRTOS/Source/stream_buffer.c ****          * whole message. */
 673:Middlewares/Third_Party/FreeRTOS/Source/stream_buffer.c ****         if( xRequiredSpace > xMaxReportedSpace )
 674:Middlewares/Third_Party/FreeRTOS/Source/stream_buffer.c ****         {
 675:Middlewares/Third_Party/FreeRTOS/Source/stream_buffer.c ****             /* The message would not fit even if the entire buffer was empty,
 676:Middlewares/Third_Party/FreeRTOS/Source/stream_buffer.c ****              * so don't wait for space. */
 677:Middlewares/Third_Party/FreeRTOS/Source/stream_buffer.c ****             xTicksToWait = ( TickType_t ) 0;
 678:Middlewares/Third_Party/FreeRTOS/Source/stream_buffer.c ****         }
 679:Middlewares/Third_Party/FreeRTOS/Source/stream_buffer.c ****         else
 680:Middlewares/Third_Party/FreeRTOS/Source/stream_buffer.c ****         {
 681:Middlewares/Third_Party/FreeRTOS/Source/stream_buffer.c ****             mtCOVERAGE_TEST_MARKER();
 682:Middlewares/Third_Party/FreeRTOS/Source/stream_buffer.c ****         }
 683:Middlewares/Third_Party/FreeRTOS/Source/stream_buffer.c ****     }
 684:Middlewares/Third_Party/FreeRTOS/Source/stream_buffer.c ****     else
 685:Middlewares/Third_Party/FreeRTOS/Source/stream_buffer.c ****     {
 686:Middlewares/Third_Party/FreeRTOS/Source/stream_buffer.c ****         /* If this is a stream buffer then it is acceptable to write only part
 687:Middlewares/Third_Party/FreeRTOS/Source/stream_buffer.c ****          * of the message to the buffer.  Cap the length to the total length of
 688:Middlewares/Third_Party/FreeRTOS/Source/stream_buffer.c ****          * the buffer. */
 689:Middlewares/Third_Party/FreeRTOS/Source/stream_buffer.c ****         if( xRequiredSpace > xMaxReportedSpace )
 690:Middlewares/Third_Party/FreeRTOS/Source/stream_buffer.c ****         {
 691:Middlewares/Third_Party/FreeRTOS/Source/stream_buffer.c ****             xRequiredSpace = xMaxReportedSpace;
 692:Middlewares/Third_Party/FreeRTOS/Source/stream_buffer.c ****         }
 693:Middlewares/Third_Party/FreeRTOS/Source/stream_buffer.c ****         else
 694:Middlewares/Third_Party/FreeRTOS/Source/stream_buffer.c ****         {
 695:Middlewares/Third_Party/FreeRTOS/Source/stream_buffer.c ****             mtCOVERAGE_TEST_MARKER();
 696:Middlewares/Third_Party/FreeRTOS/Source/stream_buffer.c ****         }
 697:Middlewares/Third_Party/FreeRTOS/Source/stream_buffer.c ****     }
 698:Middlewares/Third_Party/FreeRTOS/Source/stream_buffer.c **** 
 699:Middlewares/Third_Party/FreeRTOS/Source/stream_buffer.c ****     if( xTicksToWait != ( TickType_t ) 0 )
 700:Middlewares/Third_Party/FreeRTOS/Source/stream_buffer.c ****     {
 701:Middlewares/Third_Party/FreeRTOS/Source/stream_buffer.c ****         vTaskSetTimeOutState( &xTimeOut );
 702:Middlewares/Third_Party/FreeRTOS/Source/stream_buffer.c **** 
 703:Middlewares/Third_Party/FreeRTOS/Source/stream_buffer.c ****         do
 704:Middlewares/Third_Party/FreeRTOS/Source/stream_buffer.c ****         {
 705:Middlewares/Third_Party/FreeRTOS/Source/stream_buffer.c ****             /* Wait until the required number of bytes are free in the message
 706:Middlewares/Third_Party/FreeRTOS/Source/stream_buffer.c ****              * buffer. */
 707:Middlewares/Third_Party/FreeRTOS/Source/stream_buffer.c ****             taskENTER_CRITICAL();
 708:Middlewares/Third_Party/FreeRTOS/Source/stream_buffer.c ****             {
 709:Middlewares/Third_Party/FreeRTOS/Source/stream_buffer.c ****                 xSpace = xStreamBufferSpacesAvailable( pxStreamBuffer );
 710:Middlewares/Third_Party/FreeRTOS/Source/stream_buffer.c **** 
 711:Middlewares/Third_Party/FreeRTOS/Source/stream_buffer.c ****                 if( xSpace < xRequiredSpace )
 712:Middlewares/Third_Party/FreeRTOS/Source/stream_buffer.c ****                 {
 713:Middlewares/Third_Party/FreeRTOS/Source/stream_buffer.c ****                     /* Clear notification state as going to wait for space. */
 714:Middlewares/Third_Party/FreeRTOS/Source/stream_buffer.c ****                     ( void ) xTaskNotifyStateClear( NULL );
 715:Middlewares/Third_Party/FreeRTOS/Source/stream_buffer.c **** 
 716:Middlewares/Third_Party/FreeRTOS/Source/stream_buffer.c ****                     /* Should only be one writer. */
ARM GAS  /tmp/ccTWZgXF.s 			page 14


 717:Middlewares/Third_Party/FreeRTOS/Source/stream_buffer.c ****                     configASSERT( pxStreamBuffer->xTaskWaitingToSend == NULL );
 718:Middlewares/Third_Party/FreeRTOS/Source/stream_buffer.c ****                     pxStreamBuffer->xTaskWaitingToSend = xTaskGetCurrentTaskHandle();
 719:Middlewares/Third_Party/FreeRTOS/Source/stream_buffer.c ****                 }
 720:Middlewares/Third_Party/FreeRTOS/Source/stream_buffer.c ****                 else
 721:Middlewares/Third_Party/FreeRTOS/Source/stream_buffer.c ****                 {
 722:Middlewares/Third_Party/FreeRTOS/Source/stream_buffer.c ****                     taskEXIT_CRITICAL();
 723:Middlewares/Third_Party/FreeRTOS/Source/stream_buffer.c ****                     break;
 724:Middlewares/Third_Party/FreeRTOS/Source/stream_buffer.c ****                 }
 725:Middlewares/Third_Party/FreeRTOS/Source/stream_buffer.c ****             }
 726:Middlewares/Third_Party/FreeRTOS/Source/stream_buffer.c ****             taskEXIT_CRITICAL();
 727:Middlewares/Third_Party/FreeRTOS/Source/stream_buffer.c **** 
 728:Middlewares/Third_Party/FreeRTOS/Source/stream_buffer.c ****             traceBLOCKING_ON_STREAM_BUFFER_SEND( xStreamBuffer );
 729:Middlewares/Third_Party/FreeRTOS/Source/stream_buffer.c ****             ( void ) xTaskNotifyWait( ( uint32_t ) 0, ( uint32_t ) 0, NULL, xTicksToWait );
 730:Middlewares/Third_Party/FreeRTOS/Source/stream_buffer.c ****             pxStreamBuffer->xTaskWaitingToSend = NULL;
 731:Middlewares/Third_Party/FreeRTOS/Source/stream_buffer.c ****         } while( xTaskCheckForTimeOut( &xTimeOut, &xTicksToWait ) == pdFALSE );
 732:Middlewares/Third_Party/FreeRTOS/Source/stream_buffer.c ****     }
 733:Middlewares/Third_Party/FreeRTOS/Source/stream_buffer.c ****     else
 734:Middlewares/Third_Party/FreeRTOS/Source/stream_buffer.c ****     {
 735:Middlewares/Third_Party/FreeRTOS/Source/stream_buffer.c ****         mtCOVERAGE_TEST_MARKER();
 736:Middlewares/Third_Party/FreeRTOS/Source/stream_buffer.c ****     }
 737:Middlewares/Third_Party/FreeRTOS/Source/stream_buffer.c **** 
 738:Middlewares/Third_Party/FreeRTOS/Source/stream_buffer.c ****     if( xSpace == ( size_t ) 0 )
 739:Middlewares/Third_Party/FreeRTOS/Source/stream_buffer.c ****     {
 740:Middlewares/Third_Party/FreeRTOS/Source/stream_buffer.c ****         xSpace = xStreamBufferSpacesAvailable( pxStreamBuffer );
 741:Middlewares/Third_Party/FreeRTOS/Source/stream_buffer.c ****     }
 742:Middlewares/Third_Party/FreeRTOS/Source/stream_buffer.c ****     else
 743:Middlewares/Third_Party/FreeRTOS/Source/stream_buffer.c ****     {
 744:Middlewares/Third_Party/FreeRTOS/Source/stream_buffer.c ****         mtCOVERAGE_TEST_MARKER();
 745:Middlewares/Third_Party/FreeRTOS/Source/stream_buffer.c ****     }
 746:Middlewares/Third_Party/FreeRTOS/Source/stream_buffer.c **** 
 747:Middlewares/Third_Party/FreeRTOS/Source/stream_buffer.c ****     xReturn = prvWriteMessageToBuffer( pxStreamBuffer, pvTxData, xDataLengthBytes, xSpace, xRequire
 748:Middlewares/Third_Party/FreeRTOS/Source/stream_buffer.c **** 
 749:Middlewares/Third_Party/FreeRTOS/Source/stream_buffer.c ****     if( xReturn > ( size_t ) 0 )
 750:Middlewares/Third_Party/FreeRTOS/Source/stream_buffer.c ****     {
 751:Middlewares/Third_Party/FreeRTOS/Source/stream_buffer.c ****         traceSTREAM_BUFFER_SEND( xStreamBuffer, xReturn );
 752:Middlewares/Third_Party/FreeRTOS/Source/stream_buffer.c **** 
 753:Middlewares/Third_Party/FreeRTOS/Source/stream_buffer.c ****         /* Was a task waiting for the data? */
 754:Middlewares/Third_Party/FreeRTOS/Source/stream_buffer.c ****         if( prvBytesInBuffer( pxStreamBuffer ) >= pxStreamBuffer->xTriggerLevelBytes )
 755:Middlewares/Third_Party/FreeRTOS/Source/stream_buffer.c ****         {
 756:Middlewares/Third_Party/FreeRTOS/Source/stream_buffer.c ****             prvSEND_COMPLETED( pxStreamBuffer );
 757:Middlewares/Third_Party/FreeRTOS/Source/stream_buffer.c ****         }
 758:Middlewares/Third_Party/FreeRTOS/Source/stream_buffer.c ****         else
 759:Middlewares/Third_Party/FreeRTOS/Source/stream_buffer.c ****         {
 760:Middlewares/Third_Party/FreeRTOS/Source/stream_buffer.c ****             mtCOVERAGE_TEST_MARKER();
 761:Middlewares/Third_Party/FreeRTOS/Source/stream_buffer.c ****         }
 762:Middlewares/Third_Party/FreeRTOS/Source/stream_buffer.c ****     }
 763:Middlewares/Third_Party/FreeRTOS/Source/stream_buffer.c ****     else
 764:Middlewares/Third_Party/FreeRTOS/Source/stream_buffer.c ****     {
 765:Middlewares/Third_Party/FreeRTOS/Source/stream_buffer.c ****         mtCOVERAGE_TEST_MARKER();
 766:Middlewares/Third_Party/FreeRTOS/Source/stream_buffer.c ****         traceSTREAM_BUFFER_SEND_FAILED( xStreamBuffer );
 767:Middlewares/Third_Party/FreeRTOS/Source/stream_buffer.c ****     }
 768:Middlewares/Third_Party/FreeRTOS/Source/stream_buffer.c **** 
 769:Middlewares/Third_Party/FreeRTOS/Source/stream_buffer.c ****     return xReturn;
 770:Middlewares/Third_Party/FreeRTOS/Source/stream_buffer.c **** }
 771:Middlewares/Third_Party/FreeRTOS/Source/stream_buffer.c **** /*-----------------------------------------------------------*/
 772:Middlewares/Third_Party/FreeRTOS/Source/stream_buffer.c **** 
 773:Middlewares/Third_Party/FreeRTOS/Source/stream_buffer.c **** size_t xStreamBufferSendFromISR( StreamBufferHandle_t xStreamBuffer,
ARM GAS  /tmp/ccTWZgXF.s 			page 15


 774:Middlewares/Third_Party/FreeRTOS/Source/stream_buffer.c ****                                  const void * pvTxData,
 775:Middlewares/Third_Party/FreeRTOS/Source/stream_buffer.c ****                                  size_t xDataLengthBytes,
 776:Middlewares/Third_Party/FreeRTOS/Source/stream_buffer.c ****                                  BaseType_t * const pxHigherPriorityTaskWoken )
 777:Middlewares/Third_Party/FreeRTOS/Source/stream_buffer.c **** {
 778:Middlewares/Third_Party/FreeRTOS/Source/stream_buffer.c ****     StreamBuffer_t * const pxStreamBuffer = xStreamBuffer;
 779:Middlewares/Third_Party/FreeRTOS/Source/stream_buffer.c ****     size_t xReturn, xSpace;
 780:Middlewares/Third_Party/FreeRTOS/Source/stream_buffer.c ****     size_t xRequiredSpace = xDataLengthBytes;
 781:Middlewares/Third_Party/FreeRTOS/Source/stream_buffer.c **** 
 782:Middlewares/Third_Party/FreeRTOS/Source/stream_buffer.c ****     configASSERT( pvTxData );
 783:Middlewares/Third_Party/FreeRTOS/Source/stream_buffer.c ****     configASSERT( pxStreamBuffer );
 784:Middlewares/Third_Party/FreeRTOS/Source/stream_buffer.c **** 
 785:Middlewares/Third_Party/FreeRTOS/Source/stream_buffer.c ****     /* This send function is used to write to both message buffers and stream
 786:Middlewares/Third_Party/FreeRTOS/Source/stream_buffer.c ****      * buffers.  If this is a message buffer then the space needed must be
 787:Middlewares/Third_Party/FreeRTOS/Source/stream_buffer.c ****      * increased by the amount of bytes needed to store the length of the
 788:Middlewares/Third_Party/FreeRTOS/Source/stream_buffer.c ****      * message. */
 789:Middlewares/Third_Party/FreeRTOS/Source/stream_buffer.c ****     if( ( pxStreamBuffer->ucFlags & sbFLAGS_IS_MESSAGE_BUFFER ) != ( uint8_t ) 0 )
 790:Middlewares/Third_Party/FreeRTOS/Source/stream_buffer.c ****     {
 791:Middlewares/Third_Party/FreeRTOS/Source/stream_buffer.c ****         xRequiredSpace += sbBYTES_TO_STORE_MESSAGE_LENGTH;
 792:Middlewares/Third_Party/FreeRTOS/Source/stream_buffer.c ****     }
 793:Middlewares/Third_Party/FreeRTOS/Source/stream_buffer.c ****     else
 794:Middlewares/Third_Party/FreeRTOS/Source/stream_buffer.c ****     {
 795:Middlewares/Third_Party/FreeRTOS/Source/stream_buffer.c ****         mtCOVERAGE_TEST_MARKER();
 796:Middlewares/Third_Party/FreeRTOS/Source/stream_buffer.c ****     }
 797:Middlewares/Third_Party/FreeRTOS/Source/stream_buffer.c **** 
 798:Middlewares/Third_Party/FreeRTOS/Source/stream_buffer.c ****     xSpace = xStreamBufferSpacesAvailable( pxStreamBuffer );
 799:Middlewares/Third_Party/FreeRTOS/Source/stream_buffer.c ****     xReturn = prvWriteMessageToBuffer( pxStreamBuffer, pvTxData, xDataLengthBytes, xSpace, xRequire
 800:Middlewares/Third_Party/FreeRTOS/Source/stream_buffer.c **** 
 801:Middlewares/Third_Party/FreeRTOS/Source/stream_buffer.c ****     if( xReturn > ( size_t ) 0 )
 802:Middlewares/Third_Party/FreeRTOS/Source/stream_buffer.c ****     {
 803:Middlewares/Third_Party/FreeRTOS/Source/stream_buffer.c ****         /* Was a task waiting for the data? */
 804:Middlewares/Third_Party/FreeRTOS/Source/stream_buffer.c ****         if( prvBytesInBuffer( pxStreamBuffer ) >= pxStreamBuffer->xTriggerLevelBytes )
 805:Middlewares/Third_Party/FreeRTOS/Source/stream_buffer.c ****         {
 806:Middlewares/Third_Party/FreeRTOS/Source/stream_buffer.c ****             prvSEND_COMPLETE_FROM_ISR( pxStreamBuffer, pxHigherPriorityTaskWoken );
 807:Middlewares/Third_Party/FreeRTOS/Source/stream_buffer.c ****         }
 808:Middlewares/Third_Party/FreeRTOS/Source/stream_buffer.c ****         else
 809:Middlewares/Third_Party/FreeRTOS/Source/stream_buffer.c ****         {
 810:Middlewares/Third_Party/FreeRTOS/Source/stream_buffer.c ****             mtCOVERAGE_TEST_MARKER();
 811:Middlewares/Third_Party/FreeRTOS/Source/stream_buffer.c ****         }
 812:Middlewares/Third_Party/FreeRTOS/Source/stream_buffer.c ****     }
 813:Middlewares/Third_Party/FreeRTOS/Source/stream_buffer.c ****     else
 814:Middlewares/Third_Party/FreeRTOS/Source/stream_buffer.c ****     {
 815:Middlewares/Third_Party/FreeRTOS/Source/stream_buffer.c ****         mtCOVERAGE_TEST_MARKER();
 816:Middlewares/Third_Party/FreeRTOS/Source/stream_buffer.c ****     }
 817:Middlewares/Third_Party/FreeRTOS/Source/stream_buffer.c **** 
 818:Middlewares/Third_Party/FreeRTOS/Source/stream_buffer.c ****     traceSTREAM_BUFFER_SEND_FROM_ISR( xStreamBuffer, xReturn );
 819:Middlewares/Third_Party/FreeRTOS/Source/stream_buffer.c **** 
 820:Middlewares/Third_Party/FreeRTOS/Source/stream_buffer.c ****     return xReturn;
 821:Middlewares/Third_Party/FreeRTOS/Source/stream_buffer.c **** }
 822:Middlewares/Third_Party/FreeRTOS/Source/stream_buffer.c **** /*-----------------------------------------------------------*/
 823:Middlewares/Third_Party/FreeRTOS/Source/stream_buffer.c **** 
 824:Middlewares/Third_Party/FreeRTOS/Source/stream_buffer.c **** static size_t prvWriteMessageToBuffer( StreamBuffer_t * const pxStreamBuffer,
 825:Middlewares/Third_Party/FreeRTOS/Source/stream_buffer.c ****                                        const void * pvTxData,
 826:Middlewares/Third_Party/FreeRTOS/Source/stream_buffer.c ****                                        size_t xDataLengthBytes,
 827:Middlewares/Third_Party/FreeRTOS/Source/stream_buffer.c ****                                        size_t xSpace,
 828:Middlewares/Third_Party/FreeRTOS/Source/stream_buffer.c ****                                        size_t xRequiredSpace )
 829:Middlewares/Third_Party/FreeRTOS/Source/stream_buffer.c **** {
 830:Middlewares/Third_Party/FreeRTOS/Source/stream_buffer.c ****     size_t xNextHead = pxStreamBuffer->xHead;
ARM GAS  /tmp/ccTWZgXF.s 			page 16


 831:Middlewares/Third_Party/FreeRTOS/Source/stream_buffer.c ****     configMESSAGE_BUFFER_LENGTH_TYPE xMessageLength;
 832:Middlewares/Third_Party/FreeRTOS/Source/stream_buffer.c **** 
 833:Middlewares/Third_Party/FreeRTOS/Source/stream_buffer.c ****     if( ( pxStreamBuffer->ucFlags & sbFLAGS_IS_MESSAGE_BUFFER ) != ( uint8_t ) 0 )
 834:Middlewares/Third_Party/FreeRTOS/Source/stream_buffer.c ****     {
 835:Middlewares/Third_Party/FreeRTOS/Source/stream_buffer.c ****         /* This is a message buffer, as opposed to a stream buffer. */
 836:Middlewares/Third_Party/FreeRTOS/Source/stream_buffer.c **** 
 837:Middlewares/Third_Party/FreeRTOS/Source/stream_buffer.c ****         /* Convert xDataLengthBytes to the message length type. */
 838:Middlewares/Third_Party/FreeRTOS/Source/stream_buffer.c ****         xMessageLength = ( configMESSAGE_BUFFER_LENGTH_TYPE ) xDataLengthBytes;
 839:Middlewares/Third_Party/FreeRTOS/Source/stream_buffer.c **** 
 840:Middlewares/Third_Party/FreeRTOS/Source/stream_buffer.c ****         /* Ensure the data length given fits within configMESSAGE_BUFFER_LENGTH_TYPE. */
 841:Middlewares/Third_Party/FreeRTOS/Source/stream_buffer.c ****         configASSERT( ( size_t ) xMessageLength == xDataLengthBytes );
 842:Middlewares/Third_Party/FreeRTOS/Source/stream_buffer.c **** 
 843:Middlewares/Third_Party/FreeRTOS/Source/stream_buffer.c ****         if( xSpace >= xRequiredSpace )
 844:Middlewares/Third_Party/FreeRTOS/Source/stream_buffer.c ****         {
 845:Middlewares/Third_Party/FreeRTOS/Source/stream_buffer.c ****             /* There is enough space to write both the message length and the message
 846:Middlewares/Third_Party/FreeRTOS/Source/stream_buffer.c ****              * itself into the buffer.  Start by writing the length of the data, the data
 847:Middlewares/Third_Party/FreeRTOS/Source/stream_buffer.c ****              * itself will be written later in this function. */
 848:Middlewares/Third_Party/FreeRTOS/Source/stream_buffer.c ****             xNextHead = prvWriteBytesToBuffer( pxStreamBuffer, ( const uint8_t * ) &( xMessageLengt
 849:Middlewares/Third_Party/FreeRTOS/Source/stream_buffer.c ****         }
 850:Middlewares/Third_Party/FreeRTOS/Source/stream_buffer.c ****         else
 851:Middlewares/Third_Party/FreeRTOS/Source/stream_buffer.c ****         {
 852:Middlewares/Third_Party/FreeRTOS/Source/stream_buffer.c ****             /* Not enough space, so do not write data to the buffer. */
 853:Middlewares/Third_Party/FreeRTOS/Source/stream_buffer.c ****             xDataLengthBytes = 0;
 854:Middlewares/Third_Party/FreeRTOS/Source/stream_buffer.c ****         }
 855:Middlewares/Third_Party/FreeRTOS/Source/stream_buffer.c ****     }
 856:Middlewares/Third_Party/FreeRTOS/Source/stream_buffer.c ****     else
 857:Middlewares/Third_Party/FreeRTOS/Source/stream_buffer.c ****     {
 858:Middlewares/Third_Party/FreeRTOS/Source/stream_buffer.c ****         /* This is a stream buffer, as opposed to a message buffer, so writing a
 859:Middlewares/Third_Party/FreeRTOS/Source/stream_buffer.c ****          * stream of bytes rather than discrete messages.  Plan to write as many
 860:Middlewares/Third_Party/FreeRTOS/Source/stream_buffer.c ****          * bytes as possible. */
 861:Middlewares/Third_Party/FreeRTOS/Source/stream_buffer.c ****         xDataLengthBytes = configMIN( xDataLengthBytes, xSpace );
 862:Middlewares/Third_Party/FreeRTOS/Source/stream_buffer.c ****     }
 863:Middlewares/Third_Party/FreeRTOS/Source/stream_buffer.c **** 
 864:Middlewares/Third_Party/FreeRTOS/Source/stream_buffer.c ****     if( xDataLengthBytes != ( size_t ) 0 )
 865:Middlewares/Third_Party/FreeRTOS/Source/stream_buffer.c ****     {
 866:Middlewares/Third_Party/FreeRTOS/Source/stream_buffer.c ****         /* Write the data to the buffer. */
 867:Middlewares/Third_Party/FreeRTOS/Source/stream_buffer.c ****         pxStreamBuffer->xHead = prvWriteBytesToBuffer( pxStreamBuffer, ( const uint8_t * ) pvTxData
 868:Middlewares/Third_Party/FreeRTOS/Source/stream_buffer.c ****     }
 869:Middlewares/Third_Party/FreeRTOS/Source/stream_buffer.c **** 
 870:Middlewares/Third_Party/FreeRTOS/Source/stream_buffer.c ****     return xDataLengthBytes;
 871:Middlewares/Third_Party/FreeRTOS/Source/stream_buffer.c **** }
 872:Middlewares/Third_Party/FreeRTOS/Source/stream_buffer.c **** /*-----------------------------------------------------------*/
 873:Middlewares/Third_Party/FreeRTOS/Source/stream_buffer.c **** 
 874:Middlewares/Third_Party/FreeRTOS/Source/stream_buffer.c **** size_t xStreamBufferReceive( StreamBufferHandle_t xStreamBuffer,
 875:Middlewares/Third_Party/FreeRTOS/Source/stream_buffer.c ****                              void * pvRxData,
 876:Middlewares/Third_Party/FreeRTOS/Source/stream_buffer.c ****                              size_t xBufferLengthBytes,
 877:Middlewares/Third_Party/FreeRTOS/Source/stream_buffer.c ****                              TickType_t xTicksToWait )
 878:Middlewares/Third_Party/FreeRTOS/Source/stream_buffer.c **** {
 879:Middlewares/Third_Party/FreeRTOS/Source/stream_buffer.c ****     StreamBuffer_t * const pxStreamBuffer = xStreamBuffer;
 880:Middlewares/Third_Party/FreeRTOS/Source/stream_buffer.c ****     size_t xReceivedLength = 0, xBytesAvailable, xBytesToStoreMessageLength;
 881:Middlewares/Third_Party/FreeRTOS/Source/stream_buffer.c **** 
 882:Middlewares/Third_Party/FreeRTOS/Source/stream_buffer.c ****     configASSERT( pvRxData );
 883:Middlewares/Third_Party/FreeRTOS/Source/stream_buffer.c ****     configASSERT( pxStreamBuffer );
 884:Middlewares/Third_Party/FreeRTOS/Source/stream_buffer.c **** 
 885:Middlewares/Third_Party/FreeRTOS/Source/stream_buffer.c ****     /* This receive function is used by both message buffers, which store
 886:Middlewares/Third_Party/FreeRTOS/Source/stream_buffer.c ****      * discrete messages, and stream buffers, which store a continuous stream of
 887:Middlewares/Third_Party/FreeRTOS/Source/stream_buffer.c ****      * bytes.  Discrete messages include an additional
ARM GAS  /tmp/ccTWZgXF.s 			page 17


 888:Middlewares/Third_Party/FreeRTOS/Source/stream_buffer.c ****      * sbBYTES_TO_STORE_MESSAGE_LENGTH bytes that hold the length of the
 889:Middlewares/Third_Party/FreeRTOS/Source/stream_buffer.c ****      * message. */
 890:Middlewares/Third_Party/FreeRTOS/Source/stream_buffer.c ****     if( ( pxStreamBuffer->ucFlags & sbFLAGS_IS_MESSAGE_BUFFER ) != ( uint8_t ) 0 )
 891:Middlewares/Third_Party/FreeRTOS/Source/stream_buffer.c ****     {
 892:Middlewares/Third_Party/FreeRTOS/Source/stream_buffer.c ****         xBytesToStoreMessageLength = sbBYTES_TO_STORE_MESSAGE_LENGTH;
 893:Middlewares/Third_Party/FreeRTOS/Source/stream_buffer.c ****     }
 894:Middlewares/Third_Party/FreeRTOS/Source/stream_buffer.c ****     else
 895:Middlewares/Third_Party/FreeRTOS/Source/stream_buffer.c ****     {
 896:Middlewares/Third_Party/FreeRTOS/Source/stream_buffer.c ****         xBytesToStoreMessageLength = 0;
 897:Middlewares/Third_Party/FreeRTOS/Source/stream_buffer.c ****     }
 898:Middlewares/Third_Party/FreeRTOS/Source/stream_buffer.c **** 
 899:Middlewares/Third_Party/FreeRTOS/Source/stream_buffer.c ****     if( xTicksToWait != ( TickType_t ) 0 )
 900:Middlewares/Third_Party/FreeRTOS/Source/stream_buffer.c ****     {
 901:Middlewares/Third_Party/FreeRTOS/Source/stream_buffer.c ****         /* Checking if there is data and clearing the notification state must be
 902:Middlewares/Third_Party/FreeRTOS/Source/stream_buffer.c ****          * performed atomically. */
 903:Middlewares/Third_Party/FreeRTOS/Source/stream_buffer.c ****         taskENTER_CRITICAL();
 904:Middlewares/Third_Party/FreeRTOS/Source/stream_buffer.c ****         {
 905:Middlewares/Third_Party/FreeRTOS/Source/stream_buffer.c ****             xBytesAvailable = prvBytesInBuffer( pxStreamBuffer );
 906:Middlewares/Third_Party/FreeRTOS/Source/stream_buffer.c **** 
 907:Middlewares/Third_Party/FreeRTOS/Source/stream_buffer.c ****             /* If this function was invoked by a message buffer read then
 908:Middlewares/Third_Party/FreeRTOS/Source/stream_buffer.c ****              * xBytesToStoreMessageLength holds the number of bytes used to hold
 909:Middlewares/Third_Party/FreeRTOS/Source/stream_buffer.c ****              * the length of the next discrete message.  If this function was
 910:Middlewares/Third_Party/FreeRTOS/Source/stream_buffer.c ****              * invoked by a stream buffer read then xBytesToStoreMessageLength will
 911:Middlewares/Third_Party/FreeRTOS/Source/stream_buffer.c ****              * be 0. */
 912:Middlewares/Third_Party/FreeRTOS/Source/stream_buffer.c ****             if( xBytesAvailable <= xBytesToStoreMessageLength )
 913:Middlewares/Third_Party/FreeRTOS/Source/stream_buffer.c ****             {
 914:Middlewares/Third_Party/FreeRTOS/Source/stream_buffer.c ****                 /* Clear notification state as going to wait for data. */
 915:Middlewares/Third_Party/FreeRTOS/Source/stream_buffer.c ****                 ( void ) xTaskNotifyStateClear( NULL );
 916:Middlewares/Third_Party/FreeRTOS/Source/stream_buffer.c **** 
 917:Middlewares/Third_Party/FreeRTOS/Source/stream_buffer.c ****                 /* Should only be one reader. */
 918:Middlewares/Third_Party/FreeRTOS/Source/stream_buffer.c ****                 configASSERT( pxStreamBuffer->xTaskWaitingToReceive == NULL );
 919:Middlewares/Third_Party/FreeRTOS/Source/stream_buffer.c ****                 pxStreamBuffer->xTaskWaitingToReceive = xTaskGetCurrentTaskHandle();
 920:Middlewares/Third_Party/FreeRTOS/Source/stream_buffer.c ****             }
 921:Middlewares/Third_Party/FreeRTOS/Source/stream_buffer.c ****             else
 922:Middlewares/Third_Party/FreeRTOS/Source/stream_buffer.c ****             {
 923:Middlewares/Third_Party/FreeRTOS/Source/stream_buffer.c ****                 mtCOVERAGE_TEST_MARKER();
 924:Middlewares/Third_Party/FreeRTOS/Source/stream_buffer.c ****             }
 925:Middlewares/Third_Party/FreeRTOS/Source/stream_buffer.c ****         }
 926:Middlewares/Third_Party/FreeRTOS/Source/stream_buffer.c ****         taskEXIT_CRITICAL();
 927:Middlewares/Third_Party/FreeRTOS/Source/stream_buffer.c **** 
 928:Middlewares/Third_Party/FreeRTOS/Source/stream_buffer.c ****         if( xBytesAvailable <= xBytesToStoreMessageLength )
 929:Middlewares/Third_Party/FreeRTOS/Source/stream_buffer.c ****         {
 930:Middlewares/Third_Party/FreeRTOS/Source/stream_buffer.c ****             /* Wait for data to be available. */
 931:Middlewares/Third_Party/FreeRTOS/Source/stream_buffer.c ****             traceBLOCKING_ON_STREAM_BUFFER_RECEIVE( xStreamBuffer );
 932:Middlewares/Third_Party/FreeRTOS/Source/stream_buffer.c ****             ( void ) xTaskNotifyWait( ( uint32_t ) 0, ( uint32_t ) 0, NULL, xTicksToWait );
 933:Middlewares/Third_Party/FreeRTOS/Source/stream_buffer.c ****             pxStreamBuffer->xTaskWaitingToReceive = NULL;
 934:Middlewares/Third_Party/FreeRTOS/Source/stream_buffer.c **** 
 935:Middlewares/Third_Party/FreeRTOS/Source/stream_buffer.c ****             /* Recheck the data available after blocking. */
 936:Middlewares/Third_Party/FreeRTOS/Source/stream_buffer.c ****             xBytesAvailable = prvBytesInBuffer( pxStreamBuffer );
 937:Middlewares/Third_Party/FreeRTOS/Source/stream_buffer.c ****         }
 938:Middlewares/Third_Party/FreeRTOS/Source/stream_buffer.c ****         else
 939:Middlewares/Third_Party/FreeRTOS/Source/stream_buffer.c ****         {
 940:Middlewares/Third_Party/FreeRTOS/Source/stream_buffer.c ****             mtCOVERAGE_TEST_MARKER();
 941:Middlewares/Third_Party/FreeRTOS/Source/stream_buffer.c ****         }
 942:Middlewares/Third_Party/FreeRTOS/Source/stream_buffer.c ****     }
 943:Middlewares/Third_Party/FreeRTOS/Source/stream_buffer.c ****     else
 944:Middlewares/Third_Party/FreeRTOS/Source/stream_buffer.c ****     {
ARM GAS  /tmp/ccTWZgXF.s 			page 18


 945:Middlewares/Third_Party/FreeRTOS/Source/stream_buffer.c ****         xBytesAvailable = prvBytesInBuffer( pxStreamBuffer );
 946:Middlewares/Third_Party/FreeRTOS/Source/stream_buffer.c ****     }
 947:Middlewares/Third_Party/FreeRTOS/Source/stream_buffer.c **** 
 948:Middlewares/Third_Party/FreeRTOS/Source/stream_buffer.c ****     /* Whether receiving a discrete message (where xBytesToStoreMessageLength
 949:Middlewares/Third_Party/FreeRTOS/Source/stream_buffer.c ****      * holds the number of bytes used to store the message length) or a stream of
 950:Middlewares/Third_Party/FreeRTOS/Source/stream_buffer.c ****      * bytes (where xBytesToStoreMessageLength is zero), the number of bytes
 951:Middlewares/Third_Party/FreeRTOS/Source/stream_buffer.c ****      * available must be greater than xBytesToStoreMessageLength to be able to
 952:Middlewares/Third_Party/FreeRTOS/Source/stream_buffer.c ****      * read bytes from the buffer. */
 953:Middlewares/Third_Party/FreeRTOS/Source/stream_buffer.c ****     if( xBytesAvailable > xBytesToStoreMessageLength )
 954:Middlewares/Third_Party/FreeRTOS/Source/stream_buffer.c ****     {
 955:Middlewares/Third_Party/FreeRTOS/Source/stream_buffer.c ****         xReceivedLength = prvReadMessageFromBuffer( pxStreamBuffer, pvRxData, xBufferLengthBytes, x
 956:Middlewares/Third_Party/FreeRTOS/Source/stream_buffer.c **** 
 957:Middlewares/Third_Party/FreeRTOS/Source/stream_buffer.c ****         /* Was a task waiting for space in the buffer? */
 958:Middlewares/Third_Party/FreeRTOS/Source/stream_buffer.c ****         if( xReceivedLength != ( size_t ) 0 )
 959:Middlewares/Third_Party/FreeRTOS/Source/stream_buffer.c ****         {
 960:Middlewares/Third_Party/FreeRTOS/Source/stream_buffer.c ****             traceSTREAM_BUFFER_RECEIVE( xStreamBuffer, xReceivedLength );
 961:Middlewares/Third_Party/FreeRTOS/Source/stream_buffer.c ****             prvRECEIVE_COMPLETED( xStreamBuffer );
 962:Middlewares/Third_Party/FreeRTOS/Source/stream_buffer.c ****         }
 963:Middlewares/Third_Party/FreeRTOS/Source/stream_buffer.c ****         else
 964:Middlewares/Third_Party/FreeRTOS/Source/stream_buffer.c ****         {
 965:Middlewares/Third_Party/FreeRTOS/Source/stream_buffer.c ****             mtCOVERAGE_TEST_MARKER();
 966:Middlewares/Third_Party/FreeRTOS/Source/stream_buffer.c ****         }
 967:Middlewares/Third_Party/FreeRTOS/Source/stream_buffer.c ****     }
 968:Middlewares/Third_Party/FreeRTOS/Source/stream_buffer.c ****     else
 969:Middlewares/Third_Party/FreeRTOS/Source/stream_buffer.c ****     {
 970:Middlewares/Third_Party/FreeRTOS/Source/stream_buffer.c ****         traceSTREAM_BUFFER_RECEIVE_FAILED( xStreamBuffer );
 971:Middlewares/Third_Party/FreeRTOS/Source/stream_buffer.c ****         mtCOVERAGE_TEST_MARKER();
 972:Middlewares/Third_Party/FreeRTOS/Source/stream_buffer.c ****     }
 973:Middlewares/Third_Party/FreeRTOS/Source/stream_buffer.c **** 
 974:Middlewares/Third_Party/FreeRTOS/Source/stream_buffer.c ****     return xReceivedLength;
 975:Middlewares/Third_Party/FreeRTOS/Source/stream_buffer.c **** }
 976:Middlewares/Third_Party/FreeRTOS/Source/stream_buffer.c **** /*-----------------------------------------------------------*/
 977:Middlewares/Third_Party/FreeRTOS/Source/stream_buffer.c **** 
 978:Middlewares/Third_Party/FreeRTOS/Source/stream_buffer.c **** size_t xStreamBufferNextMessageLengthBytes( StreamBufferHandle_t xStreamBuffer )
 979:Middlewares/Third_Party/FreeRTOS/Source/stream_buffer.c **** {
 980:Middlewares/Third_Party/FreeRTOS/Source/stream_buffer.c ****     StreamBuffer_t * const pxStreamBuffer = xStreamBuffer;
 981:Middlewares/Third_Party/FreeRTOS/Source/stream_buffer.c ****     size_t xReturn, xBytesAvailable;
 982:Middlewares/Third_Party/FreeRTOS/Source/stream_buffer.c ****     configMESSAGE_BUFFER_LENGTH_TYPE xTempReturn;
 983:Middlewares/Third_Party/FreeRTOS/Source/stream_buffer.c **** 
 984:Middlewares/Third_Party/FreeRTOS/Source/stream_buffer.c ****     configASSERT( pxStreamBuffer );
 985:Middlewares/Third_Party/FreeRTOS/Source/stream_buffer.c **** 
 986:Middlewares/Third_Party/FreeRTOS/Source/stream_buffer.c ****     /* Ensure the stream buffer is being used as a message buffer. */
 987:Middlewares/Third_Party/FreeRTOS/Source/stream_buffer.c ****     if( ( pxStreamBuffer->ucFlags & sbFLAGS_IS_MESSAGE_BUFFER ) != ( uint8_t ) 0 )
 988:Middlewares/Third_Party/FreeRTOS/Source/stream_buffer.c ****     {
 989:Middlewares/Third_Party/FreeRTOS/Source/stream_buffer.c ****         xBytesAvailable = prvBytesInBuffer( pxStreamBuffer );
 990:Middlewares/Third_Party/FreeRTOS/Source/stream_buffer.c **** 
 991:Middlewares/Third_Party/FreeRTOS/Source/stream_buffer.c ****         if( xBytesAvailable > sbBYTES_TO_STORE_MESSAGE_LENGTH )
 992:Middlewares/Third_Party/FreeRTOS/Source/stream_buffer.c ****         {
 993:Middlewares/Third_Party/FreeRTOS/Source/stream_buffer.c ****             /* The number of bytes available is greater than the number of bytes
 994:Middlewares/Third_Party/FreeRTOS/Source/stream_buffer.c ****              * required to hold the length of the next message, so another message
 995:Middlewares/Third_Party/FreeRTOS/Source/stream_buffer.c ****              * is available. */
 996:Middlewares/Third_Party/FreeRTOS/Source/stream_buffer.c ****             ( void ) prvReadBytesFromBuffer( pxStreamBuffer, ( uint8_t * ) &xTempReturn, sbBYTES_TO
 997:Middlewares/Third_Party/FreeRTOS/Source/stream_buffer.c ****             xReturn = ( size_t ) xTempReturn;
 998:Middlewares/Third_Party/FreeRTOS/Source/stream_buffer.c ****         }
 999:Middlewares/Third_Party/FreeRTOS/Source/stream_buffer.c ****         else
1000:Middlewares/Third_Party/FreeRTOS/Source/stream_buffer.c ****         {
1001:Middlewares/Third_Party/FreeRTOS/Source/stream_buffer.c ****             /* The minimum amount of bytes in a message buffer is
ARM GAS  /tmp/ccTWZgXF.s 			page 19


1002:Middlewares/Third_Party/FreeRTOS/Source/stream_buffer.c ****              * ( sbBYTES_TO_STORE_MESSAGE_LENGTH + 1 ), so if xBytesAvailable is
1003:Middlewares/Third_Party/FreeRTOS/Source/stream_buffer.c ****              * less than sbBYTES_TO_STORE_MESSAGE_LENGTH the only other valid
1004:Middlewares/Third_Party/FreeRTOS/Source/stream_buffer.c ****              * value is 0. */
1005:Middlewares/Third_Party/FreeRTOS/Source/stream_buffer.c ****             configASSERT( xBytesAvailable == 0 );
1006:Middlewares/Third_Party/FreeRTOS/Source/stream_buffer.c ****             xReturn = 0;
1007:Middlewares/Third_Party/FreeRTOS/Source/stream_buffer.c ****         }
1008:Middlewares/Third_Party/FreeRTOS/Source/stream_buffer.c ****     }
1009:Middlewares/Third_Party/FreeRTOS/Source/stream_buffer.c ****     else
1010:Middlewares/Third_Party/FreeRTOS/Source/stream_buffer.c ****     {
1011:Middlewares/Third_Party/FreeRTOS/Source/stream_buffer.c ****         xReturn = 0;
1012:Middlewares/Third_Party/FreeRTOS/Source/stream_buffer.c ****     }
1013:Middlewares/Third_Party/FreeRTOS/Source/stream_buffer.c **** 
1014:Middlewares/Third_Party/FreeRTOS/Source/stream_buffer.c ****     return xReturn;
1015:Middlewares/Third_Party/FreeRTOS/Source/stream_buffer.c **** }
1016:Middlewares/Third_Party/FreeRTOS/Source/stream_buffer.c **** /*-----------------------------------------------------------*/
1017:Middlewares/Third_Party/FreeRTOS/Source/stream_buffer.c **** 
1018:Middlewares/Third_Party/FreeRTOS/Source/stream_buffer.c **** size_t xStreamBufferReceiveFromISR( StreamBufferHandle_t xStreamBuffer,
1019:Middlewares/Third_Party/FreeRTOS/Source/stream_buffer.c ****                                     void * pvRxData,
1020:Middlewares/Third_Party/FreeRTOS/Source/stream_buffer.c ****                                     size_t xBufferLengthBytes,
1021:Middlewares/Third_Party/FreeRTOS/Source/stream_buffer.c ****                                     BaseType_t * const pxHigherPriorityTaskWoken )
1022:Middlewares/Third_Party/FreeRTOS/Source/stream_buffer.c **** {
1023:Middlewares/Third_Party/FreeRTOS/Source/stream_buffer.c ****     StreamBuffer_t * const pxStreamBuffer = xStreamBuffer;
1024:Middlewares/Third_Party/FreeRTOS/Source/stream_buffer.c ****     size_t xReceivedLength = 0, xBytesAvailable, xBytesToStoreMessageLength;
1025:Middlewares/Third_Party/FreeRTOS/Source/stream_buffer.c **** 
1026:Middlewares/Third_Party/FreeRTOS/Source/stream_buffer.c ****     configASSERT( pvRxData );
1027:Middlewares/Third_Party/FreeRTOS/Source/stream_buffer.c ****     configASSERT( pxStreamBuffer );
1028:Middlewares/Third_Party/FreeRTOS/Source/stream_buffer.c **** 
1029:Middlewares/Third_Party/FreeRTOS/Source/stream_buffer.c ****     /* This receive function is used by both message buffers, which store
1030:Middlewares/Third_Party/FreeRTOS/Source/stream_buffer.c ****      * discrete messages, and stream buffers, which store a continuous stream of
1031:Middlewares/Third_Party/FreeRTOS/Source/stream_buffer.c ****      * bytes.  Discrete messages include an additional
1032:Middlewares/Third_Party/FreeRTOS/Source/stream_buffer.c ****      * sbBYTES_TO_STORE_MESSAGE_LENGTH bytes that hold the length of the
1033:Middlewares/Third_Party/FreeRTOS/Source/stream_buffer.c ****      * message. */
1034:Middlewares/Third_Party/FreeRTOS/Source/stream_buffer.c ****     if( ( pxStreamBuffer->ucFlags & sbFLAGS_IS_MESSAGE_BUFFER ) != ( uint8_t ) 0 )
1035:Middlewares/Third_Party/FreeRTOS/Source/stream_buffer.c ****     {
1036:Middlewares/Third_Party/FreeRTOS/Source/stream_buffer.c ****         xBytesToStoreMessageLength = sbBYTES_TO_STORE_MESSAGE_LENGTH;
1037:Middlewares/Third_Party/FreeRTOS/Source/stream_buffer.c ****     }
1038:Middlewares/Third_Party/FreeRTOS/Source/stream_buffer.c ****     else
1039:Middlewares/Third_Party/FreeRTOS/Source/stream_buffer.c ****     {
1040:Middlewares/Third_Party/FreeRTOS/Source/stream_buffer.c ****         xBytesToStoreMessageLength = 0;
1041:Middlewares/Third_Party/FreeRTOS/Source/stream_buffer.c ****     }
1042:Middlewares/Third_Party/FreeRTOS/Source/stream_buffer.c **** 
1043:Middlewares/Third_Party/FreeRTOS/Source/stream_buffer.c ****     xBytesAvailable = prvBytesInBuffer( pxStreamBuffer );
1044:Middlewares/Third_Party/FreeRTOS/Source/stream_buffer.c **** 
1045:Middlewares/Third_Party/FreeRTOS/Source/stream_buffer.c ****     /* Whether receiving a discrete message (where xBytesToStoreMessageLength
1046:Middlewares/Third_Party/FreeRTOS/Source/stream_buffer.c ****      * holds the number of bytes used to store the message length) or a stream of
1047:Middlewares/Third_Party/FreeRTOS/Source/stream_buffer.c ****      * bytes (where xBytesToStoreMessageLength is zero), the number of bytes
1048:Middlewares/Third_Party/FreeRTOS/Source/stream_buffer.c ****      * available must be greater than xBytesToStoreMessageLength to be able to
1049:Middlewares/Third_Party/FreeRTOS/Source/stream_buffer.c ****      * read bytes from the buffer. */
1050:Middlewares/Third_Party/FreeRTOS/Source/stream_buffer.c ****     if( xBytesAvailable > xBytesToStoreMessageLength )
1051:Middlewares/Third_Party/FreeRTOS/Source/stream_buffer.c ****     {
1052:Middlewares/Third_Party/FreeRTOS/Source/stream_buffer.c ****         xReceivedLength = prvReadMessageFromBuffer( pxStreamBuffer, pvRxData, xBufferLengthBytes, x
1053:Middlewares/Third_Party/FreeRTOS/Source/stream_buffer.c **** 
1054:Middlewares/Third_Party/FreeRTOS/Source/stream_buffer.c ****         /* Was a task waiting for space in the buffer? */
1055:Middlewares/Third_Party/FreeRTOS/Source/stream_buffer.c ****         if( xReceivedLength != ( size_t ) 0 )
1056:Middlewares/Third_Party/FreeRTOS/Source/stream_buffer.c ****         {
1057:Middlewares/Third_Party/FreeRTOS/Source/stream_buffer.c ****             prvRECEIVE_COMPLETED_FROM_ISR( pxStreamBuffer, pxHigherPriorityTaskWoken );
1058:Middlewares/Third_Party/FreeRTOS/Source/stream_buffer.c ****         }
ARM GAS  /tmp/ccTWZgXF.s 			page 20


1059:Middlewares/Third_Party/FreeRTOS/Source/stream_buffer.c ****         else
1060:Middlewares/Third_Party/FreeRTOS/Source/stream_buffer.c ****         {
1061:Middlewares/Third_Party/FreeRTOS/Source/stream_buffer.c ****             mtCOVERAGE_TEST_MARKER();
1062:Middlewares/Third_Party/FreeRTOS/Source/stream_buffer.c ****         }
1063:Middlewares/Third_Party/FreeRTOS/Source/stream_buffer.c ****     }
1064:Middlewares/Third_Party/FreeRTOS/Source/stream_buffer.c ****     else
1065:Middlewares/Third_Party/FreeRTOS/Source/stream_buffer.c ****     {
1066:Middlewares/Third_Party/FreeRTOS/Source/stream_buffer.c ****         mtCOVERAGE_TEST_MARKER();
1067:Middlewares/Third_Party/FreeRTOS/Source/stream_buffer.c ****     }
1068:Middlewares/Third_Party/FreeRTOS/Source/stream_buffer.c **** 
1069:Middlewares/Third_Party/FreeRTOS/Source/stream_buffer.c ****     traceSTREAM_BUFFER_RECEIVE_FROM_ISR( xStreamBuffer, xReceivedLength );
1070:Middlewares/Third_Party/FreeRTOS/Source/stream_buffer.c **** 
1071:Middlewares/Third_Party/FreeRTOS/Source/stream_buffer.c ****     return xReceivedLength;
1072:Middlewares/Third_Party/FreeRTOS/Source/stream_buffer.c **** }
1073:Middlewares/Third_Party/FreeRTOS/Source/stream_buffer.c **** /*-----------------------------------------------------------*/
1074:Middlewares/Third_Party/FreeRTOS/Source/stream_buffer.c **** 
1075:Middlewares/Third_Party/FreeRTOS/Source/stream_buffer.c **** static size_t prvReadMessageFromBuffer( StreamBuffer_t * pxStreamBuffer,
1076:Middlewares/Third_Party/FreeRTOS/Source/stream_buffer.c ****                                         void * pvRxData,
1077:Middlewares/Third_Party/FreeRTOS/Source/stream_buffer.c ****                                         size_t xBufferLengthBytes,
1078:Middlewares/Third_Party/FreeRTOS/Source/stream_buffer.c ****                                         size_t xBytesAvailable )
1079:Middlewares/Third_Party/FreeRTOS/Source/stream_buffer.c **** {
1080:Middlewares/Third_Party/FreeRTOS/Source/stream_buffer.c ****     size_t xCount, xNextMessageLength;
1081:Middlewares/Third_Party/FreeRTOS/Source/stream_buffer.c ****     configMESSAGE_BUFFER_LENGTH_TYPE xTempNextMessageLength;
1082:Middlewares/Third_Party/FreeRTOS/Source/stream_buffer.c ****     size_t xNextTail = pxStreamBuffer->xTail;
1083:Middlewares/Third_Party/FreeRTOS/Source/stream_buffer.c **** 
1084:Middlewares/Third_Party/FreeRTOS/Source/stream_buffer.c ****     if( ( pxStreamBuffer->ucFlags & sbFLAGS_IS_MESSAGE_BUFFER ) != ( uint8_t ) 0 )
1085:Middlewares/Third_Party/FreeRTOS/Source/stream_buffer.c ****     {
1086:Middlewares/Third_Party/FreeRTOS/Source/stream_buffer.c ****         /* A discrete message is being received.  First receive the length
1087:Middlewares/Third_Party/FreeRTOS/Source/stream_buffer.c ****          * of the message. */
1088:Middlewares/Third_Party/FreeRTOS/Source/stream_buffer.c ****         xNextTail = prvReadBytesFromBuffer( pxStreamBuffer, ( uint8_t * ) &xTempNextMessageLength, 
1089:Middlewares/Third_Party/FreeRTOS/Source/stream_buffer.c ****         xNextMessageLength = ( size_t ) xTempNextMessageLength;
1090:Middlewares/Third_Party/FreeRTOS/Source/stream_buffer.c **** 
1091:Middlewares/Third_Party/FreeRTOS/Source/stream_buffer.c ****         /* Reduce the number of bytes available by the number of bytes just
1092:Middlewares/Third_Party/FreeRTOS/Source/stream_buffer.c ****          * read out. */
1093:Middlewares/Third_Party/FreeRTOS/Source/stream_buffer.c ****         xBytesAvailable -= sbBYTES_TO_STORE_MESSAGE_LENGTH;
1094:Middlewares/Third_Party/FreeRTOS/Source/stream_buffer.c **** 
1095:Middlewares/Third_Party/FreeRTOS/Source/stream_buffer.c ****         /* Check there is enough space in the buffer provided by the
1096:Middlewares/Third_Party/FreeRTOS/Source/stream_buffer.c ****          * user. */
1097:Middlewares/Third_Party/FreeRTOS/Source/stream_buffer.c ****         if( xNextMessageLength > xBufferLengthBytes )
1098:Middlewares/Third_Party/FreeRTOS/Source/stream_buffer.c ****         {
1099:Middlewares/Third_Party/FreeRTOS/Source/stream_buffer.c ****             /* The user has provided insufficient space to read the message. */
1100:Middlewares/Third_Party/FreeRTOS/Source/stream_buffer.c ****             xNextMessageLength = 0;
1101:Middlewares/Third_Party/FreeRTOS/Source/stream_buffer.c ****         }
1102:Middlewares/Third_Party/FreeRTOS/Source/stream_buffer.c ****         else
1103:Middlewares/Third_Party/FreeRTOS/Source/stream_buffer.c ****         {
1104:Middlewares/Third_Party/FreeRTOS/Source/stream_buffer.c ****             mtCOVERAGE_TEST_MARKER();
1105:Middlewares/Third_Party/FreeRTOS/Source/stream_buffer.c ****         }
1106:Middlewares/Third_Party/FreeRTOS/Source/stream_buffer.c ****     }
1107:Middlewares/Third_Party/FreeRTOS/Source/stream_buffer.c ****     else
1108:Middlewares/Third_Party/FreeRTOS/Source/stream_buffer.c ****     {
1109:Middlewares/Third_Party/FreeRTOS/Source/stream_buffer.c ****         /* A stream of bytes is being received (as opposed to a discrete
1110:Middlewares/Third_Party/FreeRTOS/Source/stream_buffer.c ****          * message), so read as many bytes as possible. */
1111:Middlewares/Third_Party/FreeRTOS/Source/stream_buffer.c ****         xNextMessageLength = xBufferLengthBytes;
1112:Middlewares/Third_Party/FreeRTOS/Source/stream_buffer.c ****     }
1113:Middlewares/Third_Party/FreeRTOS/Source/stream_buffer.c **** 
1114:Middlewares/Third_Party/FreeRTOS/Source/stream_buffer.c ****     /* Use the minimum of the wanted bytes and the available bytes. */
1115:Middlewares/Third_Party/FreeRTOS/Source/stream_buffer.c ****     xCount = configMIN( xNextMessageLength, xBytesAvailable );
ARM GAS  /tmp/ccTWZgXF.s 			page 21


1116:Middlewares/Third_Party/FreeRTOS/Source/stream_buffer.c **** 
1117:Middlewares/Third_Party/FreeRTOS/Source/stream_buffer.c ****     if( xCount != ( size_t ) 0 )
1118:Middlewares/Third_Party/FreeRTOS/Source/stream_buffer.c ****     {
1119:Middlewares/Third_Party/FreeRTOS/Source/stream_buffer.c ****         /* Read the actual data and update the tail to mark the data as officially consumed. */
1120:Middlewares/Third_Party/FreeRTOS/Source/stream_buffer.c ****         pxStreamBuffer->xTail = prvReadBytesFromBuffer( pxStreamBuffer, ( uint8_t * ) pvRxData, xCo
1121:Middlewares/Third_Party/FreeRTOS/Source/stream_buffer.c ****     }
1122:Middlewares/Third_Party/FreeRTOS/Source/stream_buffer.c **** 
1123:Middlewares/Third_Party/FreeRTOS/Source/stream_buffer.c ****     return xCount;
1124:Middlewares/Third_Party/FreeRTOS/Source/stream_buffer.c **** }
1125:Middlewares/Third_Party/FreeRTOS/Source/stream_buffer.c **** /*-----------------------------------------------------------*/
1126:Middlewares/Third_Party/FreeRTOS/Source/stream_buffer.c **** 
1127:Middlewares/Third_Party/FreeRTOS/Source/stream_buffer.c **** BaseType_t xStreamBufferIsEmpty( StreamBufferHandle_t xStreamBuffer )
1128:Middlewares/Third_Party/FreeRTOS/Source/stream_buffer.c **** {
1129:Middlewares/Third_Party/FreeRTOS/Source/stream_buffer.c ****     const StreamBuffer_t * const pxStreamBuffer = xStreamBuffer;
1130:Middlewares/Third_Party/FreeRTOS/Source/stream_buffer.c ****     BaseType_t xReturn;
1131:Middlewares/Third_Party/FreeRTOS/Source/stream_buffer.c ****     size_t xTail;
1132:Middlewares/Third_Party/FreeRTOS/Source/stream_buffer.c **** 
1133:Middlewares/Third_Party/FreeRTOS/Source/stream_buffer.c ****     configASSERT( pxStreamBuffer );
1134:Middlewares/Third_Party/FreeRTOS/Source/stream_buffer.c **** 
1135:Middlewares/Third_Party/FreeRTOS/Source/stream_buffer.c ****     /* True if no bytes are available. */
1136:Middlewares/Third_Party/FreeRTOS/Source/stream_buffer.c ****     xTail = pxStreamBuffer->xTail;
1137:Middlewares/Third_Party/FreeRTOS/Source/stream_buffer.c **** 
1138:Middlewares/Third_Party/FreeRTOS/Source/stream_buffer.c ****     if( pxStreamBuffer->xHead == xTail )
1139:Middlewares/Third_Party/FreeRTOS/Source/stream_buffer.c ****     {
1140:Middlewares/Third_Party/FreeRTOS/Source/stream_buffer.c ****         xReturn = pdTRUE;
1141:Middlewares/Third_Party/FreeRTOS/Source/stream_buffer.c ****     }
1142:Middlewares/Third_Party/FreeRTOS/Source/stream_buffer.c ****     else
1143:Middlewares/Third_Party/FreeRTOS/Source/stream_buffer.c ****     {
1144:Middlewares/Third_Party/FreeRTOS/Source/stream_buffer.c ****         xReturn = pdFALSE;
1145:Middlewares/Third_Party/FreeRTOS/Source/stream_buffer.c ****     }
1146:Middlewares/Third_Party/FreeRTOS/Source/stream_buffer.c **** 
1147:Middlewares/Third_Party/FreeRTOS/Source/stream_buffer.c ****     return xReturn;
1148:Middlewares/Third_Party/FreeRTOS/Source/stream_buffer.c **** }
1149:Middlewares/Third_Party/FreeRTOS/Source/stream_buffer.c **** /*-----------------------------------------------------------*/
1150:Middlewares/Third_Party/FreeRTOS/Source/stream_buffer.c **** 
1151:Middlewares/Third_Party/FreeRTOS/Source/stream_buffer.c **** BaseType_t xStreamBufferIsFull( StreamBufferHandle_t xStreamBuffer )
1152:Middlewares/Third_Party/FreeRTOS/Source/stream_buffer.c **** {
1153:Middlewares/Third_Party/FreeRTOS/Source/stream_buffer.c ****     BaseType_t xReturn;
1154:Middlewares/Third_Party/FreeRTOS/Source/stream_buffer.c ****     size_t xBytesToStoreMessageLength;
1155:Middlewares/Third_Party/FreeRTOS/Source/stream_buffer.c ****     const StreamBuffer_t * const pxStreamBuffer = xStreamBuffer;
1156:Middlewares/Third_Party/FreeRTOS/Source/stream_buffer.c **** 
1157:Middlewares/Third_Party/FreeRTOS/Source/stream_buffer.c ****     configASSERT( pxStreamBuffer );
1158:Middlewares/Third_Party/FreeRTOS/Source/stream_buffer.c **** 
1159:Middlewares/Third_Party/FreeRTOS/Source/stream_buffer.c ****     /* This generic version of the receive function is used by both message
1160:Middlewares/Third_Party/FreeRTOS/Source/stream_buffer.c ****      * buffers, which store discrete messages, and stream buffers, which store a
1161:Middlewares/Third_Party/FreeRTOS/Source/stream_buffer.c ****      * continuous stream of bytes.  Discrete messages include an additional
1162:Middlewares/Third_Party/FreeRTOS/Source/stream_buffer.c ****      * sbBYTES_TO_STORE_MESSAGE_LENGTH bytes that hold the length of the message. */
1163:Middlewares/Third_Party/FreeRTOS/Source/stream_buffer.c ****     if( ( pxStreamBuffer->ucFlags & sbFLAGS_IS_MESSAGE_BUFFER ) != ( uint8_t ) 0 )
1164:Middlewares/Third_Party/FreeRTOS/Source/stream_buffer.c ****     {
1165:Middlewares/Third_Party/FreeRTOS/Source/stream_buffer.c ****         xBytesToStoreMessageLength = sbBYTES_TO_STORE_MESSAGE_LENGTH;
1166:Middlewares/Third_Party/FreeRTOS/Source/stream_buffer.c ****     }
1167:Middlewares/Third_Party/FreeRTOS/Source/stream_buffer.c ****     else
1168:Middlewares/Third_Party/FreeRTOS/Source/stream_buffer.c ****     {
1169:Middlewares/Third_Party/FreeRTOS/Source/stream_buffer.c ****         xBytesToStoreMessageLength = 0;
1170:Middlewares/Third_Party/FreeRTOS/Source/stream_buffer.c ****     }
1171:Middlewares/Third_Party/FreeRTOS/Source/stream_buffer.c **** 
1172:Middlewares/Third_Party/FreeRTOS/Source/stream_buffer.c ****     /* True if the available space equals zero. */
ARM GAS  /tmp/ccTWZgXF.s 			page 22


1173:Middlewares/Third_Party/FreeRTOS/Source/stream_buffer.c ****     if( xStreamBufferSpacesAvailable( xStreamBuffer ) <= xBytesToStoreMessageLength )
1174:Middlewares/Third_Party/FreeRTOS/Source/stream_buffer.c ****     {
1175:Middlewares/Third_Party/FreeRTOS/Source/stream_buffer.c ****         xReturn = pdTRUE;
1176:Middlewares/Third_Party/FreeRTOS/Source/stream_buffer.c ****     }
1177:Middlewares/Third_Party/FreeRTOS/Source/stream_buffer.c ****     else
1178:Middlewares/Third_Party/FreeRTOS/Source/stream_buffer.c ****     {
1179:Middlewares/Third_Party/FreeRTOS/Source/stream_buffer.c ****         xReturn = pdFALSE;
1180:Middlewares/Third_Party/FreeRTOS/Source/stream_buffer.c ****     }
1181:Middlewares/Third_Party/FreeRTOS/Source/stream_buffer.c **** 
1182:Middlewares/Third_Party/FreeRTOS/Source/stream_buffer.c ****     return xReturn;
1183:Middlewares/Third_Party/FreeRTOS/Source/stream_buffer.c **** }
1184:Middlewares/Third_Party/FreeRTOS/Source/stream_buffer.c **** /*-----------------------------------------------------------*/
1185:Middlewares/Third_Party/FreeRTOS/Source/stream_buffer.c **** 
1186:Middlewares/Third_Party/FreeRTOS/Source/stream_buffer.c **** BaseType_t xStreamBufferSendCompletedFromISR( StreamBufferHandle_t xStreamBuffer,
1187:Middlewares/Third_Party/FreeRTOS/Source/stream_buffer.c ****                                               BaseType_t * pxHigherPriorityTaskWoken )
1188:Middlewares/Third_Party/FreeRTOS/Source/stream_buffer.c **** {
1189:Middlewares/Third_Party/FreeRTOS/Source/stream_buffer.c ****     StreamBuffer_t * const pxStreamBuffer = xStreamBuffer;
1190:Middlewares/Third_Party/FreeRTOS/Source/stream_buffer.c ****     BaseType_t xReturn;
1191:Middlewares/Third_Party/FreeRTOS/Source/stream_buffer.c ****     UBaseType_t uxSavedInterruptStatus;
1192:Middlewares/Third_Party/FreeRTOS/Source/stream_buffer.c **** 
1193:Middlewares/Third_Party/FreeRTOS/Source/stream_buffer.c ****     configASSERT( pxStreamBuffer );
1194:Middlewares/Third_Party/FreeRTOS/Source/stream_buffer.c **** 
1195:Middlewares/Third_Party/FreeRTOS/Source/stream_buffer.c ****     uxSavedInterruptStatus = ( UBaseType_t ) portSET_INTERRUPT_MASK_FROM_ISR();
1196:Middlewares/Third_Party/FreeRTOS/Source/stream_buffer.c ****     {
1197:Middlewares/Third_Party/FreeRTOS/Source/stream_buffer.c ****         if( ( pxStreamBuffer )->xTaskWaitingToReceive != NULL )
1198:Middlewares/Third_Party/FreeRTOS/Source/stream_buffer.c ****         {
1199:Middlewares/Third_Party/FreeRTOS/Source/stream_buffer.c ****             ( void ) xTaskNotifyFromISR( ( pxStreamBuffer )->xTaskWaitingToReceive,
1200:Middlewares/Third_Party/FreeRTOS/Source/stream_buffer.c ****                                          ( uint32_t ) 0,
1201:Middlewares/Third_Party/FreeRTOS/Source/stream_buffer.c ****                                          eNoAction,
1202:Middlewares/Third_Party/FreeRTOS/Source/stream_buffer.c ****                                          pxHigherPriorityTaskWoken );
1203:Middlewares/Third_Party/FreeRTOS/Source/stream_buffer.c ****             ( pxStreamBuffer )->xTaskWaitingToReceive = NULL;
1204:Middlewares/Third_Party/FreeRTOS/Source/stream_buffer.c ****             xReturn = pdTRUE;
1205:Middlewares/Third_Party/FreeRTOS/Source/stream_buffer.c ****         }
1206:Middlewares/Third_Party/FreeRTOS/Source/stream_buffer.c ****         else
1207:Middlewares/Third_Party/FreeRTOS/Source/stream_buffer.c ****         {
1208:Middlewares/Third_Party/FreeRTOS/Source/stream_buffer.c ****             xReturn = pdFALSE;
1209:Middlewares/Third_Party/FreeRTOS/Source/stream_buffer.c ****         }
1210:Middlewares/Third_Party/FreeRTOS/Source/stream_buffer.c ****     }
1211:Middlewares/Third_Party/FreeRTOS/Source/stream_buffer.c ****     portCLEAR_INTERRUPT_MASK_FROM_ISR( uxSavedInterruptStatus );
1212:Middlewares/Third_Party/FreeRTOS/Source/stream_buffer.c **** 
1213:Middlewares/Third_Party/FreeRTOS/Source/stream_buffer.c ****     return xReturn;
1214:Middlewares/Third_Party/FreeRTOS/Source/stream_buffer.c **** }
1215:Middlewares/Third_Party/FreeRTOS/Source/stream_buffer.c **** /*-----------------------------------------------------------*/
1216:Middlewares/Third_Party/FreeRTOS/Source/stream_buffer.c **** 
1217:Middlewares/Third_Party/FreeRTOS/Source/stream_buffer.c **** BaseType_t xStreamBufferReceiveCompletedFromISR( StreamBufferHandle_t xStreamBuffer,
1218:Middlewares/Third_Party/FreeRTOS/Source/stream_buffer.c ****                                                  BaseType_t * pxHigherPriorityTaskWoken )
1219:Middlewares/Third_Party/FreeRTOS/Source/stream_buffer.c **** {
1220:Middlewares/Third_Party/FreeRTOS/Source/stream_buffer.c ****     StreamBuffer_t * const pxStreamBuffer = xStreamBuffer;
1221:Middlewares/Third_Party/FreeRTOS/Source/stream_buffer.c ****     BaseType_t xReturn;
1222:Middlewares/Third_Party/FreeRTOS/Source/stream_buffer.c ****     UBaseType_t uxSavedInterruptStatus;
1223:Middlewares/Third_Party/FreeRTOS/Source/stream_buffer.c **** 
1224:Middlewares/Third_Party/FreeRTOS/Source/stream_buffer.c ****     configASSERT( pxStreamBuffer );
1225:Middlewares/Third_Party/FreeRTOS/Source/stream_buffer.c **** 
1226:Middlewares/Third_Party/FreeRTOS/Source/stream_buffer.c ****     uxSavedInterruptStatus = ( UBaseType_t ) portSET_INTERRUPT_MASK_FROM_ISR();
1227:Middlewares/Third_Party/FreeRTOS/Source/stream_buffer.c ****     {
1228:Middlewares/Third_Party/FreeRTOS/Source/stream_buffer.c ****         if( ( pxStreamBuffer )->xTaskWaitingToSend != NULL )
1229:Middlewares/Third_Party/FreeRTOS/Source/stream_buffer.c ****         {
ARM GAS  /tmp/ccTWZgXF.s 			page 23


1230:Middlewares/Third_Party/FreeRTOS/Source/stream_buffer.c ****             ( void ) xTaskNotifyFromISR( ( pxStreamBuffer )->xTaskWaitingToSend,
1231:Middlewares/Third_Party/FreeRTOS/Source/stream_buffer.c ****                                          ( uint32_t ) 0,
1232:Middlewares/Third_Party/FreeRTOS/Source/stream_buffer.c ****                                          eNoAction,
1233:Middlewares/Third_Party/FreeRTOS/Source/stream_buffer.c ****                                          pxHigherPriorityTaskWoken );
1234:Middlewares/Third_Party/FreeRTOS/Source/stream_buffer.c ****             ( pxStreamBuffer )->xTaskWaitingToSend = NULL;
1235:Middlewares/Third_Party/FreeRTOS/Source/stream_buffer.c ****             xReturn = pdTRUE;
1236:Middlewares/Third_Party/FreeRTOS/Source/stream_buffer.c ****         }
1237:Middlewares/Third_Party/FreeRTOS/Source/stream_buffer.c ****         else
1238:Middlewares/Third_Party/FreeRTOS/Source/stream_buffer.c ****         {
1239:Middlewares/Third_Party/FreeRTOS/Source/stream_buffer.c ****             xReturn = pdFALSE;
1240:Middlewares/Third_Party/FreeRTOS/Source/stream_buffer.c ****         }
1241:Middlewares/Third_Party/FreeRTOS/Source/stream_buffer.c ****     }
1242:Middlewares/Third_Party/FreeRTOS/Source/stream_buffer.c ****     portCLEAR_INTERRUPT_MASK_FROM_ISR( uxSavedInterruptStatus );
1243:Middlewares/Third_Party/FreeRTOS/Source/stream_buffer.c **** 
1244:Middlewares/Third_Party/FreeRTOS/Source/stream_buffer.c ****     return xReturn;
1245:Middlewares/Third_Party/FreeRTOS/Source/stream_buffer.c **** }
1246:Middlewares/Third_Party/FreeRTOS/Source/stream_buffer.c **** /*-----------------------------------------------------------*/
1247:Middlewares/Third_Party/FreeRTOS/Source/stream_buffer.c **** 
1248:Middlewares/Third_Party/FreeRTOS/Source/stream_buffer.c **** static size_t prvWriteBytesToBuffer( StreamBuffer_t * const pxStreamBuffer,
1249:Middlewares/Third_Party/FreeRTOS/Source/stream_buffer.c ****                                      const uint8_t * pucData,
1250:Middlewares/Third_Party/FreeRTOS/Source/stream_buffer.c ****                                      size_t xCount,
1251:Middlewares/Third_Party/FreeRTOS/Source/stream_buffer.c ****                                      size_t xHead )
1252:Middlewares/Third_Party/FreeRTOS/Source/stream_buffer.c **** {
1253:Middlewares/Third_Party/FreeRTOS/Source/stream_buffer.c ****     size_t xFirstLength;
1254:Middlewares/Third_Party/FreeRTOS/Source/stream_buffer.c **** 
1255:Middlewares/Third_Party/FreeRTOS/Source/stream_buffer.c ****     configASSERT( xCount > ( size_t ) 0 );
1256:Middlewares/Third_Party/FreeRTOS/Source/stream_buffer.c **** 
1257:Middlewares/Third_Party/FreeRTOS/Source/stream_buffer.c ****     /* Calculate the number of bytes that can be added in the first write -
1258:Middlewares/Third_Party/FreeRTOS/Source/stream_buffer.c ****      * which may be less than the total number of bytes that need to be added if
1259:Middlewares/Third_Party/FreeRTOS/Source/stream_buffer.c ****      * the buffer will wrap back to the beginning. */
1260:Middlewares/Third_Party/FreeRTOS/Source/stream_buffer.c ****     xFirstLength = configMIN( pxStreamBuffer->xLength - xHead, xCount );
1261:Middlewares/Third_Party/FreeRTOS/Source/stream_buffer.c **** 
1262:Middlewares/Third_Party/FreeRTOS/Source/stream_buffer.c ****     /* Write as many bytes as can be written in the first write. */
1263:Middlewares/Third_Party/FreeRTOS/Source/stream_buffer.c ****     configASSERT( ( xHead + xFirstLength ) <= pxStreamBuffer->xLength );
1264:Middlewares/Third_Party/FreeRTOS/Source/stream_buffer.c ****     ( void ) memcpy( ( void * ) ( &( pxStreamBuffer->pucBuffer[ xHead ] ) ), ( const void * ) pucDa
1265:Middlewares/Third_Party/FreeRTOS/Source/stream_buffer.c **** 
1266:Middlewares/Third_Party/FreeRTOS/Source/stream_buffer.c ****     /* If the number of bytes written was less than the number that could be
1267:Middlewares/Third_Party/FreeRTOS/Source/stream_buffer.c ****      * written in the first write... */
1268:Middlewares/Third_Party/FreeRTOS/Source/stream_buffer.c ****     if( xCount > xFirstLength )
1269:Middlewares/Third_Party/FreeRTOS/Source/stream_buffer.c ****     {
1270:Middlewares/Third_Party/FreeRTOS/Source/stream_buffer.c ****         /* ...then write the remaining bytes to the start of the buffer. */
1271:Middlewares/Third_Party/FreeRTOS/Source/stream_buffer.c ****         configASSERT( ( xCount - xFirstLength ) <= pxStreamBuffer->xLength );
1272:Middlewares/Third_Party/FreeRTOS/Source/stream_buffer.c ****         ( void ) memcpy( ( void * ) pxStreamBuffer->pucBuffer, ( const void * ) &( pucData[ xFirstL
1273:Middlewares/Third_Party/FreeRTOS/Source/stream_buffer.c ****     }
1274:Middlewares/Third_Party/FreeRTOS/Source/stream_buffer.c ****     else
1275:Middlewares/Third_Party/FreeRTOS/Source/stream_buffer.c ****     {
1276:Middlewares/Third_Party/FreeRTOS/Source/stream_buffer.c ****         mtCOVERAGE_TEST_MARKER();
1277:Middlewares/Third_Party/FreeRTOS/Source/stream_buffer.c ****     }
1278:Middlewares/Third_Party/FreeRTOS/Source/stream_buffer.c **** 
1279:Middlewares/Third_Party/FreeRTOS/Source/stream_buffer.c ****     xHead += xCount;
1280:Middlewares/Third_Party/FreeRTOS/Source/stream_buffer.c **** 
1281:Middlewares/Third_Party/FreeRTOS/Source/stream_buffer.c ****     if( xHead >= pxStreamBuffer->xLength )
1282:Middlewares/Third_Party/FreeRTOS/Source/stream_buffer.c ****     {
1283:Middlewares/Third_Party/FreeRTOS/Source/stream_buffer.c ****         xHead -= pxStreamBuffer->xLength;
1284:Middlewares/Third_Party/FreeRTOS/Source/stream_buffer.c ****     }
1285:Middlewares/Third_Party/FreeRTOS/Source/stream_buffer.c ****     else
1286:Middlewares/Third_Party/FreeRTOS/Source/stream_buffer.c ****     {
ARM GAS  /tmp/ccTWZgXF.s 			page 24


1287:Middlewares/Third_Party/FreeRTOS/Source/stream_buffer.c ****         mtCOVERAGE_TEST_MARKER();
1288:Middlewares/Third_Party/FreeRTOS/Source/stream_buffer.c ****     }
1289:Middlewares/Third_Party/FreeRTOS/Source/stream_buffer.c **** 
1290:Middlewares/Third_Party/FreeRTOS/Source/stream_buffer.c ****     return xHead;
1291:Middlewares/Third_Party/FreeRTOS/Source/stream_buffer.c **** }
1292:Middlewares/Third_Party/FreeRTOS/Source/stream_buffer.c **** /*-----------------------------------------------------------*/
1293:Middlewares/Third_Party/FreeRTOS/Source/stream_buffer.c **** 
1294:Middlewares/Third_Party/FreeRTOS/Source/stream_buffer.c **** static size_t prvReadBytesFromBuffer( StreamBuffer_t * pxStreamBuffer,
1295:Middlewares/Third_Party/FreeRTOS/Source/stream_buffer.c ****                                       uint8_t * pucData,
1296:Middlewares/Third_Party/FreeRTOS/Source/stream_buffer.c ****                                       size_t xCount,
1297:Middlewares/Third_Party/FreeRTOS/Source/stream_buffer.c ****                                       size_t xTail )
1298:Middlewares/Third_Party/FreeRTOS/Source/stream_buffer.c **** {
1299:Middlewares/Third_Party/FreeRTOS/Source/stream_buffer.c ****     size_t xFirstLength;
1300:Middlewares/Third_Party/FreeRTOS/Source/stream_buffer.c **** 
1301:Middlewares/Third_Party/FreeRTOS/Source/stream_buffer.c ****     configASSERT( xCount != ( size_t ) 0 );
1302:Middlewares/Third_Party/FreeRTOS/Source/stream_buffer.c **** 
1303:Middlewares/Third_Party/FreeRTOS/Source/stream_buffer.c ****     /* Calculate the number of bytes that can be read - which may be
1304:Middlewares/Third_Party/FreeRTOS/Source/stream_buffer.c ****      * less than the number wanted if the data wraps around to the start of
1305:Middlewares/Third_Party/FreeRTOS/Source/stream_buffer.c ****      * the buffer. */
1306:Middlewares/Third_Party/FreeRTOS/Source/stream_buffer.c ****     xFirstLength = configMIN( pxStreamBuffer->xLength - xTail, xCount );
1307:Middlewares/Third_Party/FreeRTOS/Source/stream_buffer.c **** 
1308:Middlewares/Third_Party/FreeRTOS/Source/stream_buffer.c ****     /* Obtain the number of bytes it is possible to obtain in the first
1309:Middlewares/Third_Party/FreeRTOS/Source/stream_buffer.c ****      * read.  Asserts check bounds of read and write. */
1310:Middlewares/Third_Party/FreeRTOS/Source/stream_buffer.c ****     configASSERT( xFirstLength <= xCount );
1311:Middlewares/Third_Party/FreeRTOS/Source/stream_buffer.c ****     configASSERT( ( xTail + xFirstLength ) <= pxStreamBuffer->xLength );
1312:Middlewares/Third_Party/FreeRTOS/Source/stream_buffer.c ****     ( void ) memcpy( ( void * ) pucData, ( const void * ) &( pxStreamBuffer->pucBuffer[ xTail ] ), 
1313:Middlewares/Third_Party/FreeRTOS/Source/stream_buffer.c **** 
1314:Middlewares/Third_Party/FreeRTOS/Source/stream_buffer.c ****     /* If the total number of wanted bytes is greater than the number
1315:Middlewares/Third_Party/FreeRTOS/Source/stream_buffer.c ****      * that could be read in the first read... */
1316:Middlewares/Third_Party/FreeRTOS/Source/stream_buffer.c ****     if( xCount > xFirstLength )
1317:Middlewares/Third_Party/FreeRTOS/Source/stream_buffer.c ****     {
1318:Middlewares/Third_Party/FreeRTOS/Source/stream_buffer.c ****         /* ...then read the remaining bytes from the start of the buffer. */
1319:Middlewares/Third_Party/FreeRTOS/Source/stream_buffer.c ****         ( void ) memcpy( ( void * ) &( pucData[ xFirstLength ] ), ( void * ) ( pxStreamBuffer->pucB
1320:Middlewares/Third_Party/FreeRTOS/Source/stream_buffer.c ****     }
1321:Middlewares/Third_Party/FreeRTOS/Source/stream_buffer.c ****     else
1322:Middlewares/Third_Party/FreeRTOS/Source/stream_buffer.c ****     {
1323:Middlewares/Third_Party/FreeRTOS/Source/stream_buffer.c ****         mtCOVERAGE_TEST_MARKER();
1324:Middlewares/Third_Party/FreeRTOS/Source/stream_buffer.c ****     }
1325:Middlewares/Third_Party/FreeRTOS/Source/stream_buffer.c **** 
1326:Middlewares/Third_Party/FreeRTOS/Source/stream_buffer.c ****     /* Move the tail pointer to effectively remove the data read from the buffer. */
1327:Middlewares/Third_Party/FreeRTOS/Source/stream_buffer.c ****     xTail += xCount;
1328:Middlewares/Third_Party/FreeRTOS/Source/stream_buffer.c **** 
1329:Middlewares/Third_Party/FreeRTOS/Source/stream_buffer.c ****     if( xTail >= pxStreamBuffer->xLength )
1330:Middlewares/Third_Party/FreeRTOS/Source/stream_buffer.c ****     {
1331:Middlewares/Third_Party/FreeRTOS/Source/stream_buffer.c ****         xTail -= pxStreamBuffer->xLength;
1332:Middlewares/Third_Party/FreeRTOS/Source/stream_buffer.c ****     }
1333:Middlewares/Third_Party/FreeRTOS/Source/stream_buffer.c **** 
1334:Middlewares/Third_Party/FreeRTOS/Source/stream_buffer.c ****     return xTail;
1335:Middlewares/Third_Party/FreeRTOS/Source/stream_buffer.c **** }
1336:Middlewares/Third_Party/FreeRTOS/Source/stream_buffer.c **** /*-----------------------------------------------------------*/
1337:Middlewares/Third_Party/FreeRTOS/Source/stream_buffer.c **** 
1338:Middlewares/Third_Party/FreeRTOS/Source/stream_buffer.c **** static size_t prvBytesInBuffer( const StreamBuffer_t * const pxStreamBuffer )
1339:Middlewares/Third_Party/FreeRTOS/Source/stream_buffer.c **** {
  27              		.loc 1 1339 1 view -0
  28              		.cfi_startproc
  29              		@ args = 0, pretend = 0, frame = 0
  30              		@ frame_needed = 0, uses_anonymous_args = 0
ARM GAS  /tmp/ccTWZgXF.s 			page 25


  31              		@ link register save eliminated.
1340:Middlewares/Third_Party/FreeRTOS/Source/stream_buffer.c **** /* Returns the distance between xTail and xHead. */
1341:Middlewares/Third_Party/FreeRTOS/Source/stream_buffer.c ****     size_t xCount;
  32              		.loc 1 1341 5 view .LVU1
1342:Middlewares/Third_Party/FreeRTOS/Source/stream_buffer.c **** 
1343:Middlewares/Third_Party/FreeRTOS/Source/stream_buffer.c ****     xCount = pxStreamBuffer->xLength + pxStreamBuffer->xHead;
  33              		.loc 1 1343 5 view .LVU2
  34              		.loc 1 1343 28 is_stmt 0 view .LVU3
  35 0000 8268     		ldr	r2, [r0, #8]
  36              		.loc 1 1343 54 view .LVU4
  37 0002 4368     		ldr	r3, [r0, #4]
1344:Middlewares/Third_Party/FreeRTOS/Source/stream_buffer.c ****     xCount -= pxStreamBuffer->xTail;
  38              		.loc 1 1344 29 view .LVU5
  39 0004 0068     		ldr	r0, [r0]
  40              	.LVL1:
1343:Middlewares/Third_Party/FreeRTOS/Source/stream_buffer.c ****     xCount -= pxStreamBuffer->xTail;
  41              		.loc 1 1343 12 view .LVU6
  42 0006 D318     		adds	r3, r2, r3
  43              	.LVL2:
  44              		.loc 1 1344 5 is_stmt 1 view .LVU7
  45              		.loc 1 1344 12 is_stmt 0 view .LVU8
  46 0008 181A     		subs	r0, r3, r0
  47              	.LVL3:
1345:Middlewares/Third_Party/FreeRTOS/Source/stream_buffer.c **** 
1346:Middlewares/Third_Party/FreeRTOS/Source/stream_buffer.c ****     if( xCount >= pxStreamBuffer->xLength )
  48              		.loc 1 1346 5 is_stmt 1 view .LVU9
  49              		.loc 1 1346 7 is_stmt 0 view .LVU10
  50 000a 8242     		cmp	r2, r0
  51 000c 00D8     		bhi	.L1
1347:Middlewares/Third_Party/FreeRTOS/Source/stream_buffer.c ****     {
1348:Middlewares/Third_Party/FreeRTOS/Source/stream_buffer.c ****         xCount -= pxStreamBuffer->xLength;
  52              		.loc 1 1348 9 is_stmt 1 view .LVU11
  53              		.loc 1 1348 16 is_stmt 0 view .LVU12
  54 000e 801A     		subs	r0, r0, r2
  55              	.LVL4:
1349:Middlewares/Third_Party/FreeRTOS/Source/stream_buffer.c ****     }
1350:Middlewares/Third_Party/FreeRTOS/Source/stream_buffer.c ****     else
1351:Middlewares/Third_Party/FreeRTOS/Source/stream_buffer.c ****     {
1352:Middlewares/Third_Party/FreeRTOS/Source/stream_buffer.c ****         mtCOVERAGE_TEST_MARKER();
  56              		.loc 1 1352 33 is_stmt 1 view .LVU13
1353:Middlewares/Third_Party/FreeRTOS/Source/stream_buffer.c ****     }
1354:Middlewares/Third_Party/FreeRTOS/Source/stream_buffer.c **** 
1355:Middlewares/Third_Party/FreeRTOS/Source/stream_buffer.c ****     return xCount;
  57              		.loc 1 1355 5 view .LVU14
  58              	.L1:
1356:Middlewares/Third_Party/FreeRTOS/Source/stream_buffer.c **** }
  59              		.loc 1 1356 1 is_stmt 0 view .LVU15
  60              		@ sp needed
  61 0010 7047     		bx	lr
  62              		.cfi_endproc
  63              	.LFE19:
  65              		.section	.text.prvWriteBytesToBuffer.part.0,"ax",%progbits
  66              		.align	1
  67              		.syntax unified
  68              		.code	16
  69              		.thumb_func
  71              	prvWriteBytesToBuffer.part.0:
ARM GAS  /tmp/ccTWZgXF.s 			page 26


  72              	.LVL5:
  73              	.LFB25:
1248:Middlewares/Third_Party/FreeRTOS/Source/stream_buffer.c ****                                      const uint8_t * pucData,
  74              		.loc 1 1248 15 is_stmt 1 view -0
  75              		.cfi_startproc
  76              		@ args = 0, pretend = 0, frame = 8
  77              		@ frame_needed = 0, uses_anonymous_args = 0
1255:Middlewares/Third_Party/FreeRTOS/Source/stream_buffer.c **** 
  78              		.loc 1 1255 42 discriminator 2 view .LVU17
1260:Middlewares/Third_Party/FreeRTOS/Source/stream_buffer.c **** 
  79              		.loc 1 1260 5 view .LVU18
1248:Middlewares/Third_Party/FreeRTOS/Source/stream_buffer.c ****                                      const uint8_t * pucData,
  80              		.loc 1 1248 15 is_stmt 0 view .LVU19
  81 0000 F7B5     		push	{r0, r1, r2, r4, r5, r6, r7, lr}
  82              		.cfi_def_cfa_offset 32
  83              		.cfi_offset 0, -32
  84              		.cfi_offset 1, -28
  85              		.cfi_offset 2, -24
  86              		.cfi_offset 4, -20
  87              		.cfi_offset 5, -16
  88              		.cfi_offset 6, -12
  89              		.cfi_offset 7, -8
  90              		.cfi_offset 14, -4
1248:Middlewares/Third_Party/FreeRTOS/Source/stream_buffer.c ****                                      const uint8_t * pucData,
  91              		.loc 1 1248 15 view .LVU20
  92 0002 1C00     		movs	r4, r3
1260:Middlewares/Third_Party/FreeRTOS/Source/stream_buffer.c **** 
  93              		.loc 1 1260 20 view .LVU21
  94 0004 8368     		ldr	r3, [r0, #8]
  95              	.LVL6:
1248:Middlewares/Third_Party/FreeRTOS/Source/stream_buffer.c ****                                      const uint8_t * pucData,
  96              		.loc 1 1248 15 view .LVU22
  97 0006 0500     		movs	r5, r0
  98 0008 1600     		movs	r6, r2
  99 000a 0191     		str	r1, [sp, #4]
1260:Middlewares/Third_Party/FreeRTOS/Source/stream_buffer.c **** 
 100              		.loc 1 1260 20 view .LVU23
 101 000c 1F1B     		subs	r7, r3, r4
1260:Middlewares/Third_Party/FreeRTOS/Source/stream_buffer.c **** 
 102              		.loc 1 1260 18 view .LVU24
 103 000e 9742     		cmp	r7, r2
 104 0010 00D9     		bls	.L4
 105 0012 1700     		movs	r7, r2
 106              	.L4:
 107              	.LVL7:
1263:Middlewares/Third_Party/FreeRTOS/Source/stream_buffer.c ****     ( void ) memcpy( ( void * ) ( &( pxStreamBuffer->pucBuffer[ xHead ] ) ), ( const void * ) pucDa
 108              		.loc 1 1263 5 is_stmt 1 view .LVU25
 109 0014 E219     		adds	r2, r4, r7
 110              	.LVL8:
1263:Middlewares/Third_Party/FreeRTOS/Source/stream_buffer.c ****     ( void ) memcpy( ( void * ) ( &( pxStreamBuffer->pucBuffer[ xHead ] ) ), ( const void * ) pucDa
 111              		.loc 1 1263 5 is_stmt 0 view .LVU26
 112 0016 9342     		cmp	r3, r2
 113 0018 01D2     		bcs	.L5
1263:Middlewares/Third_Party/FreeRTOS/Source/stream_buffer.c ****     ( void ) memcpy( ( void * ) ( &( pxStreamBuffer->pucBuffer[ xHead ] ) ), ( const void * ) pucDa
 114              		.loc 1 1263 5 is_stmt 1 discriminator 1 view .LVU27
 115              		.syntax divided
 116              	@ 1263 "Middlewares/Third_Party/FreeRTOS/Source/stream_buffer.c" 1
ARM GAS  /tmp/ccTWZgXF.s 			page 27


 117 001a 72B6     		 cpsid i 
 118              	@ 0 "" 2
 119              		.thumb
 120              		.syntax unified
 121              	.L6:
1263:Middlewares/Third_Party/FreeRTOS/Source/stream_buffer.c ****     ( void ) memcpy( ( void * ) ( &( pxStreamBuffer->pucBuffer[ xHead ] ) ), ( const void * ) pucDa
 122              		.loc 1 1263 5 discriminator 3 view .LVU28
1263:Middlewares/Third_Party/FreeRTOS/Source/stream_buffer.c ****     ( void ) memcpy( ( void * ) ( &( pxStreamBuffer->pucBuffer[ xHead ] ) ), ( const void * ) pucDa
 123              		.loc 1 1263 5 discriminator 3 view .LVU29
 124 001c FEE7     		b	.L6
 125              	.L5:
1263:Middlewares/Third_Party/FreeRTOS/Source/stream_buffer.c ****     ( void ) memcpy( ( void * ) ( &( pxStreamBuffer->pucBuffer[ xHead ] ) ), ( const void * ) pucDa
 126              		.loc 1 1263 72 discriminator 2 view .LVU30
1264:Middlewares/Third_Party/FreeRTOS/Source/stream_buffer.c **** 
 127              		.loc 1 1264 5 view .LVU31
1264:Middlewares/Third_Party/FreeRTOS/Source/stream_buffer.c **** 
 128              		.loc 1 1264 35 is_stmt 0 view .LVU32
 129 001e A869     		ldr	r0, [r5, #24]
 130              	.LVL9:
1264:Middlewares/Third_Party/FreeRTOS/Source/stream_buffer.c **** 
 131              		.loc 1 1264 14 view .LVU33
 132 0020 3A00     		movs	r2, r7
 133 0022 0199     		ldr	r1, [sp, #4]
 134              	.LVL10:
1264:Middlewares/Third_Party/FreeRTOS/Source/stream_buffer.c **** 
 135              		.loc 1 1264 35 view .LVU34
 136 0024 0019     		adds	r0, r0, r4
1264:Middlewares/Third_Party/FreeRTOS/Source/stream_buffer.c **** 
 137              		.loc 1 1264 14 view .LVU35
 138 0026 FFF7FEFF 		bl	memcpy
 139              	.LVL11:
1268:Middlewares/Third_Party/FreeRTOS/Source/stream_buffer.c ****     {
 140              		.loc 1 1268 5 is_stmt 1 view .LVU36
1268:Middlewares/Third_Party/FreeRTOS/Source/stream_buffer.c ****     {
 141              		.loc 1 1268 7 is_stmt 0 view .LVU37
 142 002a BE42     		cmp	r6, r7
 143 002c 0AD9     		bls	.L7
1271:Middlewares/Third_Party/FreeRTOS/Source/stream_buffer.c ****         ( void ) memcpy( ( void * ) pxStreamBuffer->pucBuffer, ( const void * ) &( pucData[ xFirstL
 144              		.loc 1 1271 9 is_stmt 1 view .LVU38
 145 002e AB68     		ldr	r3, [r5, #8]
 146 0030 F21B     		subs	r2, r6, r7
 147 0032 9A42     		cmp	r2, r3
 148 0034 01D9     		bls	.L8
1271:Middlewares/Third_Party/FreeRTOS/Source/stream_buffer.c ****         ( void ) memcpy( ( void * ) pxStreamBuffer->pucBuffer, ( const void * ) &( pucData[ xFirstL
 149              		.loc 1 1271 9 discriminator 1 view .LVU39
 150              		.syntax divided
 151              	@ 1271 "Middlewares/Third_Party/FreeRTOS/Source/stream_buffer.c" 1
 152 0036 72B6     		 cpsid i 
 153              	@ 0 "" 2
 154              		.thumb
 155              		.syntax unified
 156              	.L9:
1271:Middlewares/Third_Party/FreeRTOS/Source/stream_buffer.c ****         ( void ) memcpy( ( void * ) pxStreamBuffer->pucBuffer, ( const void * ) &( pucData[ xFirstL
 157              		.loc 1 1271 9 discriminator 3 view .LVU40
1271:Middlewares/Third_Party/FreeRTOS/Source/stream_buffer.c ****         ( void ) memcpy( ( void * ) pxStreamBuffer->pucBuffer, ( const void * ) &( pucData[ xFirstL
 158              		.loc 1 1271 9 discriminator 3 view .LVU41
 159 0038 FEE7     		b	.L9
ARM GAS  /tmp/ccTWZgXF.s 			page 28


 160              	.L8:
1271:Middlewares/Third_Party/FreeRTOS/Source/stream_buffer.c ****         ( void ) memcpy( ( void * ) pxStreamBuffer->pucBuffer, ( const void * ) &( pucData[ xFirstL
 161              		.loc 1 1271 77 discriminator 2 view .LVU42
1272:Middlewares/Third_Party/FreeRTOS/Source/stream_buffer.c ****     }
 162              		.loc 1 1272 9 view .LVU43
1272:Middlewares/Third_Party/FreeRTOS/Source/stream_buffer.c ****     }
 163              		.loc 1 1272 81 is_stmt 0 view .LVU44
 164 003a 019B     		ldr	r3, [sp, #4]
1272:Middlewares/Third_Party/FreeRTOS/Source/stream_buffer.c ****     }
 165              		.loc 1 1272 18 view .LVU45
 166 003c A869     		ldr	r0, [r5, #24]
1272:Middlewares/Third_Party/FreeRTOS/Source/stream_buffer.c ****     }
 167              		.loc 1 1272 81 view .LVU46
 168 003e D919     		adds	r1, r3, r7
1272:Middlewares/Third_Party/FreeRTOS/Source/stream_buffer.c ****     }
 169              		.loc 1 1272 18 view .LVU47
 170 0040 FFF7FEFF 		bl	memcpy
 171              	.LVL12:
 172              	.L7:
1276:Middlewares/Third_Party/FreeRTOS/Source/stream_buffer.c ****     }
 173              		.loc 1 1276 33 is_stmt 1 view .LVU48
1279:Middlewares/Third_Party/FreeRTOS/Source/stream_buffer.c **** 
 174              		.loc 1 1279 5 view .LVU49
1281:Middlewares/Third_Party/FreeRTOS/Source/stream_buffer.c ****     {
 175              		.loc 1 1281 32 is_stmt 0 view .LVU50
 176 0044 AB68     		ldr	r3, [r5, #8]
1279:Middlewares/Third_Party/FreeRTOS/Source/stream_buffer.c **** 
 177              		.loc 1 1279 11 view .LVU51
 178 0046 A019     		adds	r0, r4, r6
 179              	.LVL13:
1281:Middlewares/Third_Party/FreeRTOS/Source/stream_buffer.c ****     {
 180              		.loc 1 1281 5 is_stmt 1 view .LVU52
1281:Middlewares/Third_Party/FreeRTOS/Source/stream_buffer.c ****     {
 181              		.loc 1 1281 7 is_stmt 0 view .LVU53
 182 0048 9842     		cmp	r0, r3
 183 004a 00D3     		bcc	.L3
1283:Middlewares/Third_Party/FreeRTOS/Source/stream_buffer.c ****     }
 184              		.loc 1 1283 9 is_stmt 1 view .LVU54
1283:Middlewares/Third_Party/FreeRTOS/Source/stream_buffer.c ****     }
 185              		.loc 1 1283 15 is_stmt 0 view .LVU55
 186 004c C01A     		subs	r0, r0, r3
 187              	.LVL14:
1287:Middlewares/Third_Party/FreeRTOS/Source/stream_buffer.c ****     }
 188              		.loc 1 1287 33 is_stmt 1 view .LVU56
1290:Middlewares/Third_Party/FreeRTOS/Source/stream_buffer.c **** }
 189              		.loc 1 1290 5 view .LVU57
 190              	.L3:
1291:Middlewares/Third_Party/FreeRTOS/Source/stream_buffer.c **** /*-----------------------------------------------------------*/
 191              		.loc 1 1291 1 is_stmt 0 view .LVU58
 192              		@ sp needed
 193              	.LVL15:
 194              	.LVL16:
 195              	.LVL17:
1291:Middlewares/Third_Party/FreeRTOS/Source/stream_buffer.c **** /*-----------------------------------------------------------*/
 196              		.loc 1 1291 1 view .LVU59
 197 004e FEBD     		pop	{r1, r2, r3, r4, r5, r6, r7, pc}
 198              		.cfi_endproc
ARM GAS  /tmp/ccTWZgXF.s 			page 29


 199              	.LFE25:
 201              		.section	.text.prvWriteMessageToBuffer,"ax",%progbits
 202              		.align	1
 203              		.syntax unified
 204              		.code	16
 205              		.thumb_func
 207              	prvWriteMessageToBuffer:
 208              	.LVL18:
 209              	.LFB8:
 829:Middlewares/Third_Party/FreeRTOS/Source/stream_buffer.c ****     size_t xNextHead = pxStreamBuffer->xHead;
 210              		.loc 1 829 1 is_stmt 1 view -0
 211              		.cfi_startproc
 212              		@ args = 4, pretend = 0, frame = 8
 213              		@ frame_needed = 0, uses_anonymous_args = 0
 829:Middlewares/Third_Party/FreeRTOS/Source/stream_buffer.c ****     size_t xNextHead = pxStreamBuffer->xHead;
 214              		.loc 1 829 1 is_stmt 0 view .LVU61
 215 0000 73B5     		push	{r0, r1, r4, r5, r6, lr}
 216              		.cfi_def_cfa_offset 24
 217              		.cfi_offset 0, -24
 218              		.cfi_offset 1, -20
 219              		.cfi_offset 4, -16
 220              		.cfi_offset 5, -12
 221              		.cfi_offset 6, -8
 222              		.cfi_offset 14, -4
 829:Middlewares/Third_Party/FreeRTOS/Source/stream_buffer.c ****     size_t xNextHead = pxStreamBuffer->xHead;
 223              		.loc 1 829 1 view .LVU62
 224 0002 0E00     		movs	r6, r1
 833:Middlewares/Third_Party/FreeRTOS/Source/stream_buffer.c ****     {
 225              		.loc 1 833 7 view .LVU63
 226 0004 017F     		ldrb	r1, [r0, #28]
 227              	.LVL19:
 829:Middlewares/Third_Party/FreeRTOS/Source/stream_buffer.c ****     size_t xNextHead = pxStreamBuffer->xHead;
 228              		.loc 1 829 1 view .LVU64
 229 0006 1400     		movs	r4, r2
 830:Middlewares/Third_Party/FreeRTOS/Source/stream_buffer.c ****     configMESSAGE_BUFFER_LENGTH_TYPE xMessageLength;
 230              		.loc 1 830 5 is_stmt 1 view .LVU65
 829:Middlewares/Third_Party/FreeRTOS/Source/stream_buffer.c ****     size_t xNextHead = pxStreamBuffer->xHead;
 231              		.loc 1 829 1 is_stmt 0 view .LVU66
 232 0008 0500     		movs	r5, r0
 233 000a 1A00     		movs	r2, r3
 234              	.LVL20:
 830:Middlewares/Third_Party/FreeRTOS/Source/stream_buffer.c ****     configMESSAGE_BUFFER_LENGTH_TYPE xMessageLength;
 235              		.loc 1 830 12 view .LVU67
 236 000c 4368     		ldr	r3, [r0, #4]
 237              	.LVL21:
 831:Middlewares/Third_Party/FreeRTOS/Source/stream_buffer.c **** 
 238              		.loc 1 831 5 is_stmt 1 view .LVU68
 833:Middlewares/Third_Party/FreeRTOS/Source/stream_buffer.c ****     {
 239              		.loc 1 833 5 view .LVU69
 833:Middlewares/Third_Party/FreeRTOS/Source/stream_buffer.c ****     {
 240              		.loc 1 833 7 is_stmt 0 view .LVU70
 241 000e C907     		lsls	r1, r1, #31
 242 0010 12D5     		bpl	.L12
 838:Middlewares/Third_Party/FreeRTOS/Source/stream_buffer.c **** 
 243              		.loc 1 838 9 is_stmt 1 view .LVU71
 843:Middlewares/Third_Party/FreeRTOS/Source/stream_buffer.c ****         {
 244              		.loc 1 843 11 is_stmt 0 view .LVU72
ARM GAS  /tmp/ccTWZgXF.s 			page 30


 245 0012 0699     		ldr	r1, [sp, #24]
 838:Middlewares/Third_Party/FreeRTOS/Source/stream_buffer.c **** 
 246              		.loc 1 838 24 view .LVU73
 247 0014 0194     		str	r4, [sp, #4]
 841:Middlewares/Third_Party/FreeRTOS/Source/stream_buffer.c **** 
 248              		.loc 1 841 9 is_stmt 1 view .LVU74
 841:Middlewares/Third_Party/FreeRTOS/Source/stream_buffer.c **** 
 249              		.loc 1 841 70 discriminator 2 view .LVU75
 843:Middlewares/Third_Party/FreeRTOS/Source/stream_buffer.c ****         {
 250              		.loc 1 843 9 view .LVU76
 843:Middlewares/Third_Party/FreeRTOS/Source/stream_buffer.c ****         {
 251              		.loc 1 843 11 is_stmt 0 view .LVU77
 252 0016 8A42     		cmp	r2, r1
 253 0018 12D3     		bcc	.L17
 848:Middlewares/Third_Party/FreeRTOS/Source/stream_buffer.c ****         }
 254              		.loc 1 848 13 is_stmt 1 view .LVU78
 255              	.LVL22:
 256              	.LBB11:
 257              	.LBI11:
1248:Middlewares/Third_Party/FreeRTOS/Source/stream_buffer.c ****                                      const uint8_t * pucData,
 258              		.loc 1 1248 15 view .LVU79
 259              	.LBB12:
1253:Middlewares/Third_Party/FreeRTOS/Source/stream_buffer.c **** 
 260              		.loc 1 1253 5 view .LVU80
1255:Middlewares/Third_Party/FreeRTOS/Source/stream_buffer.c **** 
 261              		.loc 1 1255 5 view .LVU81
 262 001a 0422     		movs	r2, #4
 263              	.LVL23:
1255:Middlewares/Third_Party/FreeRTOS/Source/stream_buffer.c **** 
 264              		.loc 1 1255 5 is_stmt 0 view .LVU82
 265 001c 01A9     		add	r1, sp, #4
 266              	.LVL24:
1255:Middlewares/Third_Party/FreeRTOS/Source/stream_buffer.c **** 
 267              		.loc 1 1255 5 view .LVU83
 268 001e FFF7FEFF 		bl	prvWriteBytesToBuffer.part.0
 269              	.LVL25:
1255:Middlewares/Third_Party/FreeRTOS/Source/stream_buffer.c **** 
 270              		.loc 1 1255 5 view .LVU84
 271 0022 0300     		movs	r3, r0
 272              	.LVL26:
1287:Middlewares/Third_Party/FreeRTOS/Source/stream_buffer.c ****     }
 273              		.loc 1 1287 33 is_stmt 1 view .LVU85
1290:Middlewares/Third_Party/FreeRTOS/Source/stream_buffer.c **** }
 274              		.loc 1 1290 5 view .LVU86
 275              	.L14:
1290:Middlewares/Third_Party/FreeRTOS/Source/stream_buffer.c **** }
 276              		.loc 1 1290 5 is_stmt 0 view .LVU87
 277              	.LBE12:
 278              	.LBE11:
 864:Middlewares/Third_Party/FreeRTOS/Source/stream_buffer.c ****     {
 279              		.loc 1 864 5 is_stmt 1 view .LVU88
 864:Middlewares/Third_Party/FreeRTOS/Source/stream_buffer.c ****     {
 280              		.loc 1 864 7 is_stmt 0 view .LVU89
 281 0024 002C     		cmp	r4, #0
 282 0026 05D0     		beq	.L13
 867:Middlewares/Third_Party/FreeRTOS/Source/stream_buffer.c ****     }
 283              		.loc 1 867 9 is_stmt 1 view .LVU90
ARM GAS  /tmp/ccTWZgXF.s 			page 31


 284              	.LVL27:
 285              	.LBB13:
 286              	.LBI13:
1248:Middlewares/Third_Party/FreeRTOS/Source/stream_buffer.c ****                                      const uint8_t * pucData,
 287              		.loc 1 1248 15 view .LVU91
 288              	.LBB14:
1253:Middlewares/Third_Party/FreeRTOS/Source/stream_buffer.c **** 
 289              		.loc 1 1253 5 view .LVU92
1255:Middlewares/Third_Party/FreeRTOS/Source/stream_buffer.c **** 
 290              		.loc 1 1255 5 view .LVU93
 291 0028 2200     		movs	r2, r4
 292 002a 3100     		movs	r1, r6
 293 002c 2800     		movs	r0, r5
 294 002e FFF7FEFF 		bl	prvWriteBytesToBuffer.part.0
 295              	.LVL28:
1287:Middlewares/Third_Party/FreeRTOS/Source/stream_buffer.c ****     }
 296              		.loc 1 1287 33 view .LVU94
1290:Middlewares/Third_Party/FreeRTOS/Source/stream_buffer.c **** }
 297              		.loc 1 1290 5 view .LVU95
1290:Middlewares/Third_Party/FreeRTOS/Source/stream_buffer.c **** }
 298              		.loc 1 1290 5 is_stmt 0 view .LVU96
 299              	.LBE14:
 300              	.LBE13:
 867:Middlewares/Third_Party/FreeRTOS/Source/stream_buffer.c ****     }
 301              		.loc 1 867 31 discriminator 1 view .LVU97
 302 0032 6860     		str	r0, [r5, #4]
 303              	.LVL29:
 304              	.L13:
 870:Middlewares/Third_Party/FreeRTOS/Source/stream_buffer.c **** }
 305              		.loc 1 870 5 is_stmt 1 view .LVU98
 871:Middlewares/Third_Party/FreeRTOS/Source/stream_buffer.c **** /*-----------------------------------------------------------*/
 306              		.loc 1 871 1 is_stmt 0 view .LVU99
 307 0034 2000     		movs	r0, r4
 308              		@ sp needed
 309              	.LVL30:
 310              	.LVL31:
 871:Middlewares/Third_Party/FreeRTOS/Source/stream_buffer.c **** /*-----------------------------------------------------------*/
 311              		.loc 1 871 1 view .LVU100
 312 0036 76BD     		pop	{r1, r2, r4, r5, r6, pc}
 313              	.LVL32:
 314              	.L12:
 861:Middlewares/Third_Party/FreeRTOS/Source/stream_buffer.c ****     }
 315              		.loc 1 861 9 is_stmt 1 view .LVU101
 861:Middlewares/Third_Party/FreeRTOS/Source/stream_buffer.c ****     }
 316              		.loc 1 861 26 is_stmt 0 view .LVU102
 317 0038 9442     		cmp	r4, r2
 318 003a F3D9     		bls	.L14
 319 003c 1400     		movs	r4, r2
 320              	.LVL33:
 861:Middlewares/Third_Party/FreeRTOS/Source/stream_buffer.c ****     }
 321              		.loc 1 861 26 view .LVU103
 322 003e F1E7     		b	.L14
 323              	.LVL34:
 324              	.L17:
 861:Middlewares/Third_Party/FreeRTOS/Source/stream_buffer.c ****     }
 325              		.loc 1 861 26 view .LVU104
 326 0040 0024     		movs	r4, #0
ARM GAS  /tmp/ccTWZgXF.s 			page 32


 327              	.LVL35:
 861:Middlewares/Third_Party/FreeRTOS/Source/stream_buffer.c ****     }
 328              		.loc 1 861 26 view .LVU105
 329 0042 F7E7     		b	.L13
 330              		.cfi_endproc
 331              	.LFE8:
 333              		.section	.text.prvReadBytesFromBuffer.part.0,"ax",%progbits
 334              		.align	1
 335              		.syntax unified
 336              		.code	16
 337              		.thumb_func
 339              	prvReadBytesFromBuffer.part.0:
 340              	.LVL36:
 341              	.LFB26:
1294:Middlewares/Third_Party/FreeRTOS/Source/stream_buffer.c ****                                       uint8_t * pucData,
 342              		.loc 1 1294 15 is_stmt 1 view -0
 343              		.cfi_startproc
 344              		@ args = 0, pretend = 0, frame = 8
 345              		@ frame_needed = 0, uses_anonymous_args = 0
1301:Middlewares/Third_Party/FreeRTOS/Source/stream_buffer.c **** 
 346              		.loc 1 1301 43 discriminator 2 view .LVU107
1306:Middlewares/Third_Party/FreeRTOS/Source/stream_buffer.c **** 
 347              		.loc 1 1306 5 view .LVU108
1294:Middlewares/Third_Party/FreeRTOS/Source/stream_buffer.c ****                                       uint8_t * pucData,
 348              		.loc 1 1294 15 is_stmt 0 view .LVU109
 349 0000 F7B5     		push	{r0, r1, r2, r4, r5, r6, r7, lr}
 350              		.cfi_def_cfa_offset 32
 351              		.cfi_offset 0, -32
 352              		.cfi_offset 1, -28
 353              		.cfi_offset 2, -24
 354              		.cfi_offset 4, -20
 355              		.cfi_offset 5, -16
 356              		.cfi_offset 6, -12
 357              		.cfi_offset 7, -8
 358              		.cfi_offset 14, -4
1294:Middlewares/Third_Party/FreeRTOS/Source/stream_buffer.c ****                                       uint8_t * pucData,
 359              		.loc 1 1294 15 view .LVU110
 360 0002 1C00     		movs	r4, r3
1306:Middlewares/Third_Party/FreeRTOS/Source/stream_buffer.c **** 
 361              		.loc 1 1306 20 view .LVU111
 362 0004 8368     		ldr	r3, [r0, #8]
 363              	.LVL37:
1294:Middlewares/Third_Party/FreeRTOS/Source/stream_buffer.c ****                                       uint8_t * pucData,
 364              		.loc 1 1294 15 view .LVU112
 365 0006 0700     		movs	r7, r0
 366 0008 1600     		movs	r6, r2
 367 000a 0191     		str	r1, [sp, #4]
1306:Middlewares/Third_Party/FreeRTOS/Source/stream_buffer.c **** 
 368              		.loc 1 1306 20 view .LVU113
 369 000c 1D1B     		subs	r5, r3, r4
1306:Middlewares/Third_Party/FreeRTOS/Source/stream_buffer.c **** 
 370              		.loc 1 1306 18 view .LVU114
 371 000e 9542     		cmp	r5, r2
 372 0010 00D9     		bls	.L22
 373 0012 1500     		movs	r5, r2
 374              	.L22:
 375              	.LVL38:
ARM GAS  /tmp/ccTWZgXF.s 			page 33


1310:Middlewares/Third_Party/FreeRTOS/Source/stream_buffer.c ****     configASSERT( ( xTail + xFirstLength ) <= pxStreamBuffer->xLength );
 376              		.loc 1 1310 5 is_stmt 1 view .LVU115
1310:Middlewares/Third_Party/FreeRTOS/Source/stream_buffer.c ****     configASSERT( ( xTail + xFirstLength ) <= pxStreamBuffer->xLength );
 377              		.loc 1 1310 43 discriminator 2 view .LVU116
1311:Middlewares/Third_Party/FreeRTOS/Source/stream_buffer.c ****     ( void ) memcpy( ( void * ) pucData, ( const void * ) &( pxStreamBuffer->pucBuffer[ xTail ] ), 
 378              		.loc 1 1311 5 view .LVU117
 379 0014 6219     		adds	r2, r4, r5
 380              	.LVL39:
1311:Middlewares/Third_Party/FreeRTOS/Source/stream_buffer.c ****     ( void ) memcpy( ( void * ) pucData, ( const void * ) &( pxStreamBuffer->pucBuffer[ xTail ] ), 
 381              		.loc 1 1311 5 is_stmt 0 view .LVU118
 382 0016 9342     		cmp	r3, r2
 383 0018 01D2     		bcs	.L23
1311:Middlewares/Third_Party/FreeRTOS/Source/stream_buffer.c ****     ( void ) memcpy( ( void * ) pucData, ( const void * ) &( pxStreamBuffer->pucBuffer[ xTail ] ), 
 384              		.loc 1 1311 5 is_stmt 1 discriminator 1 view .LVU119
 385              		.syntax divided
 386              	@ 1311 "Middlewares/Third_Party/FreeRTOS/Source/stream_buffer.c" 1
 387 001a 72B6     		 cpsid i 
 388              	@ 0 "" 2
 389              		.thumb
 390              		.syntax unified
 391              	.L24:
1311:Middlewares/Third_Party/FreeRTOS/Source/stream_buffer.c ****     ( void ) memcpy( ( void * ) pucData, ( const void * ) &( pxStreamBuffer->pucBuffer[ xTail ] ), 
 392              		.loc 1 1311 5 discriminator 3 view .LVU120
1311:Middlewares/Third_Party/FreeRTOS/Source/stream_buffer.c ****     ( void ) memcpy( ( void * ) pucData, ( const void * ) &( pxStreamBuffer->pucBuffer[ xTail ] ), 
 393              		.loc 1 1311 5 discriminator 3 view .LVU121
 394 001c FEE7     		b	.L24
 395              	.L23:
1311:Middlewares/Third_Party/FreeRTOS/Source/stream_buffer.c ****     ( void ) memcpy( ( void * ) pucData, ( const void * ) &( pxStreamBuffer->pucBuffer[ xTail ] ), 
 396              		.loc 1 1311 72 discriminator 2 view .LVU122
1312:Middlewares/Third_Party/FreeRTOS/Source/stream_buffer.c **** 
 397              		.loc 1 1312 5 view .LVU123
1312:Middlewares/Third_Party/FreeRTOS/Source/stream_buffer.c **** 
 398              		.loc 1 1312 59 is_stmt 0 view .LVU124
 399 001e B969     		ldr	r1, [r7, #24]
 400              	.LVL40:
1312:Middlewares/Third_Party/FreeRTOS/Source/stream_buffer.c **** 
 401              		.loc 1 1312 14 view .LVU125
 402 0020 2A00     		movs	r2, r5
 403 0022 0198     		ldr	r0, [sp, #4]
 404              	.LVL41:
1312:Middlewares/Third_Party/FreeRTOS/Source/stream_buffer.c **** 
 405              		.loc 1 1312 59 view .LVU126
 406 0024 0919     		adds	r1, r1, r4
1312:Middlewares/Third_Party/FreeRTOS/Source/stream_buffer.c **** 
 407              		.loc 1 1312 14 view .LVU127
 408 0026 FFF7FEFF 		bl	memcpy
 409              	.LVL42:
1316:Middlewares/Third_Party/FreeRTOS/Source/stream_buffer.c ****     {
 410              		.loc 1 1316 5 is_stmt 1 view .LVU128
1316:Middlewares/Third_Party/FreeRTOS/Source/stream_buffer.c ****     {
 411              		.loc 1 1316 7 is_stmt 0 view .LVU129
 412 002a AE42     		cmp	r6, r5
 413 002c 05D9     		bls	.L25
1319:Middlewares/Third_Party/FreeRTOS/Source/stream_buffer.c ****     }
 414              		.loc 1 1319 9 is_stmt 1 view .LVU130
1319:Middlewares/Third_Party/FreeRTOS/Source/stream_buffer.c ****     }
 415              		.loc 1 1319 37 is_stmt 0 view .LVU131
ARM GAS  /tmp/ccTWZgXF.s 			page 34


 416 002e 019B     		ldr	r3, [sp, #4]
1319:Middlewares/Third_Party/FreeRTOS/Source/stream_buffer.c ****     }
 417              		.loc 1 1319 18 view .LVU132
 418 0030 B969     		ldr	r1, [r7, #24]
1319:Middlewares/Third_Party/FreeRTOS/Source/stream_buffer.c ****     }
 419              		.loc 1 1319 37 view .LVU133
 420 0032 5819     		adds	r0, r3, r5
1319:Middlewares/Third_Party/FreeRTOS/Source/stream_buffer.c ****     }
 421              		.loc 1 1319 18 view .LVU134
 422 0034 721B     		subs	r2, r6, r5
 423 0036 FFF7FEFF 		bl	memcpy
 424              	.LVL43:
 425              	.L25:
1323:Middlewares/Third_Party/FreeRTOS/Source/stream_buffer.c ****     }
 426              		.loc 1 1323 33 is_stmt 1 view .LVU135
1327:Middlewares/Third_Party/FreeRTOS/Source/stream_buffer.c **** 
 427              		.loc 1 1327 5 view .LVU136
1329:Middlewares/Third_Party/FreeRTOS/Source/stream_buffer.c ****     {
 428              		.loc 1 1329 32 is_stmt 0 view .LVU137
 429 003a BB68     		ldr	r3, [r7, #8]
1327:Middlewares/Third_Party/FreeRTOS/Source/stream_buffer.c **** 
 430              		.loc 1 1327 11 view .LVU138
 431 003c A019     		adds	r0, r4, r6
 432              	.LVL44:
1329:Middlewares/Third_Party/FreeRTOS/Source/stream_buffer.c ****     {
 433              		.loc 1 1329 5 is_stmt 1 view .LVU139
1329:Middlewares/Third_Party/FreeRTOS/Source/stream_buffer.c ****     {
 434              		.loc 1 1329 7 is_stmt 0 view .LVU140
 435 003e 9842     		cmp	r0, r3
 436 0040 00D3     		bcc	.L21
1331:Middlewares/Third_Party/FreeRTOS/Source/stream_buffer.c ****     }
 437              		.loc 1 1331 9 is_stmt 1 view .LVU141
1331:Middlewares/Third_Party/FreeRTOS/Source/stream_buffer.c ****     }
 438              		.loc 1 1331 15 is_stmt 0 view .LVU142
 439 0042 C01A     		subs	r0, r0, r3
 440              	.LVL45:
1334:Middlewares/Third_Party/FreeRTOS/Source/stream_buffer.c **** }
 441              		.loc 1 1334 5 is_stmt 1 view .LVU143
 442              	.L21:
1335:Middlewares/Third_Party/FreeRTOS/Source/stream_buffer.c **** /*-----------------------------------------------------------*/
 443              		.loc 1 1335 1 is_stmt 0 view .LVU144
 444              		@ sp needed
 445              	.LVL46:
 446              	.LVL47:
 447              	.LVL48:
1335:Middlewares/Third_Party/FreeRTOS/Source/stream_buffer.c **** /*-----------------------------------------------------------*/
 448              		.loc 1 1335 1 view .LVU145
 449 0044 FEBD     		pop	{r1, r2, r3, r4, r5, r6, r7, pc}
 450              		.cfi_endproc
 451              	.LFE26:
 453              		.section	.text.prvReadMessageFromBuffer,"ax",%progbits
 454              		.align	1
 455              		.syntax unified
 456              		.code	16
 457              		.thumb_func
 459              	prvReadMessageFromBuffer:
 460              	.LVL49:
ARM GAS  /tmp/ccTWZgXF.s 			page 35


 461              	.LFB12:
1079:Middlewares/Third_Party/FreeRTOS/Source/stream_buffer.c ****     size_t xCount, xNextMessageLength;
 462              		.loc 1 1079 1 is_stmt 1 view -0
 463              		.cfi_startproc
 464              		@ args = 0, pretend = 0, frame = 8
 465              		@ frame_needed = 0, uses_anonymous_args = 0
1080:Middlewares/Third_Party/FreeRTOS/Source/stream_buffer.c ****     configMESSAGE_BUFFER_LENGTH_TYPE xTempNextMessageLength;
 466              		.loc 1 1080 5 view .LVU147
1081:Middlewares/Third_Party/FreeRTOS/Source/stream_buffer.c ****     size_t xNextTail = pxStreamBuffer->xTail;
 467              		.loc 1 1081 5 view .LVU148
1082:Middlewares/Third_Party/FreeRTOS/Source/stream_buffer.c **** 
 468              		.loc 1 1082 5 view .LVU149
1079:Middlewares/Third_Party/FreeRTOS/Source/stream_buffer.c ****     size_t xCount, xNextMessageLength;
 469              		.loc 1 1079 1 is_stmt 0 view .LVU150
 470 0000 F7B5     		push	{r0, r1, r2, r4, r5, r6, r7, lr}
 471              		.cfi_def_cfa_offset 32
 472              		.cfi_offset 0, -32
 473              		.cfi_offset 1, -28
 474              		.cfi_offset 2, -24
 475              		.cfi_offset 4, -20
 476              		.cfi_offset 5, -16
 477              		.cfi_offset 6, -12
 478              		.cfi_offset 7, -8
 479              		.cfi_offset 14, -4
1079:Middlewares/Third_Party/FreeRTOS/Source/stream_buffer.c ****     size_t xCount, xNextMessageLength;
 480              		.loc 1 1079 1 view .LVU151
 481 0002 1600     		movs	r6, r2
1084:Middlewares/Third_Party/FreeRTOS/Source/stream_buffer.c ****     {
 482              		.loc 1 1084 7 view .LVU152
 483 0004 027F     		ldrb	r2, [r0, #28]
 484              	.LVL50:
1079:Middlewares/Third_Party/FreeRTOS/Source/stream_buffer.c ****     size_t xCount, xNextMessageLength;
 485              		.loc 1 1079 1 view .LVU153
 486 0006 1C00     		movs	r4, r3
 487 0008 0500     		movs	r5, r0
 488 000a 0F00     		movs	r7, r1
1082:Middlewares/Third_Party/FreeRTOS/Source/stream_buffer.c **** 
 489              		.loc 1 1082 12 view .LVU154
 490 000c 0368     		ldr	r3, [r0]
 491              	.LVL51:
1084:Middlewares/Third_Party/FreeRTOS/Source/stream_buffer.c ****     {
 492              		.loc 1 1084 5 is_stmt 1 view .LVU155
1084:Middlewares/Third_Party/FreeRTOS/Source/stream_buffer.c ****     {
 493              		.loc 1 1084 7 is_stmt 0 view .LVU156
 494 000e D207     		lsls	r2, r2, #31
 495 0010 0BD5     		bpl	.L28
1088:Middlewares/Third_Party/FreeRTOS/Source/stream_buffer.c ****         xNextMessageLength = ( size_t ) xTempNextMessageLength;
 496              		.loc 1 1088 9 is_stmt 1 view .LVU157
 497              	.LVL52:
 498              	.LBB19:
 499              	.LBI19:
1294:Middlewares/Third_Party/FreeRTOS/Source/stream_buffer.c ****                                       uint8_t * pucData,
 500              		.loc 1 1294 15 view .LVU158
 501              	.LBB20:
1299:Middlewares/Third_Party/FreeRTOS/Source/stream_buffer.c **** 
 502              		.loc 1 1299 5 view .LVU159
1301:Middlewares/Third_Party/FreeRTOS/Source/stream_buffer.c **** 
ARM GAS  /tmp/ccTWZgXF.s 			page 36


 503              		.loc 1 1301 5 view .LVU160
 504 0012 0422     		movs	r2, #4
 505 0014 01A9     		add	r1, sp, #4
 506              	.LVL53:
1301:Middlewares/Third_Party/FreeRTOS/Source/stream_buffer.c **** 
 507              		.loc 1 1301 5 is_stmt 0 view .LVU161
 508 0016 FFF7FEFF 		bl	prvReadBytesFromBuffer.part.0
 509              	.LVL54:
1301:Middlewares/Third_Party/FreeRTOS/Source/stream_buffer.c **** 
 510              		.loc 1 1301 5 view .LVU162
 511              	.LBE20:
 512              	.LBE19:
1089:Middlewares/Third_Party/FreeRTOS/Source/stream_buffer.c **** 
 513              		.loc 1 1089 28 view .LVU163
 514 001a 0022     		movs	r2, #0
 515 001c 0199     		ldr	r1, [sp, #4]
 516              	.LBB22:
 517              	.LBB21:
 518 001e 0300     		movs	r3, r0
 519              	.LVL55:
1334:Middlewares/Third_Party/FreeRTOS/Source/stream_buffer.c **** }
 520              		.loc 1 1334 5 is_stmt 1 view .LVU164
1334:Middlewares/Third_Party/FreeRTOS/Source/stream_buffer.c **** }
 521              		.loc 1 1334 5 is_stmt 0 view .LVU165
 522              	.LBE21:
 523              	.LBE22:
1089:Middlewares/Third_Party/FreeRTOS/Source/stream_buffer.c **** 
 524              		.loc 1 1089 9 is_stmt 1 view .LVU166
1093:Middlewares/Third_Party/FreeRTOS/Source/stream_buffer.c **** 
 525              		.loc 1 1093 9 view .LVU167
1089:Middlewares/Third_Party/FreeRTOS/Source/stream_buffer.c **** 
 526              		.loc 1 1089 28 is_stmt 0 view .LVU168
 527 0020 8E42     		cmp	r6, r1
 528 0022 5241     		adcs	r2, r2, r2
 529 0024 5642     		rsbs	r6, r2, #0
 530              	.LVL56:
1093:Middlewares/Third_Party/FreeRTOS/Source/stream_buffer.c **** 
 531              		.loc 1 1093 25 view .LVU169
 532 0026 043C     		subs	r4, r4, #4
 533              	.LVL57:
1097:Middlewares/Third_Party/FreeRTOS/Source/stream_buffer.c ****         {
 534              		.loc 1 1097 9 is_stmt 1 view .LVU170
1089:Middlewares/Third_Party/FreeRTOS/Source/stream_buffer.c **** 
 535              		.loc 1 1089 28 is_stmt 0 view .LVU171
 536 0028 0E40     		ands	r6, r1
 537              	.LVL58:
 538              	.L28:
1115:Middlewares/Third_Party/FreeRTOS/Source/stream_buffer.c **** 
 539              		.loc 1 1115 5 is_stmt 1 view .LVU172
1115:Middlewares/Third_Party/FreeRTOS/Source/stream_buffer.c **** 
 540              		.loc 1 1115 12 is_stmt 0 view .LVU173
 541 002a B442     		cmp	r4, r6
 542 002c 00D9     		bls	.L29
1115:Middlewares/Third_Party/FreeRTOS/Source/stream_buffer.c **** 
 543              		.loc 1 1115 12 view .LVU174
 544 002e 3400     		movs	r4, r6
 545              	.LVL59:
ARM GAS  /tmp/ccTWZgXF.s 			page 37


 546              	.L29:
1117:Middlewares/Third_Party/FreeRTOS/Source/stream_buffer.c ****     {
 547              		.loc 1 1117 5 is_stmt 1 view .LVU175
1117:Middlewares/Third_Party/FreeRTOS/Source/stream_buffer.c ****     {
 548              		.loc 1 1117 7 is_stmt 0 view .LVU176
 549 0030 002C     		cmp	r4, #0
 550 0032 05D0     		beq	.L27
1120:Middlewares/Third_Party/FreeRTOS/Source/stream_buffer.c ****     }
 551              		.loc 1 1120 9 is_stmt 1 view .LVU177
 552              	.LVL60:
 553              	.LBB23:
 554              	.LBI23:
1294:Middlewares/Third_Party/FreeRTOS/Source/stream_buffer.c ****                                       uint8_t * pucData,
 555              		.loc 1 1294 15 view .LVU178
 556              	.LBB24:
1299:Middlewares/Third_Party/FreeRTOS/Source/stream_buffer.c **** 
 557              		.loc 1 1299 5 view .LVU179
1301:Middlewares/Third_Party/FreeRTOS/Source/stream_buffer.c **** 
 558              		.loc 1 1301 5 view .LVU180
 559 0034 2200     		movs	r2, r4
 560 0036 3900     		movs	r1, r7
 561 0038 2800     		movs	r0, r5
 562 003a FFF7FEFF 		bl	prvReadBytesFromBuffer.part.0
 563              	.LVL61:
1334:Middlewares/Third_Party/FreeRTOS/Source/stream_buffer.c **** }
 564              		.loc 1 1334 5 view .LVU181
1334:Middlewares/Third_Party/FreeRTOS/Source/stream_buffer.c **** }
 565              		.loc 1 1334 5 is_stmt 0 view .LVU182
 566              	.LBE24:
 567              	.LBE23:
1120:Middlewares/Third_Party/FreeRTOS/Source/stream_buffer.c ****     }
 568              		.loc 1 1120 31 discriminator 1 view .LVU183
 569 003e 2860     		str	r0, [r5]
1123:Middlewares/Third_Party/FreeRTOS/Source/stream_buffer.c **** }
 570              		.loc 1 1123 5 is_stmt 1 view .LVU184
 571              	.L27:
1124:Middlewares/Third_Party/FreeRTOS/Source/stream_buffer.c **** /*-----------------------------------------------------------*/
 572              		.loc 1 1124 1 is_stmt 0 view .LVU185
 573 0040 2000     		movs	r0, r4
 574              		@ sp needed
 575              	.LVL62:
 576              	.LVL63:
 577              	.LVL64:
 578              	.LVL65:
1124:Middlewares/Third_Party/FreeRTOS/Source/stream_buffer.c **** /*-----------------------------------------------------------*/
 579              		.loc 1 1124 1 view .LVU186
 580 0042 FEBD     		pop	{r1, r2, r3, r4, r5, r6, r7, pc}
 581              		.cfi_endproc
 582              	.LFE12:
 584              		.section	.text.xStreamBufferGenericCreate,"ax",%progbits
 585              		.align	1
 586              		.global	xStreamBufferGenericCreate
 587              		.syntax unified
 588              		.code	16
 589              		.thumb_func
 591              	xStreamBufferGenericCreate:
 592              	.LVL66:
ARM GAS  /tmp/ccTWZgXF.s 			page 38


 593              	.LFB0:
 326:Middlewares/Third_Party/FreeRTOS/Source/stream_buffer.c ****         uint8_t * pucAllocatedMemory;
 594              		.loc 1 326 5 is_stmt 1 view -0
 595              		.cfi_startproc
 596              		@ args = 4, pretend = 0, frame = 8
 597              		@ frame_needed = 0, uses_anonymous_args = 0
 327:Middlewares/Third_Party/FreeRTOS/Source/stream_buffer.c ****         uint8_t ucFlags;
 598              		.loc 1 327 9 view .LVU188
 328:Middlewares/Third_Party/FreeRTOS/Source/stream_buffer.c **** 
 599              		.loc 1 328 9 view .LVU189
 334:Middlewares/Third_Party/FreeRTOS/Source/stream_buffer.c ****         {
 600              		.loc 1 334 9 view .LVU190
 326:Middlewares/Third_Party/FreeRTOS/Source/stream_buffer.c ****         uint8_t * pucAllocatedMemory;
 601              		.loc 1 326 5 is_stmt 0 view .LVU191
 602 0000 F7B5     		push	{r0, r1, r2, r4, r5, r6, r7, lr}
 603              		.cfi_def_cfa_offset 32
 604              		.cfi_offset 0, -32
 605              		.cfi_offset 1, -28
 606              		.cfi_offset 2, -24
 607              		.cfi_offset 4, -20
 608              		.cfi_offset 5, -16
 609              		.cfi_offset 6, -12
 610              		.cfi_offset 7, -8
 611              		.cfi_offset 14, -4
 326:Middlewares/Third_Party/FreeRTOS/Source/stream_buffer.c ****         uint8_t * pucAllocatedMemory;
 612              		.loc 1 326 5 view .LVU192
 613 0002 0500     		movs	r5, r0
 614 0004 0E00     		movs	r6, r1
 334:Middlewares/Third_Party/FreeRTOS/Source/stream_buffer.c ****         {
 615              		.loc 1 334 11 view .LVU193
 616 0006 012A     		cmp	r2, #1
 617 0008 03D1     		bne	.L40
 337:Middlewares/Third_Party/FreeRTOS/Source/stream_buffer.c ****             configASSERT( xBufferSizeBytes > sbBYTES_TO_STORE_MESSAGE_LENGTH );
 618              		.loc 1 337 13 is_stmt 1 view .LVU194
 619              	.LVL67:
 338:Middlewares/Third_Party/FreeRTOS/Source/stream_buffer.c ****         }
 620              		.loc 1 338 13 view .LVU195
 621 000a 0428     		cmp	r0, #4
 622 000c 05D8     		bhi	.L52
 338:Middlewares/Third_Party/FreeRTOS/Source/stream_buffer.c ****         }
 623              		.loc 1 338 13 discriminator 1 view .LVU196
 624              		.syntax divided
 625              	@ 338 "Middlewares/Third_Party/FreeRTOS/Source/stream_buffer.c" 1
 626 000e 72B6     		 cpsid i 
 627              	@ 0 "" 2
 628              		.thumb
 629              		.syntax unified
 630              	.L42:
 338:Middlewares/Third_Party/FreeRTOS/Source/stream_buffer.c ****         }
 631              		.loc 1 338 13 discriminator 3 view .LVU197
 338:Middlewares/Third_Party/FreeRTOS/Source/stream_buffer.c ****         }
 632              		.loc 1 338 13 discriminator 3 view .LVU198
 633 0010 FEE7     		b	.L42
 634              	.LVL68:
 635              	.L40:
 343:Middlewares/Third_Party/FreeRTOS/Source/stream_buffer.c ****             configASSERT( xBufferSizeBytes > 0 );
 636              		.loc 1 343 13 view .LVU199
ARM GAS  /tmp/ccTWZgXF.s 			page 39


 344:Middlewares/Third_Party/FreeRTOS/Source/stream_buffer.c ****         }
 637              		.loc 1 344 13 view .LVU200
 638 0012 0028     		cmp	r0, #0
 639 0014 06D1     		bne	.L53
 344:Middlewares/Third_Party/FreeRTOS/Source/stream_buffer.c ****         }
 640              		.loc 1 344 13 discriminator 1 view .LVU201
 641              		.syntax divided
 642              	@ 344 "Middlewares/Third_Party/FreeRTOS/Source/stream_buffer.c" 1
 643 0016 72B6     		 cpsid i 
 644              	@ 0 "" 2
 645              		.thumb
 646              		.syntax unified
 647              	.L43:
 344:Middlewares/Third_Party/FreeRTOS/Source/stream_buffer.c ****         }
 648              		.loc 1 344 13 discriminator 3 view .LVU202
 344:Middlewares/Third_Party/FreeRTOS/Source/stream_buffer.c ****         }
 649              		.loc 1 344 13 discriminator 3 view .LVU203
 650 0018 FEE7     		b	.L43
 651              	.LVL69:
 652              	.L52:
 337:Middlewares/Third_Party/FreeRTOS/Source/stream_buffer.c ****             configASSERT( xBufferSizeBytes > sbBYTES_TO_STORE_MESSAGE_LENGTH );
 653              		.loc 1 337 21 is_stmt 0 view .LVU204
 654 001a 0192     		str	r2, [sp, #4]
 655              	.LVL70:
 656              	.L41:
 344:Middlewares/Third_Party/FreeRTOS/Source/stream_buffer.c ****         }
 657              		.loc 1 344 49 is_stmt 1 discriminator 2 view .LVU205
 347:Middlewares/Third_Party/FreeRTOS/Source/stream_buffer.c **** 
 658              		.loc 1 347 9 view .LVU206
 659 001c B542     		cmp	r5, r6
 660 001e 04D2     		bcs	.L44
 347:Middlewares/Third_Party/FreeRTOS/Source/stream_buffer.c **** 
 661              		.loc 1 347 9 discriminator 1 view .LVU207
 662              		.syntax divided
 663              	@ 347 "Middlewares/Third_Party/FreeRTOS/Source/stream_buffer.c" 1
 664 0020 72B6     		 cpsid i 
 665              	@ 0 "" 2
 666              		.thumb
 667              		.syntax unified
 668              	.L45:
 347:Middlewares/Third_Party/FreeRTOS/Source/stream_buffer.c **** 
 669              		.loc 1 347 9 discriminator 3 view .LVU208
 347:Middlewares/Third_Party/FreeRTOS/Source/stream_buffer.c **** 
 670              		.loc 1 347 9 discriminator 3 view .LVU209
 671 0022 FEE7     		b	.L45
 672              	.LVL71:
 673              	.L53:
 343:Middlewares/Third_Party/FreeRTOS/Source/stream_buffer.c ****             configASSERT( xBufferSizeBytes > 0 );
 674              		.loc 1 343 21 is_stmt 0 view .LVU210
 675 0024 0023     		movs	r3, #0
 676              	.LVL72:
 343:Middlewares/Third_Party/FreeRTOS/Source/stream_buffer.c ****             configASSERT( xBufferSizeBytes > 0 );
 677              		.loc 1 343 21 view .LVU211
 678 0026 0193     		str	r3, [sp, #4]
 679 0028 F8E7     		b	.L41
 680              	.LVL73:
 681              	.L44:
ARM GAS  /tmp/ccTWZgXF.s 			page 40


 347:Middlewares/Third_Party/FreeRTOS/Source/stream_buffer.c **** 
 682              		.loc 1 347 63 is_stmt 1 discriminator 2 view .LVU212
 351:Middlewares/Third_Party/FreeRTOS/Source/stream_buffer.c ****         {
 683              		.loc 1 351 9 view .LVU213
 364:Middlewares/Third_Party/FreeRTOS/Source/stream_buffer.c ****         {
 684              		.loc 1 364 9 view .LVU214
 364:Middlewares/Third_Party/FreeRTOS/Source/stream_buffer.c ****         {
 685              		.loc 1 364 11 is_stmt 0 view .LVU215
 686 002a 2B00     		movs	r3, r5
 687 002c 2633     		adds	r3, r3, #38
 688 002e 02D9     		bls	.L46
 689              	.LVL74:
 690              	.L48:
 343:Middlewares/Third_Party/FreeRTOS/Source/stream_buffer.c ****             configASSERT( xBufferSizeBytes > 0 );
 691              		.loc 1 343 21 view .LVU216
 692 0030 0024     		movs	r4, #0
 693              	.LVL75:
 694              	.L39:
 392:Middlewares/Third_Party/FreeRTOS/Source/stream_buffer.c **** #endif /* configSUPPORT_DYNAMIC_ALLOCATION */
 695              		.loc 1 392 5 view .LVU217
 696              		@ sp needed
 697 0032 2000     		movs	r0, r4
 698 0034 FEBD     		pop	{r1, r2, r3, r4, r5, r6, r7, pc}
 699              	.LVL76:
 700              	.L46:
 366:Middlewares/Third_Party/FreeRTOS/Source/stream_buffer.c ****             pucAllocatedMemory = ( uint8_t * ) pvPortMalloc( xBufferSizeBytes + sizeof( StreamBuffe
 701              		.loc 1 366 13 is_stmt 1 view .LVU218
 367:Middlewares/Third_Party/FreeRTOS/Source/stream_buffer.c ****         }
 702              		.loc 1 367 13 view .LVU219
 367:Middlewares/Third_Party/FreeRTOS/Source/stream_buffer.c ****         }
 703              		.loc 1 367 48 is_stmt 0 view .LVU220
 704 0036 2800     		movs	r0, r5
 367:Middlewares/Third_Party/FreeRTOS/Source/stream_buffer.c ****         }
 705              		.loc 1 367 48 view .LVU221
 706 0038 2530     		adds	r0, r0, #37
 707              	.LVL77:
 367:Middlewares/Third_Party/FreeRTOS/Source/stream_buffer.c ****         }
 708              		.loc 1 367 48 view .LVU222
 709 003a FFF7FEFF 		bl	pvPortMalloc
 710              	.LVL78:
 367:Middlewares/Third_Party/FreeRTOS/Source/stream_buffer.c ****         }
 711              		.loc 1 367 48 view .LVU223
 712 003e 041E     		subs	r4, r0, #0
 713              	.LVL79:
 374:Middlewares/Third_Party/FreeRTOS/Source/stream_buffer.c ****         {
 714              		.loc 1 374 9 is_stmt 1 view .LVU224
 374:Middlewares/Third_Party/FreeRTOS/Source/stream_buffer.c ****         {
 715              		.loc 1 374 11 is_stmt 0 view .LVU225
 716 0040 F6D0     		beq	.L48
 376:Middlewares/Third_Party/FreeRTOS/Source/stream_buffer.c ****                                           pucAllocatedMemory + sizeof( StreamBuffer_t ), /* Storage
 717              		.loc 1 376 13 view .LVU226
 718 0042 0700     		movs	r7, r0
 366:Middlewares/Third_Party/FreeRTOS/Source/stream_buffer.c ****             pucAllocatedMemory = ( uint8_t * ) pvPortMalloc( xBufferSizeBytes + sizeof( StreamBuffe
 719              		.loc 1 366 29 view .LVU227
 720 0044 0135     		adds	r5, r5, #1
 721              	.LVL80:
 376:Middlewares/Third_Party/FreeRTOS/Source/stream_buffer.c ****                                           pucAllocatedMemory + sizeof( StreamBuffer_t ), /* Storage
ARM GAS  /tmp/ccTWZgXF.s 			page 41


 722              		.loc 1 376 13 is_stmt 1 view .LVU228
 723 0046 2437     		adds	r7, r7, #36
 724              	.LVL81:
 725              	.LBB32:
 726              	.LBI32:
1357:Middlewares/Third_Party/FreeRTOS/Source/stream_buffer.c **** /*-----------------------------------------------------------*/
1358:Middlewares/Third_Party/FreeRTOS/Source/stream_buffer.c **** 
1359:Middlewares/Third_Party/FreeRTOS/Source/stream_buffer.c **** static void prvInitialiseNewStreamBuffer( StreamBuffer_t * const pxStreamBuffer,
 727              		.loc 1 1359 13 view .LVU229
 728              	.LBB33:
1360:Middlewares/Third_Party/FreeRTOS/Source/stream_buffer.c ****                                           uint8_t * const pucBuffer,
1361:Middlewares/Third_Party/FreeRTOS/Source/stream_buffer.c ****                                           size_t xBufferSizeBytes,
1362:Middlewares/Third_Party/FreeRTOS/Source/stream_buffer.c ****                                           size_t xTriggerLevelBytes,
1363:Middlewares/Third_Party/FreeRTOS/Source/stream_buffer.c ****                                           uint8_t ucFlags,
1364:Middlewares/Third_Party/FreeRTOS/Source/stream_buffer.c ****                                           StreamBufferCallbackFunction_t pxSendCompletedCallback,
1365:Middlewares/Third_Party/FreeRTOS/Source/stream_buffer.c ****                                           StreamBufferCallbackFunction_t pxReceiveCompletedCallback
1366:Middlewares/Third_Party/FreeRTOS/Source/stream_buffer.c **** {
1367:Middlewares/Third_Party/FreeRTOS/Source/stream_buffer.c ****     /* Assert here is deliberately writing to the entire buffer to ensure it can
1368:Middlewares/Third_Party/FreeRTOS/Source/stream_buffer.c ****      * be written to without generating exceptions, and is setting the buffer to a
1369:Middlewares/Third_Party/FreeRTOS/Source/stream_buffer.c ****      * known value to assist in development/debugging. */
1370:Middlewares/Third_Party/FreeRTOS/Source/stream_buffer.c ****     #if ( configASSERT_DEFINED == 1 )
1371:Middlewares/Third_Party/FreeRTOS/Source/stream_buffer.c ****     {
1372:Middlewares/Third_Party/FreeRTOS/Source/stream_buffer.c ****         /* The value written just has to be identifiable when looking at the
1373:Middlewares/Third_Party/FreeRTOS/Source/stream_buffer.c ****          * memory.  Don't use 0xA5 as that is the stack fill value and could
1374:Middlewares/Third_Party/FreeRTOS/Source/stream_buffer.c ****          * result in confusion as to what is actually being observed. */
1375:Middlewares/Third_Party/FreeRTOS/Source/stream_buffer.c ****         const BaseType_t xWriteValue = 0x55;
 729              		.loc 1 1375 9 view .LVU230
1376:Middlewares/Third_Party/FreeRTOS/Source/stream_buffer.c ****         configASSERT( memset( pucBuffer, ( int ) xWriteValue, xBufferSizeBytes ) == pucBuffer );
 730              		.loc 1 1376 9 view .LVU231
 731 0048 2A00     		movs	r2, r5
 732 004a 5521     		movs	r1, #85
 733 004c 3800     		movs	r0, r7
 734              	.LVL82:
 735              		.loc 1 1376 9 is_stmt 0 view .LVU232
 736 004e FFF7FEFF 		bl	memset
 737              	.LVL83:
 738              		.loc 1 1376 9 discriminator 1 view .LVU233
 739 0052 8742     		cmp	r7, r0
 740 0054 01D0     		beq	.L49
 741              		.loc 1 1376 9 is_stmt 1 discriminator 1 view .LVU234
 742              		.syntax divided
 743              	@ 1376 "Middlewares/Third_Party/FreeRTOS/Source/stream_buffer.c" 1
 744 0056 72B6     		 cpsid i 
 745              	@ 0 "" 2
 746              		.thumb
 747              		.syntax unified
 748              	.L50:
 749              		.loc 1 1376 9 discriminator 3 view .LVU235
 750              		.loc 1 1376 9 discriminator 3 view .LVU236
 751 0058 FEE7     		b	.L50
 752              	.L49:
 753              	.LVL84:
 754              		.loc 1 1376 9 is_stmt 0 discriminator 3 view .LVU237
 755              	.LBE33:
 756              	.LBB34:
 757              	.LBI34:
1359:Middlewares/Third_Party/FreeRTOS/Source/stream_buffer.c ****                                           uint8_t * const pucBuffer,
ARM GAS  /tmp/ccTWZgXF.s 			page 42


 758              		.loc 1 1359 13 is_stmt 1 view .LVU238
 759              		.loc 1 1376 96 discriminator 2 view .LVU239
 760              	.LBB35:
1377:Middlewares/Third_Party/FreeRTOS/Source/stream_buffer.c ****     } /*lint !e529 !e438 xWriteValue is only used if configASSERT() is defined. */
1378:Middlewares/Third_Party/FreeRTOS/Source/stream_buffer.c ****     #endif
1379:Middlewares/Third_Party/FreeRTOS/Source/stream_buffer.c **** 
1380:Middlewares/Third_Party/FreeRTOS/Source/stream_buffer.c ****     ( void ) memset( ( void * ) pxStreamBuffer, 0x00, sizeof( StreamBuffer_t ) ); /*lint !e9087 mem
 761              		.loc 1 1380 5 view .LVU240
 762              		.loc 1 1380 14 is_stmt 0 view .LVU241
 763 005a 2422     		movs	r2, #36
 764 005c 0021     		movs	r1, #0
 765 005e 2000     		movs	r0, r4
 766 0060 FFF7FEFF 		bl	memset
 767              	.LVL85:
1381:Middlewares/Third_Party/FreeRTOS/Source/stream_buffer.c ****     pxStreamBuffer->pucBuffer = pucBuffer;
 768              		.loc 1 1381 5 is_stmt 1 view .LVU242
 769              		.loc 1 1381 31 is_stmt 0 view .LVU243
 770 0064 A761     		str	r7, [r4, #24]
1382:Middlewares/Third_Party/FreeRTOS/Source/stream_buffer.c ****     pxStreamBuffer->xLength = xBufferSizeBytes;
 771              		.loc 1 1382 5 is_stmt 1 view .LVU244
 772              		.loc 1 1382 29 is_stmt 0 view .LVU245
 773 0066 A560     		str	r5, [r4, #8]
1383:Middlewares/Third_Party/FreeRTOS/Source/stream_buffer.c ****     pxStreamBuffer->xTriggerLevelBytes = xTriggerLevelBytes;
 774              		.loc 1 1383 5 is_stmt 1 view .LVU246
 775              		.loc 1 1383 40 is_stmt 0 view .LVU247
 776 0068 002E     		cmp	r6, #0
 777 006a 00D1     		bne	.L51
 778              		.loc 1 1383 40 view .LVU248
 779 006c 0136     		adds	r6, r6, #1
 780              	.LVL86:
 781              	.L51:
1384:Middlewares/Third_Party/FreeRTOS/Source/stream_buffer.c ****     pxStreamBuffer->ucFlags = ucFlags;
 782              		.loc 1 1384 29 view .LVU249
 783 006e 019B     		ldr	r3, [sp, #4]
1383:Middlewares/Third_Party/FreeRTOS/Source/stream_buffer.c ****     pxStreamBuffer->xTriggerLevelBytes = xTriggerLevelBytes;
 784              		.loc 1 1383 40 view .LVU250
 785 0070 E660     		str	r6, [r4, #12]
 786              		.loc 1 1384 5 is_stmt 1 view .LVU251
 787              		.loc 1 1384 29 is_stmt 0 view .LVU252
 788 0072 2377     		strb	r3, [r4, #28]
1385:Middlewares/Third_Party/FreeRTOS/Source/stream_buffer.c ****     #if ( configUSE_SB_COMPLETED_CALLBACK == 1 )
1386:Middlewares/Third_Party/FreeRTOS/Source/stream_buffer.c ****     {
1387:Middlewares/Third_Party/FreeRTOS/Source/stream_buffer.c ****         pxStreamBuffer->pxSendCompletedCallback = pxSendCompletedCallback;
1388:Middlewares/Third_Party/FreeRTOS/Source/stream_buffer.c ****         pxStreamBuffer->pxReceiveCompletedCallback = pxReceiveCompletedCallback;
1389:Middlewares/Third_Party/FreeRTOS/Source/stream_buffer.c ****     }
1390:Middlewares/Third_Party/FreeRTOS/Source/stream_buffer.c ****     #else
1391:Middlewares/Third_Party/FreeRTOS/Source/stream_buffer.c ****     {
1392:Middlewares/Third_Party/FreeRTOS/Source/stream_buffer.c ****         ( void ) pxSendCompletedCallback;
 789              		.loc 1 1392 9 is_stmt 1 view .LVU253
1393:Middlewares/Third_Party/FreeRTOS/Source/stream_buffer.c ****         ( void ) pxReceiveCompletedCallback;
 790              		.loc 1 1393 9 view .LVU254
 791              	.LVL87:
 792              		.loc 1 1393 9 is_stmt 0 view .LVU255
 793              	.LBE35:
 794              	.LBE34:
 795              	.LBE32:
 384:Middlewares/Third_Party/FreeRTOS/Source/stream_buffer.c ****         }
ARM GAS  /tmp/ccTWZgXF.s 			page 43


 796              		.loc 1 384 103 is_stmt 1 view .LVU256
 388:Middlewares/Third_Party/FreeRTOS/Source/stream_buffer.c ****         }
 797              		.loc 1 388 65 view .LVU257
 391:Middlewares/Third_Party/FreeRTOS/Source/stream_buffer.c ****     }
 798              		.loc 1 391 9 view .LVU258
 391:Middlewares/Third_Party/FreeRTOS/Source/stream_buffer.c ****     }
 799              		.loc 1 391 16 is_stmt 0 view .LVU259
 800 0074 DDE7     		b	.L39
 801              		.cfi_endproc
 802              	.LFE0:
 804              		.section	.text.vStreamBufferDelete,"ax",%progbits
 805              		.align	1
 806              		.global	vStreamBufferDelete
 807              		.syntax unified
 808              		.code	16
 809              		.thumb_func
 811              	vStreamBufferDelete:
 812              	.LVL88:
 813              	.LFB1:
 478:Middlewares/Third_Party/FreeRTOS/Source/stream_buffer.c ****     StreamBuffer_t * pxStreamBuffer = xStreamBuffer;
 814              		.loc 1 478 1 is_stmt 1 view -0
 815              		.cfi_startproc
 816              		@ args = 0, pretend = 0, frame = 0
 817              		@ frame_needed = 0, uses_anonymous_args = 0
 479:Middlewares/Third_Party/FreeRTOS/Source/stream_buffer.c **** 
 818              		.loc 1 479 5 view .LVU261
 481:Middlewares/Third_Party/FreeRTOS/Source/stream_buffer.c **** 
 819              		.loc 1 481 5 view .LVU262
 478:Middlewares/Third_Party/FreeRTOS/Source/stream_buffer.c ****     StreamBuffer_t * pxStreamBuffer = xStreamBuffer;
 820              		.loc 1 478 1 is_stmt 0 view .LVU263
 821 0000 10B5     		push	{r4, lr}
 822              		.cfi_def_cfa_offset 8
 823              		.cfi_offset 4, -8
 824              		.cfi_offset 14, -4
 481:Middlewares/Third_Party/FreeRTOS/Source/stream_buffer.c **** 
 825              		.loc 1 481 5 view .LVU264
 826 0002 0028     		cmp	r0, #0
 827 0004 01D1     		bne	.L58
 481:Middlewares/Third_Party/FreeRTOS/Source/stream_buffer.c **** 
 828              		.loc 1 481 5 is_stmt 1 discriminator 1 view .LVU265
 829              		.syntax divided
 830              	@ 481 "Middlewares/Third_Party/FreeRTOS/Source/stream_buffer.c" 1
 831 0006 72B6     		 cpsid i 
 832              	@ 0 "" 2
 833              		.thumb
 834              		.syntax unified
 835              	.L59:
 481:Middlewares/Third_Party/FreeRTOS/Source/stream_buffer.c **** 
 836              		.loc 1 481 5 discriminator 3 view .LVU266
 481:Middlewares/Third_Party/FreeRTOS/Source/stream_buffer.c **** 
 837              		.loc 1 481 5 discriminator 3 view .LVU267
 838 0008 FEE7     		b	.L59
 839              	.L58:
 481:Middlewares/Third_Party/FreeRTOS/Source/stream_buffer.c **** 
 840              		.loc 1 481 35 discriminator 2 view .LVU268
 483:Middlewares/Third_Party/FreeRTOS/Source/stream_buffer.c **** 
 841              		.loc 1 483 47 view .LVU269
ARM GAS  /tmp/ccTWZgXF.s 			page 44


 485:Middlewares/Third_Party/FreeRTOS/Source/stream_buffer.c ****     {
 842              		.loc 1 485 5 view .LVU270
 485:Middlewares/Third_Party/FreeRTOS/Source/stream_buffer.c ****     {
 843              		.loc 1 485 7 is_stmt 0 view .LVU271
 844 000a 037F     		ldrb	r3, [r0, #28]
 845 000c 9B07     		lsls	r3, r3, #30
 846 000e 02D4     		bmi	.L60
 491:Middlewares/Third_Party/FreeRTOS/Source/stream_buffer.c ****         }
 847              		.loc 1 491 13 is_stmt 1 view .LVU272
 848 0010 FFF7FEFF 		bl	vPortFree
 849              	.LVL89:
 850              	.L57:
 507:Middlewares/Third_Party/FreeRTOS/Source/stream_buffer.c **** /*-----------------------------------------------------------*/
 851              		.loc 1 507 1 is_stmt 0 view .LVU273
 852              		@ sp needed
 853 0014 10BD     		pop	{r4, pc}
 854              	.LVL90:
 855              	.L60:
 505:Middlewares/Third_Party/FreeRTOS/Source/stream_buffer.c ****     }
 856              		.loc 1 505 9 is_stmt 1 view .LVU274
 505:Middlewares/Third_Party/FreeRTOS/Source/stream_buffer.c ****     }
 857              		.loc 1 505 18 is_stmt 0 view .LVU275
 858 0016 2422     		movs	r2, #36
 859 0018 0021     		movs	r1, #0
 860 001a FFF7FEFF 		bl	memset
 861              	.LVL91:
 507:Middlewares/Third_Party/FreeRTOS/Source/stream_buffer.c **** /*-----------------------------------------------------------*/
 862              		.loc 1 507 1 view .LVU276
 863 001e F9E7     		b	.L57
 864              		.cfi_endproc
 865              	.LFE1:
 867              		.section	.text.xStreamBufferReset,"ax",%progbits
 868              		.align	1
 869              		.global	xStreamBufferReset
 870              		.syntax unified
 871              		.code	16
 872              		.thumb_func
 874              	xStreamBufferReset:
 875              	.LVL92:
 876              	.LFB2:
 511:Middlewares/Third_Party/FreeRTOS/Source/stream_buffer.c ****     StreamBuffer_t * const pxStreamBuffer = xStreamBuffer;
 877              		.loc 1 511 1 is_stmt 1 view -0
 878              		.cfi_startproc
 879              		@ args = 0, pretend = 0, frame = 16
 880              		@ frame_needed = 0, uses_anonymous_args = 0
 512:Middlewares/Third_Party/FreeRTOS/Source/stream_buffer.c ****     BaseType_t xReturn = pdFAIL;
 881              		.loc 1 512 5 view .LVU278
 513:Middlewares/Third_Party/FreeRTOS/Source/stream_buffer.c ****     StreamBufferCallbackFunction_t pxSendCallback = NULL, pxReceiveCallback = NULL;
 882              		.loc 1 513 5 view .LVU279
 514:Middlewares/Third_Party/FreeRTOS/Source/stream_buffer.c **** 
 883              		.loc 1 514 5 view .LVU280
 517:Middlewares/Third_Party/FreeRTOS/Source/stream_buffer.c ****     #endif
 884              		.loc 1 517 9 view .LVU281
 520:Middlewares/Third_Party/FreeRTOS/Source/stream_buffer.c **** 
 885              		.loc 1 520 5 view .LVU282
 511:Middlewares/Third_Party/FreeRTOS/Source/stream_buffer.c ****     StreamBuffer_t * const pxStreamBuffer = xStreamBuffer;
 886              		.loc 1 511 1 is_stmt 0 view .LVU283
ARM GAS  /tmp/ccTWZgXF.s 			page 45


 887 0000 F0B5     		push	{r4, r5, r6, r7, lr}
 888              		.cfi_def_cfa_offset 20
 889              		.cfi_offset 4, -20
 890              		.cfi_offset 5, -16
 891              		.cfi_offset 6, -12
 892              		.cfi_offset 7, -8
 893              		.cfi_offset 14, -4
 894 0002 0400     		movs	r4, r0
 895 0004 85B0     		sub	sp, sp, #20
 896              		.cfi_def_cfa_offset 40
 520:Middlewares/Third_Party/FreeRTOS/Source/stream_buffer.c **** 
 897              		.loc 1 520 5 view .LVU284
 898 0006 0028     		cmp	r0, #0
 899 0008 01D1     		bne	.L63
 520:Middlewares/Third_Party/FreeRTOS/Source/stream_buffer.c **** 
 900              		.loc 1 520 5 is_stmt 1 discriminator 1 view .LVU285
 901              		.syntax divided
 902              	@ 520 "Middlewares/Third_Party/FreeRTOS/Source/stream_buffer.c" 1
 903 000a 72B6     		 cpsid i 
 904              	@ 0 "" 2
 905              		.thumb
 906              		.syntax unified
 907              	.L64:
 520:Middlewares/Third_Party/FreeRTOS/Source/stream_buffer.c **** 
 908              		.loc 1 520 5 discriminator 3 view .LVU286
 520:Middlewares/Third_Party/FreeRTOS/Source/stream_buffer.c **** 
 909              		.loc 1 520 5 discriminator 3 view .LVU287
 910 000c FEE7     		b	.L64
 911              	.L63:
 520:Middlewares/Third_Party/FreeRTOS/Source/stream_buffer.c **** 
 912              		.loc 1 520 35 discriminator 2 view .LVU288
 526:Middlewares/Third_Party/FreeRTOS/Source/stream_buffer.c ****     }
 913              		.loc 1 526 9 view .LVU289
 513:Middlewares/Third_Party/FreeRTOS/Source/stream_buffer.c ****     StreamBufferCallbackFunction_t pxSendCallback = NULL, pxReceiveCallback = NULL;
 914              		.loc 1 513 16 is_stmt 0 view .LVU290
 915 000e 0025     		movs	r5, #0
 526:Middlewares/Third_Party/FreeRTOS/Source/stream_buffer.c ****     }
 916              		.loc 1 526 30 view .LVU291
 917 0010 036A     		ldr	r3, [r0, #32]
 918 0012 0393     		str	r3, [sp, #12]
 919              	.LVL93:
 531:Middlewares/Third_Party/FreeRTOS/Source/stream_buffer.c ****     {
 920              		.loc 1 531 5 is_stmt 1 view .LVU292
 921 0014 FFF7FEFF 		bl	vPortEnterCritical
 922              	.LVL94:
 533:Middlewares/Third_Party/FreeRTOS/Source/stream_buffer.c ****         {
 923              		.loc 1 533 9 view .LVU293
 533:Middlewares/Third_Party/FreeRTOS/Source/stream_buffer.c ****         {
 924              		.loc 1 533 29 is_stmt 0 view .LVU294
 925 0018 2369     		ldr	r3, [r4, #16]
 533:Middlewares/Third_Party/FreeRTOS/Source/stream_buffer.c ****         {
 926              		.loc 1 533 11 view .LVU295
 927 001a AB42     		cmp	r3, r5
 928 001c 1FD1     		bne	.L65
 533:Middlewares/Third_Party/FreeRTOS/Source/stream_buffer.c ****         {
 929              		.loc 1 533 82 discriminator 1 view .LVU296
 930 001e 6369     		ldr	r3, [r4, #20]
ARM GAS  /tmp/ccTWZgXF.s 			page 46


 533:Middlewares/Third_Party/FreeRTOS/Source/stream_buffer.c ****         {
 931              		.loc 1 533 63 discriminator 1 view .LVU297
 932 0020 AB42     		cmp	r3, r5
 933 0022 1CD1     		bne	.L65
 542:Middlewares/Third_Party/FreeRTOS/Source/stream_buffer.c ****                                           pxStreamBuffer->pucBuffer,
 934              		.loc 1 542 13 is_stmt 1 view .LVU298
 935 0024 E368     		ldr	r3, [r4, #12]
 936 0026 A669     		ldr	r6, [r4, #24]
 937 0028 A768     		ldr	r7, [r4, #8]
 938 002a 0193     		str	r3, [sp, #4]
 939 002c 237F     		ldrb	r3, [r4, #28]
 940              	.LBB42:
 941              	.LBB43:
1376:Middlewares/Third_Party/FreeRTOS/Source/stream_buffer.c ****     } /*lint !e529 !e438 xWriteValue is only used if configASSERT() is defined. */
 942              		.loc 1 1376 9 is_stmt 0 view .LVU299
 943 002e 3A00     		movs	r2, r7
 944 0030 5521     		movs	r1, #85
 945 0032 3000     		movs	r0, r6
 946              	.LBE43:
 947              	.LBE42:
 542:Middlewares/Third_Party/FreeRTOS/Source/stream_buffer.c ****                                           pxStreamBuffer->pucBuffer,
 948              		.loc 1 542 13 view .LVU300
 949 0034 0293     		str	r3, [sp, #8]
 950              	.LVL95:
 951              	.LBB49:
 952              	.LBI42:
1359:Middlewares/Third_Party/FreeRTOS/Source/stream_buffer.c ****                                           uint8_t * const pucBuffer,
 953              		.loc 1 1359 13 is_stmt 1 view .LVU301
 954              	.LBB44:
1375:Middlewares/Third_Party/FreeRTOS/Source/stream_buffer.c ****         configASSERT( memset( pucBuffer, ( int ) xWriteValue, xBufferSizeBytes ) == pucBuffer );
 955              		.loc 1 1375 9 view .LVU302
1376:Middlewares/Third_Party/FreeRTOS/Source/stream_buffer.c ****     } /*lint !e529 !e438 xWriteValue is only used if configASSERT() is defined. */
 956              		.loc 1 1376 9 view .LVU303
 957 0036 FFF7FEFF 		bl	memset
 958              	.LVL96:
1376:Middlewares/Third_Party/FreeRTOS/Source/stream_buffer.c ****     } /*lint !e529 !e438 xWriteValue is only used if configASSERT() is defined. */
 959              		.loc 1 1376 9 is_stmt 0 discriminator 1 view .LVU304
 960 003a 8642     		cmp	r6, r0
 961 003c 01D0     		beq	.L66
1376:Middlewares/Third_Party/FreeRTOS/Source/stream_buffer.c ****     } /*lint !e529 !e438 xWriteValue is only used if configASSERT() is defined. */
 962              		.loc 1 1376 9 is_stmt 1 discriminator 1 view .LVU305
 963              		.syntax divided
 964              	@ 1376 "Middlewares/Third_Party/FreeRTOS/Source/stream_buffer.c" 1
 965 003e 72B6     		 cpsid i 
 966              	@ 0 "" 2
 967              		.thumb
 968              		.syntax unified
 969              	.L67:
1376:Middlewares/Third_Party/FreeRTOS/Source/stream_buffer.c ****     } /*lint !e529 !e438 xWriteValue is only used if configASSERT() is defined. */
 970              		.loc 1 1376 9 discriminator 3 view .LVU306
1376:Middlewares/Third_Party/FreeRTOS/Source/stream_buffer.c ****     } /*lint !e529 !e438 xWriteValue is only used if configASSERT() is defined. */
 971              		.loc 1 1376 9 discriminator 3 view .LVU307
 972 0040 FEE7     		b	.L67
 973              	.L66:
 974              	.LVL97:
1376:Middlewares/Third_Party/FreeRTOS/Source/stream_buffer.c ****     } /*lint !e529 !e438 xWriteValue is only used if configASSERT() is defined. */
 975              		.loc 1 1376 9 is_stmt 0 discriminator 3 view .LVU308
ARM GAS  /tmp/ccTWZgXF.s 			page 47


 976              	.LBE44:
 977              	.LBB45:
 978              	.LBI45:
1359:Middlewares/Third_Party/FreeRTOS/Source/stream_buffer.c ****                                           uint8_t * const pucBuffer,
 979              		.loc 1 1359 13 is_stmt 1 view .LVU309
1376:Middlewares/Third_Party/FreeRTOS/Source/stream_buffer.c ****     } /*lint !e529 !e438 xWriteValue is only used if configASSERT() is defined. */
 980              		.loc 1 1376 96 discriminator 2 view .LVU310
 981              	.LBB46:
1380:Middlewares/Third_Party/FreeRTOS/Source/stream_buffer.c ****     pxStreamBuffer->pucBuffer = pucBuffer;
 982              		.loc 1 1380 5 view .LVU311
1380:Middlewares/Third_Party/FreeRTOS/Source/stream_buffer.c ****     pxStreamBuffer->pucBuffer = pucBuffer;
 983              		.loc 1 1380 14 is_stmt 0 view .LVU312
 984 0042 2900     		movs	r1, r5
 985              	.LBE46:
 986              	.LBE45:
 987              	.LBE49:
 558:Middlewares/Third_Party/FreeRTOS/Source/stream_buffer.c ****         }
 988              		.loc 1 558 21 view .LVU313
 989 0044 0125     		movs	r5, #1
 990              	.LBB50:
 991              	.LBB48:
 992              	.LBB47:
1380:Middlewares/Third_Party/FreeRTOS/Source/stream_buffer.c ****     pxStreamBuffer->pucBuffer = pucBuffer;
 993              		.loc 1 1380 14 view .LVU314
 994 0046 2422     		movs	r2, #36
 995 0048 2000     		movs	r0, r4
 996 004a FFF7FEFF 		bl	memset
 997              	.LVL98:
1381:Middlewares/Third_Party/FreeRTOS/Source/stream_buffer.c ****     pxStreamBuffer->xLength = xBufferSizeBytes;
 998              		.loc 1 1381 5 is_stmt 1 view .LVU315
1383:Middlewares/Third_Party/FreeRTOS/Source/stream_buffer.c ****     pxStreamBuffer->ucFlags = ucFlags;
 999              		.loc 1 1383 40 is_stmt 0 view .LVU316
 1000 004e 019B     		ldr	r3, [sp, #4]
1381:Middlewares/Third_Party/FreeRTOS/Source/stream_buffer.c ****     pxStreamBuffer->xLength = xBufferSizeBytes;
 1001              		.loc 1 1381 31 view .LVU317
 1002 0050 A661     		str	r6, [r4, #24]
1382:Middlewares/Third_Party/FreeRTOS/Source/stream_buffer.c ****     pxStreamBuffer->xTriggerLevelBytes = xTriggerLevelBytes;
 1003              		.loc 1 1382 5 is_stmt 1 view .LVU318
1383:Middlewares/Third_Party/FreeRTOS/Source/stream_buffer.c ****     pxStreamBuffer->ucFlags = ucFlags;
 1004              		.loc 1 1383 40 is_stmt 0 view .LVU319
 1005 0052 E360     		str	r3, [r4, #12]
1384:Middlewares/Third_Party/FreeRTOS/Source/stream_buffer.c ****     #if ( configUSE_SB_COMPLETED_CALLBACK == 1 )
 1006              		.loc 1 1384 29 view .LVU320
 1007 0054 029B     		ldr	r3, [sp, #8]
1382:Middlewares/Third_Party/FreeRTOS/Source/stream_buffer.c ****     pxStreamBuffer->xTriggerLevelBytes = xTriggerLevelBytes;
 1008              		.loc 1 1382 29 view .LVU321
 1009 0056 A760     		str	r7, [r4, #8]
1383:Middlewares/Third_Party/FreeRTOS/Source/stream_buffer.c ****     pxStreamBuffer->ucFlags = ucFlags;
 1010              		.loc 1 1383 5 is_stmt 1 view .LVU322
1384:Middlewares/Third_Party/FreeRTOS/Source/stream_buffer.c ****     #if ( configUSE_SB_COMPLETED_CALLBACK == 1 )
 1011              		.loc 1 1384 5 view .LVU323
1384:Middlewares/Third_Party/FreeRTOS/Source/stream_buffer.c ****     #if ( configUSE_SB_COMPLETED_CALLBACK == 1 )
 1012              		.loc 1 1384 29 is_stmt 0 view .LVU324
 1013 0058 2377     		strb	r3, [r4, #28]
1392:Middlewares/Third_Party/FreeRTOS/Source/stream_buffer.c ****         ( void ) pxReceiveCompletedCallback;
 1014              		.loc 1 1392 9 is_stmt 1 view .LVU325
 1015              		.loc 1 1393 9 view .LVU326
ARM GAS  /tmp/ccTWZgXF.s 			page 48


 1016              	.LVL99:
 1017              		.loc 1 1393 9 is_stmt 0 view .LVU327
 1018              	.LBE47:
 1019              	.LBE48:
 1020              	.LBE50:
 552:Middlewares/Third_Party/FreeRTOS/Source/stream_buffer.c ****             }
 1021              		.loc 1 552 17 is_stmt 1 view .LVU328
 552:Middlewares/Third_Party/FreeRTOS/Source/stream_buffer.c ****             }
 1022              		.loc 1 552 54 is_stmt 0 view .LVU329
 1023 005a 039B     		ldr	r3, [sp, #12]
 1024 005c 2362     		str	r3, [r4, #32]
 556:Middlewares/Third_Party/FreeRTOS/Source/stream_buffer.c **** 
 1025              		.loc 1 556 54 is_stmt 1 view .LVU330
 558:Middlewares/Third_Party/FreeRTOS/Source/stream_buffer.c ****         }
 1026              		.loc 1 558 13 view .LVU331
 1027              	.LVL100:
 1028              	.L65:
 561:Middlewares/Third_Party/FreeRTOS/Source/stream_buffer.c **** 
 1029              		.loc 1 561 5 view .LVU332
 1030 005e FFF7FEFF 		bl	vPortExitCritical
 1031              	.LVL101:
 563:Middlewares/Third_Party/FreeRTOS/Source/stream_buffer.c **** }
 1032              		.loc 1 563 5 view .LVU333
 564:Middlewares/Third_Party/FreeRTOS/Source/stream_buffer.c **** /*-----------------------------------------------------------*/
 1033              		.loc 1 564 1 is_stmt 0 view .LVU334
 1034 0062 2800     		movs	r0, r5
 1035 0064 05B0     		add	sp, sp, #20
 1036              		@ sp needed
 1037              	.LVL102:
 1038              	.LVL103:
 564:Middlewares/Third_Party/FreeRTOS/Source/stream_buffer.c **** /*-----------------------------------------------------------*/
 1039              		.loc 1 564 1 view .LVU335
 1040 0066 F0BD     		pop	{r4, r5, r6, r7, pc}
 1041              		.cfi_endproc
 1042              	.LFE2:
 1044              		.section	.text.xStreamBufferSetTriggerLevel,"ax",%progbits
 1045              		.align	1
 1046              		.global	xStreamBufferSetTriggerLevel
 1047              		.syntax unified
 1048              		.code	16
 1049              		.thumb_func
 1051              	xStreamBufferSetTriggerLevel:
 1052              	.LVL104:
 1053              	.LFB3:
 569:Middlewares/Third_Party/FreeRTOS/Source/stream_buffer.c ****     StreamBuffer_t * const pxStreamBuffer = xStreamBuffer;
 1054              		.loc 1 569 1 is_stmt 1 view -0
 1055              		.cfi_startproc
 1056              		@ args = 0, pretend = 0, frame = 0
 1057              		@ frame_needed = 0, uses_anonymous_args = 0
 1058              		@ link register save eliminated.
 570:Middlewares/Third_Party/FreeRTOS/Source/stream_buffer.c ****     BaseType_t xReturn;
 1059              		.loc 1 570 5 view .LVU337
 571:Middlewares/Third_Party/FreeRTOS/Source/stream_buffer.c **** 
 1060              		.loc 1 571 5 view .LVU338
 573:Middlewares/Third_Party/FreeRTOS/Source/stream_buffer.c **** 
 1061              		.loc 1 573 5 view .LVU339
 569:Middlewares/Third_Party/FreeRTOS/Source/stream_buffer.c ****     StreamBuffer_t * const pxStreamBuffer = xStreamBuffer;
ARM GAS  /tmp/ccTWZgXF.s 			page 49


 1062              		.loc 1 569 1 is_stmt 0 view .LVU340
 1063 0000 031E     		subs	r3, r0, #0
 573:Middlewares/Third_Party/FreeRTOS/Source/stream_buffer.c **** 
 1064              		.loc 1 573 5 view .LVU341
 1065 0002 01D1     		bne	.L71
 573:Middlewares/Third_Party/FreeRTOS/Source/stream_buffer.c **** 
 1066              		.loc 1 573 5 is_stmt 1 discriminator 1 view .LVU342
 1067              		.syntax divided
 1068              	@ 573 "Middlewares/Third_Party/FreeRTOS/Source/stream_buffer.c" 1
 1069 0004 72B6     		 cpsid i 
 1070              	@ 0 "" 2
 1071              		.thumb
 1072              		.syntax unified
 1073              	.L72:
 573:Middlewares/Third_Party/FreeRTOS/Source/stream_buffer.c **** 
 1074              		.loc 1 573 5 discriminator 3 view .LVU343
 573:Middlewares/Third_Party/FreeRTOS/Source/stream_buffer.c **** 
 1075              		.loc 1 573 5 discriminator 3 view .LVU344
 1076 0006 FEE7     		b	.L72
 1077              	.L71:
 573:Middlewares/Third_Party/FreeRTOS/Source/stream_buffer.c **** 
 1078              		.loc 1 573 35 discriminator 2 view .LVU345
 576:Middlewares/Third_Party/FreeRTOS/Source/stream_buffer.c ****     {
 1079              		.loc 1 576 5 view .LVU346
 1080 0008 0029     		cmp	r1, #0
 1081 000a 00D1     		bne	.L73
 1082 000c 0131     		adds	r1, r1, #1
 1083              	.LVL105:
 1084              	.L73:
 583:Middlewares/Third_Party/FreeRTOS/Source/stream_buffer.c ****     {
 1085              		.loc 1 583 5 view .LVU347
 583:Middlewares/Third_Party/FreeRTOS/Source/stream_buffer.c ****     {
 1086              		.loc 1 583 7 is_stmt 0 view .LVU348
 1087 000e 9A68     		ldr	r2, [r3, #8]
 590:Middlewares/Third_Party/FreeRTOS/Source/stream_buffer.c ****     }
 1088              		.loc 1 590 17 view .LVU349
 1089 0010 0020     		movs	r0, #0
 1090              	.LVL106:
 583:Middlewares/Third_Party/FreeRTOS/Source/stream_buffer.c ****     {
 1091              		.loc 1 583 7 view .LVU350
 1092 0012 8A42     		cmp	r2, r1
 1093 0014 01D9     		bls	.L70
 585:Middlewares/Third_Party/FreeRTOS/Source/stream_buffer.c ****         xReturn = pdPASS;
 1094              		.loc 1 585 9 is_stmt 1 view .LVU351
 585:Middlewares/Third_Party/FreeRTOS/Source/stream_buffer.c ****         xReturn = pdPASS;
 1095              		.loc 1 585 44 is_stmt 0 view .LVU352
 1096 0016 D960     		str	r1, [r3, #12]
 586:Middlewares/Third_Party/FreeRTOS/Source/stream_buffer.c ****     }
 1097              		.loc 1 586 9 is_stmt 1 view .LVU353
 1098              	.LVL107:
 586:Middlewares/Third_Party/FreeRTOS/Source/stream_buffer.c ****     }
 1099              		.loc 1 586 17 is_stmt 0 view .LVU354
 1100 0018 0130     		adds	r0, r0, #1
 1101              	.LVL108:
 1102              	.L70:
 594:Middlewares/Third_Party/FreeRTOS/Source/stream_buffer.c **** /*-----------------------------------------------------------*/
 1103              		.loc 1 594 1 view .LVU355
ARM GAS  /tmp/ccTWZgXF.s 			page 50


 1104              		@ sp needed
 1105 001a 7047     		bx	lr
 1106              		.cfi_endproc
 1107              	.LFE3:
 1109              		.section	.text.xStreamBufferSpacesAvailable,"ax",%progbits
 1110              		.align	1
 1111              		.global	xStreamBufferSpacesAvailable
 1112              		.syntax unified
 1113              		.code	16
 1114              		.thumb_func
 1116              	xStreamBufferSpacesAvailable:
 1117              	.LVL109:
 1118              	.LFB4:
 598:Middlewares/Third_Party/FreeRTOS/Source/stream_buffer.c ****     const StreamBuffer_t * const pxStreamBuffer = xStreamBuffer;
 1119              		.loc 1 598 1 is_stmt 1 view -0
 1120              		.cfi_startproc
 1121              		@ args = 0, pretend = 0, frame = 0
 1122              		@ frame_needed = 0, uses_anonymous_args = 0
 599:Middlewares/Third_Party/FreeRTOS/Source/stream_buffer.c ****     size_t xSpace;
 1123              		.loc 1 599 5 view .LVU357
 600:Middlewares/Third_Party/FreeRTOS/Source/stream_buffer.c ****     size_t xOriginalTail;
 1124              		.loc 1 600 5 view .LVU358
 601:Middlewares/Third_Party/FreeRTOS/Source/stream_buffer.c **** 
 1125              		.loc 1 601 5 view .LVU359
 603:Middlewares/Third_Party/FreeRTOS/Source/stream_buffer.c **** 
 1126              		.loc 1 603 5 view .LVU360
 598:Middlewares/Third_Party/FreeRTOS/Source/stream_buffer.c ****     const StreamBuffer_t * const pxStreamBuffer = xStreamBuffer;
 1127              		.loc 1 598 1 is_stmt 0 view .LVU361
 1128 0000 30B5     		push	{r4, r5, lr}
 1129              		.cfi_def_cfa_offset 12
 1130              		.cfi_offset 4, -12
 1131              		.cfi_offset 5, -8
 1132              		.cfi_offset 14, -4
 603:Middlewares/Third_Party/FreeRTOS/Source/stream_buffer.c **** 
 1133              		.loc 1 603 5 view .LVU362
 1134 0002 0028     		cmp	r0, #0
 1135 0004 01D1     		bne	.L77
 603:Middlewares/Third_Party/FreeRTOS/Source/stream_buffer.c **** 
 1136              		.loc 1 603 5 is_stmt 1 discriminator 1 view .LVU363
 1137              		.syntax divided
 1138              	@ 603 "Middlewares/Third_Party/FreeRTOS/Source/stream_buffer.c" 1
 1139 0006 72B6     		 cpsid i 
 1140              	@ 0 "" 2
 1141              		.thumb
 1142              		.syntax unified
 1143              	.L78:
 603:Middlewares/Third_Party/FreeRTOS/Source/stream_buffer.c **** 
 1144              		.loc 1 603 5 discriminator 3 view .LVU364
 603:Middlewares/Third_Party/FreeRTOS/Source/stream_buffer.c **** 
 1145              		.loc 1 603 5 discriminator 3 view .LVU365
 1146 0008 FEE7     		b	.L78
 1147              	.L77:
 1148              	.LBB53:
 1149              	.LBB54:
 611:Middlewares/Third_Party/FreeRTOS/Source/stream_buffer.c ****         xSpace -= pxStreamBuffer->xHead;
 1150              		.loc 1 611 32 is_stmt 0 view .LVU366
 1151 000a 8268     		ldr	r2, [r0, #8]
ARM GAS  /tmp/ccTWZgXF.s 			page 51


 1152              	.L79:
 603:Middlewares/Third_Party/FreeRTOS/Source/stream_buffer.c **** 
 1153              		.loc 1 603 35 is_stmt 1 discriminator 2 view .LVU367
 608:Middlewares/Third_Party/FreeRTOS/Source/stream_buffer.c ****     {
 1154              		.loc 1 608 5 view .LVU368
 610:Middlewares/Third_Party/FreeRTOS/Source/stream_buffer.c ****         xSpace = pxStreamBuffer->xLength + pxStreamBuffer->xTail;
 1155              		.loc 1 610 9 view .LVU369
 610:Middlewares/Third_Party/FreeRTOS/Source/stream_buffer.c ****         xSpace = pxStreamBuffer->xLength + pxStreamBuffer->xTail;
 1156              		.loc 1 610 23 is_stmt 0 view .LVU370
 1157 000c 0568     		ldr	r5, [r0]
 1158              	.LVL110:
 611:Middlewares/Third_Party/FreeRTOS/Source/stream_buffer.c ****         xSpace -= pxStreamBuffer->xHead;
 1159              		.loc 1 611 9 is_stmt 1 view .LVU371
 611:Middlewares/Third_Party/FreeRTOS/Source/stream_buffer.c ****         xSpace -= pxStreamBuffer->xHead;
 1160              		.loc 1 611 58 is_stmt 0 view .LVU372
 1161 000e 0368     		ldr	r3, [r0]
 1162              	.LVL111:
 612:Middlewares/Third_Party/FreeRTOS/Source/stream_buffer.c ****     } while( xOriginalTail != pxStreamBuffer->xTail );
 1163              		.loc 1 612 9 is_stmt 1 view .LVU373
 612:Middlewares/Third_Party/FreeRTOS/Source/stream_buffer.c ****     } while( xOriginalTail != pxStreamBuffer->xTail );
 1164              		.loc 1 612 33 is_stmt 0 view .LVU374
 1165 0010 4168     		ldr	r1, [r0, #4]
 1166              	.LVL112:
 613:Middlewares/Third_Party/FreeRTOS/Source/stream_buffer.c **** 
 1167              		.loc 1 613 28 is_stmt 1 discriminator 1 view .LVU375
 613:Middlewares/Third_Party/FreeRTOS/Source/stream_buffer.c **** 
 1168              		.loc 1 613 45 is_stmt 0 discriminator 1 view .LVU376
 1169 0012 0468     		ldr	r4, [r0]
 613:Middlewares/Third_Party/FreeRTOS/Source/stream_buffer.c **** 
 1170              		.loc 1 613 28 discriminator 1 view .LVU377
 1171 0014 A542     		cmp	r5, r4
 1172 0016 F9D1     		bne	.L79
 615:Middlewares/Third_Party/FreeRTOS/Source/stream_buffer.c **** 
 1173              		.loc 1 615 5 is_stmt 1 view .LVU378
 611:Middlewares/Third_Party/FreeRTOS/Source/stream_buffer.c ****         xSpace -= pxStreamBuffer->xHead;
 1174              		.loc 1 611 16 is_stmt 0 view .LVU379
 1175 0018 D018     		adds	r0, r2, r3
 1176              	.LVL113:
 611:Middlewares/Third_Party/FreeRTOS/Source/stream_buffer.c ****         xSpace -= pxStreamBuffer->xHead;
 1177              		.loc 1 611 16 view .LVU380
 1178 001a 0138     		subs	r0, r0, #1
 1179              	.LVL114:
 615:Middlewares/Third_Party/FreeRTOS/Source/stream_buffer.c **** 
 1180              		.loc 1 615 12 view .LVU381
 1181 001c 401A     		subs	r0, r0, r1
 1182              	.LVL115:
 617:Middlewares/Third_Party/FreeRTOS/Source/stream_buffer.c ****     {
 1183              		.loc 1 617 5 is_stmt 1 view .LVU382
 617:Middlewares/Third_Party/FreeRTOS/Source/stream_buffer.c ****     {
 1184              		.loc 1 617 7 is_stmt 0 view .LVU383
 1185 001e 8242     		cmp	r2, r0
 1186 0020 00D8     		bhi	.L76
 619:Middlewares/Third_Party/FreeRTOS/Source/stream_buffer.c ****     }
 1187              		.loc 1 619 9 is_stmt 1 view .LVU384
 619:Middlewares/Third_Party/FreeRTOS/Source/stream_buffer.c ****     }
 1188              		.loc 1 619 16 is_stmt 0 view .LVU385
 1189 0022 801A     		subs	r0, r0, r2
ARM GAS  /tmp/ccTWZgXF.s 			page 52


 1190              	.LVL116:
 623:Middlewares/Third_Party/FreeRTOS/Source/stream_buffer.c ****     }
 1191              		.loc 1 623 33 is_stmt 1 view .LVU386
 626:Middlewares/Third_Party/FreeRTOS/Source/stream_buffer.c **** }
 1192              		.loc 1 626 5 view .LVU387
 626:Middlewares/Third_Party/FreeRTOS/Source/stream_buffer.c **** }
 1193              		.loc 1 626 5 is_stmt 0 view .LVU388
 1194              	.LBE54:
 1195              	.LBE53:
 623:Middlewares/Third_Party/FreeRTOS/Source/stream_buffer.c ****     }
 1196              		.loc 1 623 33 is_stmt 1 view .LVU389
 626:Middlewares/Third_Party/FreeRTOS/Source/stream_buffer.c **** }
 1197              		.loc 1 626 5 view .LVU390
 1198              	.L76:
 627:Middlewares/Third_Party/FreeRTOS/Source/stream_buffer.c **** /*-----------------------------------------------------------*/
 1199              		.loc 1 627 1 is_stmt 0 view .LVU391
 1200              		@ sp needed
 1201 0024 30BD     		pop	{r4, r5, pc}
 1202              		.cfi_endproc
 1203              	.LFE4:
 1205              		.section	.text.xStreamBufferBytesAvailable,"ax",%progbits
 1206              		.align	1
 1207              		.global	xStreamBufferBytesAvailable
 1208              		.syntax unified
 1209              		.code	16
 1210              		.thumb_func
 1212              	xStreamBufferBytesAvailable:
 1213              	.LVL117:
 1214              	.LFB5:
 631:Middlewares/Third_Party/FreeRTOS/Source/stream_buffer.c ****     const StreamBuffer_t * const pxStreamBuffer = xStreamBuffer;
 1215              		.loc 1 631 1 is_stmt 1 view -0
 1216              		.cfi_startproc
 1217              		@ args = 0, pretend = 0, frame = 0
 1218              		@ frame_needed = 0, uses_anonymous_args = 0
 632:Middlewares/Third_Party/FreeRTOS/Source/stream_buffer.c ****     size_t xReturn;
 1219              		.loc 1 632 5 view .LVU393
 633:Middlewares/Third_Party/FreeRTOS/Source/stream_buffer.c **** 
 1220              		.loc 1 633 5 view .LVU394
 635:Middlewares/Third_Party/FreeRTOS/Source/stream_buffer.c **** 
 1221              		.loc 1 635 5 view .LVU395
 631:Middlewares/Third_Party/FreeRTOS/Source/stream_buffer.c ****     const StreamBuffer_t * const pxStreamBuffer = xStreamBuffer;
 1222              		.loc 1 631 1 is_stmt 0 view .LVU396
 1223 0000 10B5     		push	{r4, lr}
 1224              		.cfi_def_cfa_offset 8
 1225              		.cfi_offset 4, -8
 1226              		.cfi_offset 14, -4
 635:Middlewares/Third_Party/FreeRTOS/Source/stream_buffer.c **** 
 1227              		.loc 1 635 5 view .LVU397
 1228 0002 0028     		cmp	r0, #0
 1229 0004 01D1     		bne	.L83
 635:Middlewares/Third_Party/FreeRTOS/Source/stream_buffer.c **** 
 1230              		.loc 1 635 5 is_stmt 1 discriminator 1 view .LVU398
 1231              		.syntax divided
 1232              	@ 635 "Middlewares/Third_Party/FreeRTOS/Source/stream_buffer.c" 1
 1233 0006 72B6     		 cpsid i 
 1234              	@ 0 "" 2
 1235              		.thumb
ARM GAS  /tmp/ccTWZgXF.s 			page 53


 1236              		.syntax unified
 1237              	.L84:
 635:Middlewares/Third_Party/FreeRTOS/Source/stream_buffer.c **** 
 1238              		.loc 1 635 5 discriminator 3 view .LVU399
 635:Middlewares/Third_Party/FreeRTOS/Source/stream_buffer.c **** 
 1239              		.loc 1 635 5 discriminator 3 view .LVU400
 1240 0008 FEE7     		b	.L84
 1241              	.L83:
 635:Middlewares/Third_Party/FreeRTOS/Source/stream_buffer.c **** 
 1242              		.loc 1 635 35 discriminator 2 view .LVU401
 637:Middlewares/Third_Party/FreeRTOS/Source/stream_buffer.c ****     return xReturn;
 1243              		.loc 1 637 5 view .LVU402
 637:Middlewares/Third_Party/FreeRTOS/Source/stream_buffer.c ****     return xReturn;
 1244              		.loc 1 637 15 is_stmt 0 view .LVU403
 1245 000a FFF7FEFF 		bl	prvBytesInBuffer
 1246              	.LVL118:
 638:Middlewares/Third_Party/FreeRTOS/Source/stream_buffer.c **** }
 1247              		.loc 1 638 5 is_stmt 1 view .LVU404
 639:Middlewares/Third_Party/FreeRTOS/Source/stream_buffer.c **** /*-----------------------------------------------------------*/
 1248              		.loc 1 639 1 is_stmt 0 view .LVU405
 1249              		@ sp needed
 1250 000e 10BD     		pop	{r4, pc}
 1251              		.cfi_endproc
 1252              	.LFE5:
 1254              		.section	.text.xStreamBufferSend,"ax",%progbits
 1255              		.align	1
 1256              		.global	xStreamBufferSend
 1257              		.syntax unified
 1258              		.code	16
 1259              		.thumb_func
 1261              	xStreamBufferSend:
 1262              	.LVL119:
 1263              	.LFB6:
 646:Middlewares/Third_Party/FreeRTOS/Source/stream_buffer.c ****     StreamBuffer_t * const pxStreamBuffer = xStreamBuffer;
 1264              		.loc 1 646 1 is_stmt 1 view -0
 1265              		.cfi_startproc
 1266              		@ args = 0, pretend = 0, frame = 24
 1267              		@ frame_needed = 0, uses_anonymous_args = 0
 647:Middlewares/Third_Party/FreeRTOS/Source/stream_buffer.c ****     size_t xReturn, xSpace = 0;
 1268              		.loc 1 647 5 view .LVU407
 648:Middlewares/Third_Party/FreeRTOS/Source/stream_buffer.c ****     size_t xRequiredSpace = xDataLengthBytes;
 1269              		.loc 1 648 5 view .LVU408
 649:Middlewares/Third_Party/FreeRTOS/Source/stream_buffer.c ****     TimeOut_t xTimeOut;
 1270              		.loc 1 649 5 view .LVU409
 646:Middlewares/Third_Party/FreeRTOS/Source/stream_buffer.c ****     StreamBuffer_t * const pxStreamBuffer = xStreamBuffer;
 1271              		.loc 1 646 1 is_stmt 0 view .LVU410
 1272 0000 F0B5     		push	{r4, r5, r6, r7, lr}
 1273              		.cfi_def_cfa_offset 20
 1274              		.cfi_offset 4, -20
 1275              		.cfi_offset 5, -16
 1276              		.cfi_offset 6, -12
 1277              		.cfi_offset 7, -8
 1278              		.cfi_offset 14, -4
 1279 0002 89B0     		sub	sp, sp, #36
 1280              		.cfi_def_cfa_offset 56
 646:Middlewares/Third_Party/FreeRTOS/Source/stream_buffer.c ****     StreamBuffer_t * const pxStreamBuffer = xStreamBuffer;
 1281              		.loc 1 646 1 view .LVU411
ARM GAS  /tmp/ccTWZgXF.s 			page 54


 1282 0004 0400     		movs	r4, r0
 1283 0006 1500     		movs	r5, r2
 1284              	.LVL120:
 650:Middlewares/Third_Party/FreeRTOS/Source/stream_buffer.c ****     size_t xMaxReportedSpace = 0;
 1285              		.loc 1 650 5 is_stmt 1 view .LVU412
 651:Middlewares/Third_Party/FreeRTOS/Source/stream_buffer.c **** 
 1286              		.loc 1 651 5 view .LVU413
 653:Middlewares/Third_Party/FreeRTOS/Source/stream_buffer.c ****     configASSERT( pxStreamBuffer );
 1287              		.loc 1 653 5 view .LVU414
 646:Middlewares/Third_Party/FreeRTOS/Source/stream_buffer.c ****     StreamBuffer_t * const pxStreamBuffer = xStreamBuffer;
 1288              		.loc 1 646 1 is_stmt 0 view .LVU415
 1289 0008 0491     		str	r1, [sp, #16]
 1290 000a 0593     		str	r3, [sp, #20]
 653:Middlewares/Third_Party/FreeRTOS/Source/stream_buffer.c ****     configASSERT( pxStreamBuffer );
 1291              		.loc 1 653 5 view .LVU416
 1292 000c 0029     		cmp	r1, #0
 1293 000e 01D1     		bne	.L86
 653:Middlewares/Third_Party/FreeRTOS/Source/stream_buffer.c ****     configASSERT( pxStreamBuffer );
 1294              		.loc 1 653 5 is_stmt 1 discriminator 1 view .LVU417
 1295              		.syntax divided
 1296              	@ 653 "Middlewares/Third_Party/FreeRTOS/Source/stream_buffer.c" 1
 1297 0010 72B6     		 cpsid i 
 1298              	@ 0 "" 2
 1299              		.thumb
 1300              		.syntax unified
 1301              	.L87:
 653:Middlewares/Third_Party/FreeRTOS/Source/stream_buffer.c ****     configASSERT( pxStreamBuffer );
 1302              		.loc 1 653 5 discriminator 3 view .LVU418
 653:Middlewares/Third_Party/FreeRTOS/Source/stream_buffer.c ****     configASSERT( pxStreamBuffer );
 1303              		.loc 1 653 5 discriminator 3 view .LVU419
 1304 0012 FEE7     		b	.L87
 1305              	.L86:
 653:Middlewares/Third_Party/FreeRTOS/Source/stream_buffer.c ****     configASSERT( pxStreamBuffer );
 1306              		.loc 1 653 29 discriminator 2 view .LVU420
 654:Middlewares/Third_Party/FreeRTOS/Source/stream_buffer.c **** 
 1307              		.loc 1 654 5 view .LVU421
 1308 0014 0028     		cmp	r0, #0
 1309 0016 01D1     		bne	.L88
 654:Middlewares/Third_Party/FreeRTOS/Source/stream_buffer.c **** 
 1310              		.loc 1 654 5 discriminator 1 view .LVU422
 1311              		.syntax divided
 1312              	@ 654 "Middlewares/Third_Party/FreeRTOS/Source/stream_buffer.c" 1
 1313 0018 72B6     		 cpsid i 
 1314              	@ 0 "" 2
 1315              		.thumb
 1316              		.syntax unified
 1317              	.L89:
 654:Middlewares/Third_Party/FreeRTOS/Source/stream_buffer.c **** 
 1318              		.loc 1 654 5 discriminator 3 view .LVU423
 654:Middlewares/Third_Party/FreeRTOS/Source/stream_buffer.c **** 
 1319              		.loc 1 654 5 discriminator 3 view .LVU424
 1320 001a FEE7     		b	.L89
 1321              	.L88:
 654:Middlewares/Third_Party/FreeRTOS/Source/stream_buffer.c **** 
 1322              		.loc 1 654 35 discriminator 2 view .LVU425
 658:Middlewares/Third_Party/FreeRTOS/Source/stream_buffer.c **** 
 1323              		.loc 1 658 5 view .LVU426
ARM GAS  /tmp/ccTWZgXF.s 			page 55


 658:Middlewares/Third_Party/FreeRTOS/Source/stream_buffer.c **** 
 1324              		.loc 1 658 23 is_stmt 0 view .LVU427
 1325 001c 8368     		ldr	r3, [r0, #8]
 1326              	.LVL121:
 664:Middlewares/Third_Party/FreeRTOS/Source/stream_buffer.c ****     {
 1327              		.loc 1 664 7 view .LVU428
 1328 001e 027F     		ldrb	r2, [r0, #28]
 1329              	.LVL122:
 658:Middlewares/Third_Party/FreeRTOS/Source/stream_buffer.c **** 
 1330              		.loc 1 658 23 view .LVU429
 1331 0020 013B     		subs	r3, r3, #1
 1332              	.LVL123:
 664:Middlewares/Third_Party/FreeRTOS/Source/stream_buffer.c ****     {
 1333              		.loc 1 664 5 is_stmt 1 view .LVU430
 664:Middlewares/Third_Party/FreeRTOS/Source/stream_buffer.c ****     {
 1334              		.loc 1 664 7 is_stmt 0 view .LVU431
 1335 0022 D207     		lsls	r2, r2, #31
 1336 0024 2ED5     		bpl	.L90
 666:Middlewares/Third_Party/FreeRTOS/Source/stream_buffer.c **** 
 1337              		.loc 1 666 9 is_stmt 1 view .LVU432
 666:Middlewares/Third_Party/FreeRTOS/Source/stream_buffer.c **** 
 1338              		.loc 1 666 24 is_stmt 0 view .LVU433
 1339 0026 2E1D     		adds	r6, r5, #4
 1340              	.LVL124:
 669:Middlewares/Third_Party/FreeRTOS/Source/stream_buffer.c **** 
 1341              		.loc 1 669 9 is_stmt 1 view .LVU434
 1342 0028 B542     		cmp	r5, r6
 1343 002a 01D3     		bcc	.L91
 669:Middlewares/Third_Party/FreeRTOS/Source/stream_buffer.c **** 
 1344              		.loc 1 669 9 discriminator 1 view .LVU435
 1345              		.syntax divided
 1346              	@ 669 "Middlewares/Third_Party/FreeRTOS/Source/stream_buffer.c" 1
 1347 002c 72B6     		 cpsid i 
 1348              	@ 0 "" 2
 1349              		.thumb
 1350              		.syntax unified
 1351              	.L92:
 669:Middlewares/Third_Party/FreeRTOS/Source/stream_buffer.c **** 
 1352              		.loc 1 669 9 discriminator 3 view .LVU436
 669:Middlewares/Third_Party/FreeRTOS/Source/stream_buffer.c **** 
 1353              		.loc 1 669 9 discriminator 3 view .LVU437
 1354 002e FEE7     		b	.L92
 1355              	.L91:
 669:Middlewares/Third_Party/FreeRTOS/Source/stream_buffer.c **** 
 1356              		.loc 1 669 58 discriminator 2 view .LVU438
 673:Middlewares/Third_Party/FreeRTOS/Source/stream_buffer.c ****         {
 1357              		.loc 1 673 9 view .LVU439
 673:Middlewares/Third_Party/FreeRTOS/Source/stream_buffer.c ****         {
 1358              		.loc 1 673 11 is_stmt 0 view .LVU440
 1359 0030 B342     		cmp	r3, r6
 1360 0032 2BD2     		bcs	.L93
 677:Middlewares/Third_Party/FreeRTOS/Source/stream_buffer.c ****         }
 1361              		.loc 1 677 13 is_stmt 1 view .LVU441
 677:Middlewares/Third_Party/FreeRTOS/Source/stream_buffer.c ****         }
 1362              		.loc 1 677 26 is_stmt 0 view .LVU442
 1363 0034 0023     		movs	r3, #0
 1364              	.LVL125:
ARM GAS  /tmp/ccTWZgXF.s 			page 56


 677:Middlewares/Third_Party/FreeRTOS/Source/stream_buffer.c ****         }
 1365              		.loc 1 677 26 view .LVU443
 1366 0036 0593     		str	r3, [sp, #20]
 1367              	.LVL126:
 695:Middlewares/Third_Party/FreeRTOS/Source/stream_buffer.c ****         }
 1368              		.loc 1 695 37 is_stmt 1 view .LVU444
 699:Middlewares/Third_Party/FreeRTOS/Source/stream_buffer.c ****     {
 1369              		.loc 1 699 5 view .LVU445
 1370              	.L94:
 740:Middlewares/Third_Party/FreeRTOS/Source/stream_buffer.c ****     }
 1371              		.loc 1 740 9 view .LVU446
 740:Middlewares/Third_Party/FreeRTOS/Source/stream_buffer.c ****     }
 1372              		.loc 1 740 18 is_stmt 0 view .LVU447
 1373 0038 2000     		movs	r0, r4
 1374 003a FFF7FEFF 		bl	xStreamBufferSpacesAvailable
 1375              	.LVL127:
 1376 003e 0390     		str	r0, [sp, #12]
 1377              	.LVL128:
 1378              	.L97:
 744:Middlewares/Third_Party/FreeRTOS/Source/stream_buffer.c ****     }
 1379              		.loc 1 744 33 is_stmt 1 view .LVU448
 747:Middlewares/Third_Party/FreeRTOS/Source/stream_buffer.c **** 
 1380              		.loc 1 747 5 view .LVU449
 747:Middlewares/Third_Party/FreeRTOS/Source/stream_buffer.c **** 
 1381              		.loc 1 747 15 is_stmt 0 view .LVU450
 1382 0040 0096     		str	r6, [sp]
 1383 0042 2A00     		movs	r2, r5
 1384 0044 2000     		movs	r0, r4
 1385 0046 039B     		ldr	r3, [sp, #12]
 1386 0048 0499     		ldr	r1, [sp, #16]
 1387 004a FFF7FEFF 		bl	prvWriteMessageToBuffer
 1388              	.LVL129:
 1389 004e 061E     		subs	r6, r0, #0
 1390              	.LVL130:
 749:Middlewares/Third_Party/FreeRTOS/Source/stream_buffer.c ****     {
 1391              		.loc 1 749 5 is_stmt 1 view .LVU451
 749:Middlewares/Third_Party/FreeRTOS/Source/stream_buffer.c ****     {
 1392              		.loc 1 749 7 is_stmt 0 view .LVU452
 1393 0050 15D0     		beq	.L85
 751:Middlewares/Third_Party/FreeRTOS/Source/stream_buffer.c **** 
 1394              		.loc 1 751 58 is_stmt 1 view .LVU453
 754:Middlewares/Third_Party/FreeRTOS/Source/stream_buffer.c ****         {
 1395              		.loc 1 754 9 view .LVU454
 754:Middlewares/Third_Party/FreeRTOS/Source/stream_buffer.c ****         {
 1396              		.loc 1 754 13 is_stmt 0 view .LVU455
 1397 0052 2000     		movs	r0, r4
 1398              	.LVL131:
 754:Middlewares/Third_Party/FreeRTOS/Source/stream_buffer.c ****         {
 1399              		.loc 1 754 13 view .LVU456
 1400 0054 FFF7FEFF 		bl	prvBytesInBuffer
 1401              	.LVL132:
 754:Middlewares/Third_Party/FreeRTOS/Source/stream_buffer.c ****         {
 1402              		.loc 1 754 11 discriminator 1 view .LVU457
 1403 0058 E368     		ldr	r3, [r4, #12]
 1404 005a 9842     		cmp	r0, r3
 1405 005c 0FD3     		bcc	.L85
 756:Middlewares/Third_Party/FreeRTOS/Source/stream_buffer.c ****         }
ARM GAS  /tmp/ccTWZgXF.s 			page 57


 1406              		.loc 1 756 13 is_stmt 1 view .LVU458
 1407 005e FFF7FEFF 		bl	vTaskSuspendAll
 1408              	.LVL133:
 756:Middlewares/Third_Party/FreeRTOS/Source/stream_buffer.c ****         }
 1409              		.loc 1 756 13 discriminator 1 view .LVU459
 1410 0062 2369     		ldr	r3, [r4, #16]
 1411 0064 002B     		cmp	r3, #0
 1412 0066 08D0     		beq	.L107
 756:Middlewares/Third_Party/FreeRTOS/Source/stream_buffer.c ****         }
 1413              		.loc 1 756 13 discriminator 1 view .LVU460
 1414 0068 0025     		movs	r5, #0
 1415              	.LVL134:
 756:Middlewares/Third_Party/FreeRTOS/Source/stream_buffer.c ****         }
 1416              		.loc 1 756 13 is_stmt 0 discriminator 1 view .LVU461
 1417 006a 2069     		ldr	r0, [r4, #16]
 1418 006c 2B00     		movs	r3, r5
 1419 006e 2A00     		movs	r2, r5
 1420 0070 2900     		movs	r1, r5
 1421 0072 0095     		str	r5, [sp]
 1422 0074 FFF7FEFF 		bl	xTaskGenericNotify
 1423              	.LVL135:
 756:Middlewares/Third_Party/FreeRTOS/Source/stream_buffer.c ****         }
 1424              		.loc 1 756 13 is_stmt 1 discriminator 1 view .LVU462
 1425 0078 2561     		str	r5, [r4, #16]
 1426              	.L107:
 756:Middlewares/Third_Party/FreeRTOS/Source/stream_buffer.c ****         }
 1427              		.loc 1 756 13 discriminator 3 view .LVU463
 1428 007a FFF7FEFF 		bl	xTaskResumeAll
 1429              	.LVL136:
 756:Middlewares/Third_Party/FreeRTOS/Source/stream_buffer.c ****         }
 1430              		.loc 1 756 48 discriminator 1 view .LVU464
 765:Middlewares/Third_Party/FreeRTOS/Source/stream_buffer.c ****         traceSTREAM_BUFFER_SEND_FAILED( xStreamBuffer );
 1431              		.loc 1 765 33 view .LVU465
 766:Middlewares/Third_Party/FreeRTOS/Source/stream_buffer.c ****     }
 1432              		.loc 1 766 56 view .LVU466
 769:Middlewares/Third_Party/FreeRTOS/Source/stream_buffer.c **** }
 1433              		.loc 1 769 5 view .LVU467
 1434              	.L85:
 770:Middlewares/Third_Party/FreeRTOS/Source/stream_buffer.c **** /*-----------------------------------------------------------*/
 1435              		.loc 1 770 1 is_stmt 0 view .LVU468
 1436 007e 3000     		movs	r0, r6
 1437 0080 09B0     		add	sp, sp, #36
 1438              		@ sp needed
 1439              	.LVL137:
 1440              	.LVL138:
 770:Middlewares/Third_Party/FreeRTOS/Source/stream_buffer.c **** /*-----------------------------------------------------------*/
 1441              		.loc 1 770 1 view .LVU469
 1442 0082 F0BD     		pop	{r4, r5, r6, r7, pc}
 1443              	.LVL139:
 1444              	.L90:
 689:Middlewares/Third_Party/FreeRTOS/Source/stream_buffer.c ****         {
 1445              		.loc 1 689 9 is_stmt 1 view .LVU470
 689:Middlewares/Third_Party/FreeRTOS/Source/stream_buffer.c ****         {
 1446              		.loc 1 689 11 is_stmt 0 view .LVU471
 1447 0084 2E00     		movs	r6, r5
 1448 0086 9D42     		cmp	r5, r3
 1449 0088 00D9     		bls	.L93
ARM GAS  /tmp/ccTWZgXF.s 			page 58


 689:Middlewares/Third_Party/FreeRTOS/Source/stream_buffer.c ****         {
 1450              		.loc 1 689 11 view .LVU472
 1451 008a 1E00     		movs	r6, r3
 1452              	.LVL140:
 1453              	.L93:
 695:Middlewares/Third_Party/FreeRTOS/Source/stream_buffer.c ****         }
 1454              		.loc 1 695 37 is_stmt 1 view .LVU473
 699:Middlewares/Third_Party/FreeRTOS/Source/stream_buffer.c ****     {
 1455              		.loc 1 699 5 view .LVU474
 699:Middlewares/Third_Party/FreeRTOS/Source/stream_buffer.c ****     {
 1456              		.loc 1 699 7 is_stmt 0 view .LVU475
 1457 008c 059B     		ldr	r3, [sp, #20]
 1458              	.LVL141:
 699:Middlewares/Third_Party/FreeRTOS/Source/stream_buffer.c ****     {
 1459              		.loc 1 699 7 view .LVU476
 1460 008e 002B     		cmp	r3, #0
 1461 0090 D2D0     		beq	.L94
 701:Middlewares/Third_Party/FreeRTOS/Source/stream_buffer.c **** 
 1462              		.loc 1 701 9 is_stmt 1 view .LVU477
 1463 0092 06A8     		add	r0, sp, #24
 1464              	.LVL142:
 701:Middlewares/Third_Party/FreeRTOS/Source/stream_buffer.c **** 
 1465              		.loc 1 701 9 is_stmt 0 view .LVU478
 1466 0094 FFF7FEFF 		bl	vTaskSetTimeOutState
 1467              	.LVL143:
 1468              	.L101:
 703:Middlewares/Third_Party/FreeRTOS/Source/stream_buffer.c ****         {
 1469              		.loc 1 703 9 is_stmt 1 view .LVU479
 707:Middlewares/Third_Party/FreeRTOS/Source/stream_buffer.c ****             {
 1470              		.loc 1 707 13 view .LVU480
 1471 0098 FFF7FEFF 		bl	vPortEnterCritical
 1472              	.LVL144:
 709:Middlewares/Third_Party/FreeRTOS/Source/stream_buffer.c **** 
 1473              		.loc 1 709 17 view .LVU481
 709:Middlewares/Third_Party/FreeRTOS/Source/stream_buffer.c **** 
 1474              		.loc 1 709 26 is_stmt 0 view .LVU482
 1475 009c 2000     		movs	r0, r4
 1476 009e FFF7FEFF 		bl	xStreamBufferSpacesAvailable
 1477              	.LVL145:
 1478 00a2 0390     		str	r0, [sp, #12]
 1479              	.LVL146:
 711:Middlewares/Third_Party/FreeRTOS/Source/stream_buffer.c ****                 {
 1480              		.loc 1 711 17 is_stmt 1 view .LVU483
 711:Middlewares/Third_Party/FreeRTOS/Source/stream_buffer.c ****                 {
 1481              		.loc 1 711 19 is_stmt 0 view .LVU484
 1482 00a4 8642     		cmp	r6, r0
 1483 00a6 20D9     		bls	.L98
 714:Middlewares/Third_Party/FreeRTOS/Source/stream_buffer.c **** 
 1484              		.loc 1 714 21 is_stmt 1 view .LVU485
 714:Middlewares/Third_Party/FreeRTOS/Source/stream_buffer.c **** 
 1485              		.loc 1 714 30 is_stmt 0 view .LVU486
 1486 00a8 0021     		movs	r1, #0
 1487 00aa 0800     		movs	r0, r1
 1488              	.LVL147:
 714:Middlewares/Third_Party/FreeRTOS/Source/stream_buffer.c **** 
 1489              		.loc 1 714 30 view .LVU487
 1490 00ac FFF7FEFF 		bl	xTaskGenericNotifyStateClear
ARM GAS  /tmp/ccTWZgXF.s 			page 59


 1491              	.LVL148:
 717:Middlewares/Third_Party/FreeRTOS/Source/stream_buffer.c ****                     pxStreamBuffer->xTaskWaitingToSend = xTaskGetCurrentTaskHandle();
 1492              		.loc 1 717 21 is_stmt 1 view .LVU488
 1493 00b0 6769     		ldr	r7, [r4, #20]
 1494 00b2 002F     		cmp	r7, #0
 1495 00b4 01D0     		beq	.L99
 717:Middlewares/Third_Party/FreeRTOS/Source/stream_buffer.c ****                     pxStreamBuffer->xTaskWaitingToSend = xTaskGetCurrentTaskHandle();
 1496              		.loc 1 717 21 discriminator 1 view .LVU489
 1497              		.syntax divided
 1498              	@ 717 "Middlewares/Third_Party/FreeRTOS/Source/stream_buffer.c" 1
 1499 00b6 72B6     		 cpsid i 
 1500              	@ 0 "" 2
 1501              		.thumb
 1502              		.syntax unified
 1503              	.L100:
 717:Middlewares/Third_Party/FreeRTOS/Source/stream_buffer.c ****                     pxStreamBuffer->xTaskWaitingToSend = xTaskGetCurrentTaskHandle();
 1504              		.loc 1 717 21 discriminator 3 view .LVU490
 717:Middlewares/Third_Party/FreeRTOS/Source/stream_buffer.c ****                     pxStreamBuffer->xTaskWaitingToSend = xTaskGetCurrentTaskHandle();
 1505              		.loc 1 717 21 discriminator 3 view .LVU491
 1506 00b8 FEE7     		b	.L100
 1507              	.L99:
 717:Middlewares/Third_Party/FreeRTOS/Source/stream_buffer.c ****                     pxStreamBuffer->xTaskWaitingToSend = xTaskGetCurrentTaskHandle();
 1508              		.loc 1 717 79 discriminator 2 view .LVU492
 718:Middlewares/Third_Party/FreeRTOS/Source/stream_buffer.c ****                 }
 1509              		.loc 1 718 21 view .LVU493
 718:Middlewares/Third_Party/FreeRTOS/Source/stream_buffer.c ****                 }
 1510              		.loc 1 718 58 is_stmt 0 view .LVU494
 1511 00ba FFF7FEFF 		bl	xTaskGetCurrentTaskHandle
 1512              	.LVL149:
 718:Middlewares/Third_Party/FreeRTOS/Source/stream_buffer.c ****                 }
 1513              		.loc 1 718 56 discriminator 1 view .LVU495
 1514 00be 6061     		str	r0, [r4, #20]
 726:Middlewares/Third_Party/FreeRTOS/Source/stream_buffer.c **** 
 1515              		.loc 1 726 13 is_stmt 1 view .LVU496
 1516 00c0 FFF7FEFF 		bl	vPortExitCritical
 1517              	.LVL150:
 728:Middlewares/Third_Party/FreeRTOS/Source/stream_buffer.c ****             ( void ) xTaskNotifyWait( ( uint32_t ) 0, ( uint32_t ) 0, NULL, xTicksToWait );
 1518              		.loc 1 728 65 view .LVU497
 729:Middlewares/Third_Party/FreeRTOS/Source/stream_buffer.c ****             pxStreamBuffer->xTaskWaitingToSend = NULL;
 1519              		.loc 1 729 13 view .LVU498
 729:Middlewares/Third_Party/FreeRTOS/Source/stream_buffer.c ****             pxStreamBuffer->xTaskWaitingToSend = NULL;
 1520              		.loc 1 729 22 is_stmt 0 view .LVU499
 1521 00c4 059B     		ldr	r3, [sp, #20]
 1522 00c6 3900     		movs	r1, r7
 1523 00c8 0093     		str	r3, [sp]
 1524 00ca 3A00     		movs	r2, r7
 1525 00cc 3B00     		movs	r3, r7
 1526 00ce 3800     		movs	r0, r7
 1527 00d0 FFF7FEFF 		bl	xTaskGenericNotifyWait
 1528              	.LVL151:
 730:Middlewares/Third_Party/FreeRTOS/Source/stream_buffer.c ****         } while( xTaskCheckForTimeOut( &xTimeOut, &xTicksToWait ) == pdFALSE );
 1529              		.loc 1 730 13 is_stmt 1 view .LVU500
 730:Middlewares/Third_Party/FreeRTOS/Source/stream_buffer.c ****         } while( xTaskCheckForTimeOut( &xTimeOut, &xTicksToWait ) == pdFALSE );
 1530              		.loc 1 730 48 is_stmt 0 view .LVU501
 1531 00d4 6761     		str	r7, [r4, #20]
 731:Middlewares/Third_Party/FreeRTOS/Source/stream_buffer.c ****     }
 1532              		.loc 1 731 67 is_stmt 1 view .LVU502
ARM GAS  /tmp/ccTWZgXF.s 			page 60


 731:Middlewares/Third_Party/FreeRTOS/Source/stream_buffer.c ****     }
 1533              		.loc 1 731 18 is_stmt 0 view .LVU503
 1534 00d6 05A9     		add	r1, sp, #20
 1535 00d8 06A8     		add	r0, sp, #24
 1536 00da FFF7FEFF 		bl	xTaskCheckForTimeOut
 1537              	.LVL152:
 731:Middlewares/Third_Party/FreeRTOS/Source/stream_buffer.c ****     }
 1538              		.loc 1 731 67 discriminator 1 view .LVU504
 1539 00de 0028     		cmp	r0, #0
 1540 00e0 DAD0     		beq	.L101
 1541              	.L102:
 735:Middlewares/Third_Party/FreeRTOS/Source/stream_buffer.c ****     }
 1542              		.loc 1 735 33 is_stmt 1 view .LVU505
 738:Middlewares/Third_Party/FreeRTOS/Source/stream_buffer.c ****     {
 1543              		.loc 1 738 5 view .LVU506
 738:Middlewares/Third_Party/FreeRTOS/Source/stream_buffer.c ****     {
 1544              		.loc 1 738 7 is_stmt 0 view .LVU507
 1545 00e2 039B     		ldr	r3, [sp, #12]
 1546 00e4 002B     		cmp	r3, #0
 1547 00e6 A7D0     		beq	.L94
 1548 00e8 AAE7     		b	.L97
 1549              	.LVL153:
 1550              	.L98:
 722:Middlewares/Third_Party/FreeRTOS/Source/stream_buffer.c ****                     break;
 1551              		.loc 1 722 21 is_stmt 1 view .LVU508
 1552 00ea FFF7FEFF 		bl	vPortExitCritical
 1553              	.LVL154:
 723:Middlewares/Third_Party/FreeRTOS/Source/stream_buffer.c ****                 }
 1554              		.loc 1 723 21 view .LVU509
 1555 00ee F8E7     		b	.L102
 1556              		.cfi_endproc
 1557              	.LFE6:
 1559              		.section	.text.xStreamBufferSendFromISR,"ax",%progbits
 1560              		.align	1
 1561              		.global	xStreamBufferSendFromISR
 1562              		.syntax unified
 1563              		.code	16
 1564              		.thumb_func
 1566              	xStreamBufferSendFromISR:
 1567              	.LVL155:
 1568              	.LFB7:
 777:Middlewares/Third_Party/FreeRTOS/Source/stream_buffer.c ****     StreamBuffer_t * const pxStreamBuffer = xStreamBuffer;
 1569              		.loc 1 777 1 view -0
 1570              		.cfi_startproc
 1571              		@ args = 0, pretend = 0, frame = 8
 1572              		@ frame_needed = 0, uses_anonymous_args = 0
 778:Middlewares/Third_Party/FreeRTOS/Source/stream_buffer.c ****     size_t xReturn, xSpace;
 1573              		.loc 1 778 5 view .LVU511
 779:Middlewares/Third_Party/FreeRTOS/Source/stream_buffer.c ****     size_t xRequiredSpace = xDataLengthBytes;
 1574              		.loc 1 779 5 view .LVU512
 780:Middlewares/Third_Party/FreeRTOS/Source/stream_buffer.c **** 
 1575              		.loc 1 780 5 view .LVU513
 782:Middlewares/Third_Party/FreeRTOS/Source/stream_buffer.c ****     configASSERT( pxStreamBuffer );
 1576              		.loc 1 782 5 view .LVU514
 777:Middlewares/Third_Party/FreeRTOS/Source/stream_buffer.c ****     StreamBuffer_t * const pxStreamBuffer = xStreamBuffer;
 1577              		.loc 1 777 1 is_stmt 0 view .LVU515
 1578 0000 F0B5     		push	{r4, r5, r6, r7, lr}
ARM GAS  /tmp/ccTWZgXF.s 			page 61


 1579              		.cfi_def_cfa_offset 20
 1580              		.cfi_offset 4, -20
 1581              		.cfi_offset 5, -16
 1582              		.cfi_offset 6, -12
 1583              		.cfi_offset 7, -8
 1584              		.cfi_offset 14, -4
 1585 0002 85B0     		sub	sp, sp, #20
 1586              		.cfi_def_cfa_offset 40
 777:Middlewares/Third_Party/FreeRTOS/Source/stream_buffer.c ****     StreamBuffer_t * const pxStreamBuffer = xStreamBuffer;
 1587              		.loc 1 777 1 view .LVU516
 1588 0004 0400     		movs	r4, r0
 1589 0006 0E00     		movs	r6, r1
 1590 0008 1500     		movs	r5, r2
 1591 000a 0393     		str	r3, [sp, #12]
 782:Middlewares/Third_Party/FreeRTOS/Source/stream_buffer.c ****     configASSERT( pxStreamBuffer );
 1592              		.loc 1 782 5 view .LVU517
 1593 000c 0029     		cmp	r1, #0
 1594 000e 01D1     		bne	.L117
 782:Middlewares/Third_Party/FreeRTOS/Source/stream_buffer.c ****     configASSERT( pxStreamBuffer );
 1595              		.loc 1 782 5 is_stmt 1 discriminator 1 view .LVU518
 1596              		.syntax divided
 1597              	@ 782 "Middlewares/Third_Party/FreeRTOS/Source/stream_buffer.c" 1
 1598 0010 72B6     		 cpsid i 
 1599              	@ 0 "" 2
 1600              		.thumb
 1601              		.syntax unified
 1602              	.L118:
 782:Middlewares/Third_Party/FreeRTOS/Source/stream_buffer.c ****     configASSERT( pxStreamBuffer );
 1603              		.loc 1 782 5 discriminator 3 view .LVU519
 782:Middlewares/Third_Party/FreeRTOS/Source/stream_buffer.c ****     configASSERT( pxStreamBuffer );
 1604              		.loc 1 782 5 discriminator 3 view .LVU520
 1605 0012 FEE7     		b	.L118
 1606              	.L117:
 782:Middlewares/Third_Party/FreeRTOS/Source/stream_buffer.c ****     configASSERT( pxStreamBuffer );
 1607              		.loc 1 782 29 discriminator 2 view .LVU521
 783:Middlewares/Third_Party/FreeRTOS/Source/stream_buffer.c **** 
 1608              		.loc 1 783 5 view .LVU522
 1609 0014 0028     		cmp	r0, #0
 1610 0016 01D1     		bne	.L119
 783:Middlewares/Third_Party/FreeRTOS/Source/stream_buffer.c **** 
 1611              		.loc 1 783 5 discriminator 1 view .LVU523
 1612              		.syntax divided
 1613              	@ 783 "Middlewares/Third_Party/FreeRTOS/Source/stream_buffer.c" 1
 1614 0018 72B6     		 cpsid i 
 1615              	@ 0 "" 2
 1616              		.thumb
 1617              		.syntax unified
 1618              	.L120:
 783:Middlewares/Third_Party/FreeRTOS/Source/stream_buffer.c **** 
 1619              		.loc 1 783 5 discriminator 3 view .LVU524
 783:Middlewares/Third_Party/FreeRTOS/Source/stream_buffer.c **** 
 1620              		.loc 1 783 5 discriminator 3 view .LVU525
 1621 001a FEE7     		b	.L120
 1622              	.L119:
 783:Middlewares/Third_Party/FreeRTOS/Source/stream_buffer.c **** 
 1623              		.loc 1 783 35 discriminator 2 view .LVU526
 789:Middlewares/Third_Party/FreeRTOS/Source/stream_buffer.c ****     {
ARM GAS  /tmp/ccTWZgXF.s 			page 62


 1624              		.loc 1 789 5 view .LVU527
 789:Middlewares/Third_Party/FreeRTOS/Source/stream_buffer.c ****     {
 1625              		.loc 1 789 7 is_stmt 0 view .LVU528
 1626 001c 037F     		ldrb	r3, [r0, #28]
 1627              	.LVL156:
 780:Middlewares/Third_Party/FreeRTOS/Source/stream_buffer.c **** 
 1628              		.loc 1 780 12 view .LVU529
 1629 001e 1700     		movs	r7, r2
 789:Middlewares/Third_Party/FreeRTOS/Source/stream_buffer.c ****     {
 1630              		.loc 1 789 7 view .LVU530
 1631 0020 DB07     		lsls	r3, r3, #31
 1632 0022 00D5     		bpl	.L121
 791:Middlewares/Third_Party/FreeRTOS/Source/stream_buffer.c ****     }
 1633              		.loc 1 791 9 is_stmt 1 view .LVU531
 791:Middlewares/Third_Party/FreeRTOS/Source/stream_buffer.c ****     }
 1634              		.loc 1 791 24 is_stmt 0 view .LVU532
 1635 0024 171D     		adds	r7, r2, #4
 1636              	.LVL157:
 1637              	.L121:
 795:Middlewares/Third_Party/FreeRTOS/Source/stream_buffer.c ****     }
 1638              		.loc 1 795 33 is_stmt 1 view .LVU533
 798:Middlewares/Third_Party/FreeRTOS/Source/stream_buffer.c ****     xReturn = prvWriteMessageToBuffer( pxStreamBuffer, pvTxData, xDataLengthBytes, xSpace, xRequire
 1639              		.loc 1 798 5 view .LVU534
 798:Middlewares/Third_Party/FreeRTOS/Source/stream_buffer.c ****     xReturn = prvWriteMessageToBuffer( pxStreamBuffer, pvTxData, xDataLengthBytes, xSpace, xRequire
 1640              		.loc 1 798 14 is_stmt 0 view .LVU535
 1641 0026 2000     		movs	r0, r4
 1642              	.LVL158:
 798:Middlewares/Third_Party/FreeRTOS/Source/stream_buffer.c ****     xReturn = prvWriteMessageToBuffer( pxStreamBuffer, pvTxData, xDataLengthBytes, xSpace, xRequire
 1643              		.loc 1 798 14 view .LVU536
 1644 0028 FFF7FEFF 		bl	xStreamBufferSpacesAvailable
 1645              	.LVL159:
 799:Middlewares/Third_Party/FreeRTOS/Source/stream_buffer.c **** 
 1646              		.loc 1 799 15 view .LVU537
 1647 002c 2A00     		movs	r2, r5
 798:Middlewares/Third_Party/FreeRTOS/Source/stream_buffer.c ****     xReturn = prvWriteMessageToBuffer( pxStreamBuffer, pvTxData, xDataLengthBytes, xSpace, xRequire
 1648              		.loc 1 798 14 view .LVU538
 1649 002e 0300     		movs	r3, r0
 1650              	.LVL160:
 799:Middlewares/Third_Party/FreeRTOS/Source/stream_buffer.c **** 
 1651              		.loc 1 799 5 is_stmt 1 view .LVU539
 799:Middlewares/Third_Party/FreeRTOS/Source/stream_buffer.c **** 
 1652              		.loc 1 799 15 is_stmt 0 view .LVU540
 1653 0030 3100     		movs	r1, r6
 1654 0032 2000     		movs	r0, r4
 1655              	.LVL161:
 799:Middlewares/Third_Party/FreeRTOS/Source/stream_buffer.c **** 
 1656              		.loc 1 799 15 view .LVU541
 1657 0034 0097     		str	r7, [sp]
 1658 0036 FFF7FEFF 		bl	prvWriteMessageToBuffer
 1659              	.LVL162:
 799:Middlewares/Third_Party/FreeRTOS/Source/stream_buffer.c **** 
 1660              		.loc 1 799 15 view .LVU542
 1661 003a 051E     		subs	r5, r0, #0
 1662              	.LVL163:
 801:Middlewares/Third_Party/FreeRTOS/Source/stream_buffer.c ****     {
 1663              		.loc 1 801 5 is_stmt 1 view .LVU543
 801:Middlewares/Third_Party/FreeRTOS/Source/stream_buffer.c ****     {
ARM GAS  /tmp/ccTWZgXF.s 			page 63


 1664              		.loc 1 801 7 is_stmt 0 view .LVU544
 1665 003c 19D0     		beq	.L116
 804:Middlewares/Third_Party/FreeRTOS/Source/stream_buffer.c ****         {
 1666              		.loc 1 804 9 is_stmt 1 view .LVU545
 804:Middlewares/Third_Party/FreeRTOS/Source/stream_buffer.c ****         {
 1667              		.loc 1 804 13 is_stmt 0 view .LVU546
 1668 003e 2000     		movs	r0, r4
 1669              	.LVL164:
 804:Middlewares/Third_Party/FreeRTOS/Source/stream_buffer.c ****         {
 1670              		.loc 1 804 13 view .LVU547
 1671 0040 FFF7FEFF 		bl	prvBytesInBuffer
 1672              	.LVL165:
 804:Middlewares/Third_Party/FreeRTOS/Source/stream_buffer.c ****         {
 1673              		.loc 1 804 11 discriminator 1 view .LVU548
 1674 0044 E368     		ldr	r3, [r4, #12]
 1675 0046 9842     		cmp	r0, r3
 1676 0048 13D3     		bcc	.L116
 1677              	.LBB55:
 806:Middlewares/Third_Party/FreeRTOS/Source/stream_buffer.c ****         }
 1678              		.loc 1 806 13 is_stmt 1 view .LVU549
 806:Middlewares/Third_Party/FreeRTOS/Source/stream_buffer.c ****         }
 1679              		.loc 1 806 13 view .LVU550
 1680 004a FFF7FEFF 		bl	ulSetInterruptMaskFromISR
 1681              	.LVL166:
 806:Middlewares/Third_Party/FreeRTOS/Source/stream_buffer.c ****         }
 1682              		.loc 1 806 13 is_stmt 0 discriminator 1 view .LVU551
 1683 004e 2369     		ldr	r3, [r4, #16]
 806:Middlewares/Third_Party/FreeRTOS/Source/stream_buffer.c ****         }
 1684              		.loc 1 806 13 view .LVU552
 1685 0050 0600     		movs	r6, r0
 1686              	.LVL167:
 806:Middlewares/Third_Party/FreeRTOS/Source/stream_buffer.c ****         }
 1687              		.loc 1 806 13 is_stmt 1 discriminator 1 view .LVU553
 1688 0052 002B     		cmp	r3, #0
 1689 0054 0AD0     		beq	.L125
 806:Middlewares/Third_Party/FreeRTOS/Source/stream_buffer.c ****         }
 1690              		.loc 1 806 13 discriminator 1 view .LVU554
 1691 0056 0027     		movs	r7, #0
 1692              	.LVL168:
 806:Middlewares/Third_Party/FreeRTOS/Source/stream_buffer.c ****         }
 1693              		.loc 1 806 13 is_stmt 0 discriminator 1 view .LVU555
 1694 0058 039B     		ldr	r3, [sp, #12]
 1695 005a 2069     		ldr	r0, [r4, #16]
 1696              	.LVL169:
 806:Middlewares/Third_Party/FreeRTOS/Source/stream_buffer.c ****         }
 1697              		.loc 1 806 13 discriminator 1 view .LVU556
 1698 005c 3A00     		movs	r2, r7
 1699 005e 0193     		str	r3, [sp, #4]
 1700 0060 3900     		movs	r1, r7
 1701 0062 3B00     		movs	r3, r7
 1702 0064 0097     		str	r7, [sp]
 1703 0066 FFF7FEFF 		bl	xTaskGenericNotifyFromISR
 1704              	.LVL170:
 806:Middlewares/Third_Party/FreeRTOS/Source/stream_buffer.c ****         }
 1705              		.loc 1 806 13 is_stmt 1 discriminator 1 view .LVU557
 1706 006a 2761     		str	r7, [r4, #16]
 1707              	.L125:
ARM GAS  /tmp/ccTWZgXF.s 			page 64


 806:Middlewares/Third_Party/FreeRTOS/Source/stream_buffer.c ****         }
 1708              		.loc 1 806 13 discriminator 3 view .LVU558
 1709 006c 3000     		movs	r0, r6
 1710 006e FFF7FEFF 		bl	vClearInterruptMaskFromISR
 1711              	.LVL171:
 1712              	.LBE55:
 806:Middlewares/Third_Party/FreeRTOS/Source/stream_buffer.c ****         }
 1713              		.loc 1 806 83 discriminator 1 view .LVU559
 815:Middlewares/Third_Party/FreeRTOS/Source/stream_buffer.c ****     }
 1714              		.loc 1 815 33 view .LVU560
 818:Middlewares/Third_Party/FreeRTOS/Source/stream_buffer.c **** 
 1715              		.loc 1 818 63 view .LVU561
 820:Middlewares/Third_Party/FreeRTOS/Source/stream_buffer.c **** }
 1716              		.loc 1 820 5 view .LVU562
 1717              	.L116:
 821:Middlewares/Third_Party/FreeRTOS/Source/stream_buffer.c **** /*-----------------------------------------------------------*/
 1718              		.loc 1 821 1 is_stmt 0 view .LVU563
 1719 0072 2800     		movs	r0, r5
 1720 0074 05B0     		add	sp, sp, #20
 1721              		@ sp needed
 1722              	.LVL172:
 1723              	.LVL173:
 821:Middlewares/Third_Party/FreeRTOS/Source/stream_buffer.c **** /*-----------------------------------------------------------*/
 1724              		.loc 1 821 1 view .LVU564
 1725 0076 F0BD     		pop	{r4, r5, r6, r7, pc}
 1726              		.cfi_endproc
 1727              	.LFE7:
 1729              		.section	.text.xStreamBufferReceive,"ax",%progbits
 1730              		.align	1
 1731              		.global	xStreamBufferReceive
 1732              		.syntax unified
 1733              		.code	16
 1734              		.thumb_func
 1736              	xStreamBufferReceive:
 1737              	.LVL174:
 1738              	.LFB9:
 878:Middlewares/Third_Party/FreeRTOS/Source/stream_buffer.c ****     StreamBuffer_t * const pxStreamBuffer = xStreamBuffer;
 1739              		.loc 1 878 1 is_stmt 1 view -0
 1740              		.cfi_startproc
 1741              		@ args = 0, pretend = 0, frame = 8
 1742              		@ frame_needed = 0, uses_anonymous_args = 0
 879:Middlewares/Third_Party/FreeRTOS/Source/stream_buffer.c ****     size_t xReceivedLength = 0, xBytesAvailable, xBytesToStoreMessageLength;
 1743              		.loc 1 879 5 view .LVU566
 880:Middlewares/Third_Party/FreeRTOS/Source/stream_buffer.c **** 
 1744              		.loc 1 880 5 view .LVU567
 882:Middlewares/Third_Party/FreeRTOS/Source/stream_buffer.c ****     configASSERT( pxStreamBuffer );
 1745              		.loc 1 882 5 view .LVU568
 878:Middlewares/Third_Party/FreeRTOS/Source/stream_buffer.c ****     StreamBuffer_t * const pxStreamBuffer = xStreamBuffer;
 1746              		.loc 1 878 1 is_stmt 0 view .LVU569
 1747 0000 F0B5     		push	{r4, r5, r6, r7, lr}
 1748              		.cfi_def_cfa_offset 20
 1749              		.cfi_offset 4, -20
 1750              		.cfi_offset 5, -16
 1751              		.cfi_offset 6, -12
 1752              		.cfi_offset 7, -8
 1753              		.cfi_offset 14, -4
 1754 0002 85B0     		sub	sp, sp, #20
ARM GAS  /tmp/ccTWZgXF.s 			page 65


 1755              		.cfi_def_cfa_offset 40
 878:Middlewares/Third_Party/FreeRTOS/Source/stream_buffer.c ****     StreamBuffer_t * const pxStreamBuffer = xStreamBuffer;
 1756              		.loc 1 878 1 view .LVU570
 1757 0004 0400     		movs	r4, r0
 1758 0006 1F00     		movs	r7, r3
 1759 0008 0291     		str	r1, [sp, #8]
 1760 000a 0392     		str	r2, [sp, #12]
 882:Middlewares/Third_Party/FreeRTOS/Source/stream_buffer.c ****     configASSERT( pxStreamBuffer );
 1761              		.loc 1 882 5 view .LVU571
 1762 000c 0029     		cmp	r1, #0
 1763 000e 01D1     		bne	.L133
 882:Middlewares/Third_Party/FreeRTOS/Source/stream_buffer.c ****     configASSERT( pxStreamBuffer );
 1764              		.loc 1 882 5 is_stmt 1 discriminator 1 view .LVU572
 1765              		.syntax divided
 1766              	@ 882 "Middlewares/Third_Party/FreeRTOS/Source/stream_buffer.c" 1
 1767 0010 72B6     		 cpsid i 
 1768              	@ 0 "" 2
 1769              		.thumb
 1770              		.syntax unified
 1771              	.L134:
 882:Middlewares/Third_Party/FreeRTOS/Source/stream_buffer.c ****     configASSERT( pxStreamBuffer );
 1772              		.loc 1 882 5 discriminator 3 view .LVU573
 882:Middlewares/Third_Party/FreeRTOS/Source/stream_buffer.c ****     configASSERT( pxStreamBuffer );
 1773              		.loc 1 882 5 discriminator 3 view .LVU574
 1774 0012 FEE7     		b	.L134
 1775              	.L133:
 882:Middlewares/Third_Party/FreeRTOS/Source/stream_buffer.c ****     configASSERT( pxStreamBuffer );
 1776              		.loc 1 882 29 discriminator 2 view .LVU575
 883:Middlewares/Third_Party/FreeRTOS/Source/stream_buffer.c **** 
 1777              		.loc 1 883 5 view .LVU576
 1778 0014 0028     		cmp	r0, #0
 1779 0016 01D1     		bne	.L135
 883:Middlewares/Third_Party/FreeRTOS/Source/stream_buffer.c **** 
 1780              		.loc 1 883 5 discriminator 1 view .LVU577
 1781              		.syntax divided
 1782              	@ 883 "Middlewares/Third_Party/FreeRTOS/Source/stream_buffer.c" 1
 1783 0018 72B6     		 cpsid i 
 1784              	@ 0 "" 2
 1785              		.thumb
 1786              		.syntax unified
 1787              	.L136:
 883:Middlewares/Third_Party/FreeRTOS/Source/stream_buffer.c **** 
 1788              		.loc 1 883 5 discriminator 3 view .LVU578
 883:Middlewares/Third_Party/FreeRTOS/Source/stream_buffer.c **** 
 1789              		.loc 1 883 5 discriminator 3 view .LVU579
 1790 001a FEE7     		b	.L136
 1791              	.L135:
 883:Middlewares/Third_Party/FreeRTOS/Source/stream_buffer.c **** 
 1792              		.loc 1 883 35 discriminator 2 view .LVU580
 890:Middlewares/Third_Party/FreeRTOS/Source/stream_buffer.c ****     {
 1793              		.loc 1 890 5 view .LVU581
 890:Middlewares/Third_Party/FreeRTOS/Source/stream_buffer.c ****     {
 1794              		.loc 1 890 7 is_stmt 0 view .LVU582
 1795 001c 0122     		movs	r2, #1
 1796              	.LVL175:
 890:Middlewares/Third_Party/FreeRTOS/Source/stream_buffer.c ****     {
 1797              		.loc 1 890 7 view .LVU583
ARM GAS  /tmp/ccTWZgXF.s 			page 66


 1798 001e 037F     		ldrb	r3, [r0, #28]
 1799              	.LVL176:
 890:Middlewares/Third_Party/FreeRTOS/Source/stream_buffer.c ****     {
 1800              		.loc 1 890 7 view .LVU584
 1801 0020 1340     		ands	r3, r2
 1802 0022 9E00     		lsls	r6, r3, #2
 1803              	.LVL177:
 899:Middlewares/Third_Party/FreeRTOS/Source/stream_buffer.c ****     {
 1804              		.loc 1 899 5 is_stmt 1 view .LVU585
 899:Middlewares/Third_Party/FreeRTOS/Source/stream_buffer.c ****     {
 1805              		.loc 1 899 7 is_stmt 0 view .LVU586
 1806 0024 002F     		cmp	r7, #0
 1807 0026 38D0     		beq	.L137
 903:Middlewares/Third_Party/FreeRTOS/Source/stream_buffer.c ****         {
 1808              		.loc 1 903 9 is_stmt 1 view .LVU587
 1809 0028 FFF7FEFF 		bl	vPortEnterCritical
 1810              	.LVL178:
 905:Middlewares/Third_Party/FreeRTOS/Source/stream_buffer.c **** 
 1811              		.loc 1 905 13 view .LVU588
 905:Middlewares/Third_Party/FreeRTOS/Source/stream_buffer.c **** 
 1812              		.loc 1 905 31 is_stmt 0 view .LVU589
 1813 002c 2000     		movs	r0, r4
 1814 002e FFF7FEFF 		bl	prvBytesInBuffer
 1815              	.LVL179:
 1816 0032 0500     		movs	r5, r0
 1817              	.LVL180:
 912:Middlewares/Third_Party/FreeRTOS/Source/stream_buffer.c ****             {
 1818              		.loc 1 912 13 is_stmt 1 view .LVU590
 912:Middlewares/Third_Party/FreeRTOS/Source/stream_buffer.c ****             {
 1819              		.loc 1 912 15 is_stmt 0 view .LVU591
 1820 0034 8642     		cmp	r6, r0
 1821 0036 1AD2     		bcs	.L138
 923:Middlewares/Third_Party/FreeRTOS/Source/stream_buffer.c ****             }
 1822              		.loc 1 923 41 is_stmt 1 view .LVU592
 926:Middlewares/Third_Party/FreeRTOS/Source/stream_buffer.c **** 
 1823              		.loc 1 926 9 view .LVU593
 1824 0038 FFF7FEFF 		bl	vPortExitCritical
 1825              	.LVL181:
 928:Middlewares/Third_Party/FreeRTOS/Source/stream_buffer.c ****         {
 1826              		.loc 1 928 9 view .LVU594
 953:Middlewares/Third_Party/FreeRTOS/Source/stream_buffer.c ****     {
 1827              		.loc 1 953 5 view .LVU595
 1828              	.L139:
 955:Middlewares/Third_Party/FreeRTOS/Source/stream_buffer.c **** 
 1829              		.loc 1 955 9 view .LVU596
 955:Middlewares/Third_Party/FreeRTOS/Source/stream_buffer.c **** 
 1830              		.loc 1 955 27 is_stmt 0 view .LVU597
 1831 003c 2B00     		movs	r3, r5
 1832 003e 2000     		movs	r0, r4
 1833 0040 039A     		ldr	r2, [sp, #12]
 1834 0042 0299     		ldr	r1, [sp, #8]
 1835 0044 FFF7FEFF 		bl	prvReadMessageFromBuffer
 1836              	.LVL182:
 1837 0048 051E     		subs	r5, r0, #0
 1838              	.LVL183:
 958:Middlewares/Third_Party/FreeRTOS/Source/stream_buffer.c ****         {
 1839              		.loc 1 958 9 is_stmt 1 view .LVU598
ARM GAS  /tmp/ccTWZgXF.s 			page 67


 958:Middlewares/Third_Party/FreeRTOS/Source/stream_buffer.c ****         {
 1840              		.loc 1 958 11 is_stmt 0 view .LVU599
 1841 004a 2CD0     		beq	.L144
 960:Middlewares/Third_Party/FreeRTOS/Source/stream_buffer.c ****             prvRECEIVE_COMPLETED( xStreamBuffer );
 1842              		.loc 1 960 73 is_stmt 1 view .LVU600
 961:Middlewares/Third_Party/FreeRTOS/Source/stream_buffer.c ****         }
 1843              		.loc 1 961 13 view .LVU601
 1844 004c FFF7FEFF 		bl	vTaskSuspendAll
 1845              	.LVL184:
 961:Middlewares/Third_Party/FreeRTOS/Source/stream_buffer.c ****         }
 1846              		.loc 1 961 13 discriminator 1 view .LVU602
 1847 0050 6369     		ldr	r3, [r4, #20]
 1848 0052 002B     		cmp	r3, #0
 1849 0054 08D0     		beq	.L145
 961:Middlewares/Third_Party/FreeRTOS/Source/stream_buffer.c ****         }
 1850              		.loc 1 961 13 discriminator 1 view .LVU603
 1851 0056 0026     		movs	r6, #0
 1852              	.LVL185:
 961:Middlewares/Third_Party/FreeRTOS/Source/stream_buffer.c ****         }
 1853              		.loc 1 961 13 is_stmt 0 discriminator 1 view .LVU604
 1854 0058 6069     		ldr	r0, [r4, #20]
 1855 005a 3300     		movs	r3, r6
 1856 005c 3200     		movs	r2, r6
 1857 005e 3100     		movs	r1, r6
 1858 0060 0096     		str	r6, [sp]
 1859 0062 FFF7FEFF 		bl	xTaskGenericNotify
 1860              	.LVL186:
 961:Middlewares/Third_Party/FreeRTOS/Source/stream_buffer.c ****         }
 1861              		.loc 1 961 13 is_stmt 1 discriminator 1 view .LVU605
 1862 0066 6661     		str	r6, [r4, #20]
 1863              	.L145:
 961:Middlewares/Third_Party/FreeRTOS/Source/stream_buffer.c ****         }
 1864              		.loc 1 961 13 discriminator 3 view .LVU606
 1865 0068 FFF7FEFF 		bl	xTaskResumeAll
 1866              	.LVL187:
 961:Middlewares/Third_Party/FreeRTOS/Source/stream_buffer.c ****         }
 1867              		.loc 1 961 50 discriminator 1 view .LVU607
 970:Middlewares/Third_Party/FreeRTOS/Source/stream_buffer.c ****         mtCOVERAGE_TEST_MARKER();
 1868              		.loc 1 970 59 view .LVU608
 971:Middlewares/Third_Party/FreeRTOS/Source/stream_buffer.c ****     }
 1869              		.loc 1 971 33 view .LVU609
 974:Middlewares/Third_Party/FreeRTOS/Source/stream_buffer.c **** }
 1870              		.loc 1 974 5 view .LVU610
 974:Middlewares/Third_Party/FreeRTOS/Source/stream_buffer.c **** }
 1871              		.loc 1 974 12 is_stmt 0 view .LVU611
 1872 006c 1CE0     		b	.L132
 1873              	.LVL188:
 1874              	.L138:
 915:Middlewares/Third_Party/FreeRTOS/Source/stream_buffer.c **** 
 1875              		.loc 1 915 17 is_stmt 1 view .LVU612
 915:Middlewares/Third_Party/FreeRTOS/Source/stream_buffer.c **** 
 1876              		.loc 1 915 26 is_stmt 0 view .LVU613
 1877 006e 0021     		movs	r1, #0
 1878 0070 0800     		movs	r0, r1
 1879              	.LVL189:
 915:Middlewares/Third_Party/FreeRTOS/Source/stream_buffer.c **** 
 1880              		.loc 1 915 26 view .LVU614
ARM GAS  /tmp/ccTWZgXF.s 			page 68


 1881 0072 FFF7FEFF 		bl	xTaskGenericNotifyStateClear
 1882              	.LVL190:
 918:Middlewares/Third_Party/FreeRTOS/Source/stream_buffer.c ****                 pxStreamBuffer->xTaskWaitingToReceive = xTaskGetCurrentTaskHandle();
 1883              		.loc 1 918 17 is_stmt 1 view .LVU615
 1884 0076 2569     		ldr	r5, [r4, #16]
 1885              	.LVL191:
 918:Middlewares/Third_Party/FreeRTOS/Source/stream_buffer.c ****                 pxStreamBuffer->xTaskWaitingToReceive = xTaskGetCurrentTaskHandle();
 1886              		.loc 1 918 17 is_stmt 0 view .LVU616
 1887 0078 002D     		cmp	r5, #0
 1888 007a 01D0     		beq	.L140
 918:Middlewares/Third_Party/FreeRTOS/Source/stream_buffer.c ****                 pxStreamBuffer->xTaskWaitingToReceive = xTaskGetCurrentTaskHandle();
 1889              		.loc 1 918 17 is_stmt 1 discriminator 1 view .LVU617
 1890              		.syntax divided
 1891              	@ 918 "Middlewares/Third_Party/FreeRTOS/Source/stream_buffer.c" 1
 1892 007c 72B6     		 cpsid i 
 1893              	@ 0 "" 2
 1894              		.thumb
 1895              		.syntax unified
 1896              	.L141:
 918:Middlewares/Third_Party/FreeRTOS/Source/stream_buffer.c ****                 pxStreamBuffer->xTaskWaitingToReceive = xTaskGetCurrentTaskHandle();
 1897              		.loc 1 918 17 discriminator 3 view .LVU618
 918:Middlewares/Third_Party/FreeRTOS/Source/stream_buffer.c ****                 pxStreamBuffer->xTaskWaitingToReceive = xTaskGetCurrentTaskHandle();
 1898              		.loc 1 918 17 discriminator 3 view .LVU619
 1899 007e FEE7     		b	.L141
 1900              	.L140:
 918:Middlewares/Third_Party/FreeRTOS/Source/stream_buffer.c ****                 pxStreamBuffer->xTaskWaitingToReceive = xTaskGetCurrentTaskHandle();
 1901              		.loc 1 918 78 discriminator 2 view .LVU620
 919:Middlewares/Third_Party/FreeRTOS/Source/stream_buffer.c ****             }
 1902              		.loc 1 919 17 view .LVU621
 919:Middlewares/Third_Party/FreeRTOS/Source/stream_buffer.c ****             }
 1903              		.loc 1 919 57 is_stmt 0 view .LVU622
 1904 0080 FFF7FEFF 		bl	xTaskGetCurrentTaskHandle
 1905              	.LVL192:
 919:Middlewares/Third_Party/FreeRTOS/Source/stream_buffer.c ****             }
 1906              		.loc 1 919 55 discriminator 1 view .LVU623
 1907 0084 2061     		str	r0, [r4, #16]
 923:Middlewares/Third_Party/FreeRTOS/Source/stream_buffer.c ****             }
 1908              		.loc 1 923 41 is_stmt 1 view .LVU624
 926:Middlewares/Third_Party/FreeRTOS/Source/stream_buffer.c **** 
 1909              		.loc 1 926 9 view .LVU625
 1910 0086 FFF7FEFF 		bl	vPortExitCritical
 1911              	.LVL193:
 928:Middlewares/Third_Party/FreeRTOS/Source/stream_buffer.c ****         {
 1912              		.loc 1 928 9 view .LVU626
 931:Middlewares/Third_Party/FreeRTOS/Source/stream_buffer.c ****             ( void ) xTaskNotifyWait( ( uint32_t ) 0, ( uint32_t ) 0, NULL, xTicksToWait );
 1913              		.loc 1 931 68 view .LVU627
 932:Middlewares/Third_Party/FreeRTOS/Source/stream_buffer.c ****             pxStreamBuffer->xTaskWaitingToReceive = NULL;
 1914              		.loc 1 932 13 view .LVU628
 932:Middlewares/Third_Party/FreeRTOS/Source/stream_buffer.c ****             pxStreamBuffer->xTaskWaitingToReceive = NULL;
 1915              		.loc 1 932 22 is_stmt 0 view .LVU629
 1916 008a 2B00     		movs	r3, r5
 1917 008c 2A00     		movs	r2, r5
 1918 008e 2900     		movs	r1, r5
 1919 0090 2800     		movs	r0, r5
 1920 0092 0097     		str	r7, [sp]
 1921 0094 FFF7FEFF 		bl	xTaskGenericNotifyWait
 1922              	.LVL194:
ARM GAS  /tmp/ccTWZgXF.s 			page 69


 933:Middlewares/Third_Party/FreeRTOS/Source/stream_buffer.c **** 
 1923              		.loc 1 933 13 is_stmt 1 view .LVU630
 933:Middlewares/Third_Party/FreeRTOS/Source/stream_buffer.c **** 
 1924              		.loc 1 933 51 is_stmt 0 view .LVU631
 1925 0098 2561     		str	r5, [r4, #16]
 936:Middlewares/Third_Party/FreeRTOS/Source/stream_buffer.c ****         }
 1926              		.loc 1 936 13 is_stmt 1 view .LVU632
 1927              	.LVL195:
 1928              	.L137:
 945:Middlewares/Third_Party/FreeRTOS/Source/stream_buffer.c ****     }
 1929              		.loc 1 945 9 view .LVU633
 945:Middlewares/Third_Party/FreeRTOS/Source/stream_buffer.c ****     }
 1930              		.loc 1 945 27 is_stmt 0 view .LVU634
 1931 009a 2000     		movs	r0, r4
 1932 009c FFF7FEFF 		bl	prvBytesInBuffer
 1933              	.LVL196:
 1934 00a0 0500     		movs	r5, r0
 1935              	.LVL197:
 953:Middlewares/Third_Party/FreeRTOS/Source/stream_buffer.c ****     {
 1936              		.loc 1 953 5 is_stmt 1 view .LVU635
 953:Middlewares/Third_Party/FreeRTOS/Source/stream_buffer.c ****     {
 1937              		.loc 1 953 7 is_stmt 0 view .LVU636
 1938 00a2 8642     		cmp	r6, r0
 1939 00a4 CAD3     		bcc	.L139
 1940              	.LVL198:
 1941              	.L144:
 880:Middlewares/Third_Party/FreeRTOS/Source/stream_buffer.c **** 
 1942              		.loc 1 880 12 view .LVU637
 1943 00a6 0025     		movs	r5, #0
 1944              	.LVL199:
 1945              	.L132:
 975:Middlewares/Third_Party/FreeRTOS/Source/stream_buffer.c **** /*-----------------------------------------------------------*/
 1946              		.loc 1 975 1 view .LVU638
 1947 00a8 2800     		movs	r0, r5
 1948 00aa 05B0     		add	sp, sp, #20
 1949              		@ sp needed
 1950              	.LVL200:
 1951              	.LVL201:
 975:Middlewares/Third_Party/FreeRTOS/Source/stream_buffer.c **** /*-----------------------------------------------------------*/
 1952              		.loc 1 975 1 view .LVU639
 1953 00ac F0BD     		pop	{r4, r5, r6, r7, pc}
 1954              		.cfi_endproc
 1955              	.LFE9:
 1957              		.section	.text.xStreamBufferNextMessageLengthBytes,"ax",%progbits
 1958              		.align	1
 1959              		.global	xStreamBufferNextMessageLengthBytes
 1960              		.syntax unified
 1961              		.code	16
 1962              		.thumb_func
 1964              	xStreamBufferNextMessageLengthBytes:
 1965              	.LVL202:
 1966              	.LFB10:
 979:Middlewares/Third_Party/FreeRTOS/Source/stream_buffer.c ****     StreamBuffer_t * const pxStreamBuffer = xStreamBuffer;
 1967              		.loc 1 979 1 is_stmt 1 view -0
 1968              		.cfi_startproc
 1969              		@ args = 0, pretend = 0, frame = 8
 1970              		@ frame_needed = 0, uses_anonymous_args = 0
ARM GAS  /tmp/ccTWZgXF.s 			page 70


 980:Middlewares/Third_Party/FreeRTOS/Source/stream_buffer.c ****     size_t xReturn, xBytesAvailable;
 1971              		.loc 1 980 5 view .LVU641
 981:Middlewares/Third_Party/FreeRTOS/Source/stream_buffer.c ****     configMESSAGE_BUFFER_LENGTH_TYPE xTempReturn;
 1972              		.loc 1 981 5 view .LVU642
 982:Middlewares/Third_Party/FreeRTOS/Source/stream_buffer.c **** 
 1973              		.loc 1 982 5 view .LVU643
 984:Middlewares/Third_Party/FreeRTOS/Source/stream_buffer.c **** 
 1974              		.loc 1 984 5 view .LVU644
 979:Middlewares/Third_Party/FreeRTOS/Source/stream_buffer.c ****     StreamBuffer_t * const pxStreamBuffer = xStreamBuffer;
 1975              		.loc 1 979 1 is_stmt 0 view .LVU645
 1976 0000 13B5     		push	{r0, r1, r4, lr}
 1977              		.cfi_def_cfa_offset 16
 1978              		.cfi_offset 0, -16
 1979              		.cfi_offset 1, -12
 1980              		.cfi_offset 4, -8
 1981              		.cfi_offset 14, -4
 979:Middlewares/Third_Party/FreeRTOS/Source/stream_buffer.c ****     StreamBuffer_t * const pxStreamBuffer = xStreamBuffer;
 1982              		.loc 1 979 1 view .LVU646
 1983 0002 041E     		subs	r4, r0, #0
 984:Middlewares/Third_Party/FreeRTOS/Source/stream_buffer.c **** 
 1984              		.loc 1 984 5 view .LVU647
 1985 0004 01D1     		bne	.L153
 984:Middlewares/Third_Party/FreeRTOS/Source/stream_buffer.c **** 
 1986              		.loc 1 984 5 is_stmt 1 discriminator 1 view .LVU648
 1987              		.syntax divided
 1988              	@ 984 "Middlewares/Third_Party/FreeRTOS/Source/stream_buffer.c" 1
 1989 0006 72B6     		 cpsid i 
 1990              	@ 0 "" 2
 1991              		.thumb
 1992              		.syntax unified
 1993              	.L154:
 984:Middlewares/Third_Party/FreeRTOS/Source/stream_buffer.c **** 
 1994              		.loc 1 984 5 discriminator 3 view .LVU649
 984:Middlewares/Third_Party/FreeRTOS/Source/stream_buffer.c **** 
 1995              		.loc 1 984 5 discriminator 3 view .LVU650
 1996 0008 FEE7     		b	.L154
 1997              	.L153:
 984:Middlewares/Third_Party/FreeRTOS/Source/stream_buffer.c **** 
 1998              		.loc 1 984 35 discriminator 2 view .LVU651
 987:Middlewares/Third_Party/FreeRTOS/Source/stream_buffer.c ****     {
 1999              		.loc 1 987 5 view .LVU652
 987:Middlewares/Third_Party/FreeRTOS/Source/stream_buffer.c ****     {
 2000              		.loc 1 987 7 is_stmt 0 view .LVU653
 2001 000a 037F     		ldrb	r3, [r0, #28]
 2002 000c DB07     		lsls	r3, r3, #31
 2003 000e 0FD5     		bpl	.L155
 989:Middlewares/Third_Party/FreeRTOS/Source/stream_buffer.c **** 
 2004              		.loc 1 989 9 is_stmt 1 view .LVU654
 989:Middlewares/Third_Party/FreeRTOS/Source/stream_buffer.c **** 
 2005              		.loc 1 989 27 is_stmt 0 view .LVU655
 2006 0010 FFF7FEFF 		bl	prvBytesInBuffer
 2007              	.LVL203:
 991:Middlewares/Third_Party/FreeRTOS/Source/stream_buffer.c ****         {
 2008              		.loc 1 991 9 is_stmt 1 view .LVU656
 991:Middlewares/Third_Party/FreeRTOS/Source/stream_buffer.c ****         {
 2009              		.loc 1 991 11 is_stmt 0 view .LVU657
 2010 0014 0428     		cmp	r0, #4
ARM GAS  /tmp/ccTWZgXF.s 			page 71


 2011 0016 07D9     		bls	.L156
 996:Middlewares/Third_Party/FreeRTOS/Source/stream_buffer.c ****             xReturn = ( size_t ) xTempReturn;
 2012              		.loc 1 996 13 is_stmt 1 view .LVU658
 2013              	.LBB58:
 2014              	.LBB59:
 2015 0018 0422     		movs	r2, #4
 2016 001a 2000     		movs	r0, r4
 2017              	.LVL204:
 996:Middlewares/Third_Party/FreeRTOS/Source/stream_buffer.c ****             xReturn = ( size_t ) xTempReturn;
 2018              		.loc 1 996 13 is_stmt 0 view .LVU659
 2019              	.LBE59:
 2020              	.LBE58:
 996:Middlewares/Third_Party/FreeRTOS/Source/stream_buffer.c ****             xReturn = ( size_t ) xTempReturn;
 2021              		.loc 1 996 137 view .LVU660
 2022 001c 2368     		ldr	r3, [r4]
 2023              	.LVL205:
 2024              	.LBB61:
 2025              	.LBI58:
1294:Middlewares/Third_Party/FreeRTOS/Source/stream_buffer.c ****                                       uint8_t * pucData,
 2026              		.loc 1 1294 15 is_stmt 1 view .LVU661
 2027              	.LBB60:
1299:Middlewares/Third_Party/FreeRTOS/Source/stream_buffer.c **** 
 2028              		.loc 1 1299 5 view .LVU662
1301:Middlewares/Third_Party/FreeRTOS/Source/stream_buffer.c **** 
 2029              		.loc 1 1301 5 view .LVU663
 2030 001e 01A9     		add	r1, sp, #4
 2031              	.LVL206:
1301:Middlewares/Third_Party/FreeRTOS/Source/stream_buffer.c **** 
 2032              		.loc 1 1301 5 is_stmt 0 view .LVU664
 2033 0020 FFF7FEFF 		bl	prvReadBytesFromBuffer.part.0
 2034              	.LVL207:
1334:Middlewares/Third_Party/FreeRTOS/Source/stream_buffer.c **** }
 2035              		.loc 1 1334 5 is_stmt 1 view .LVU665
1334:Middlewares/Third_Party/FreeRTOS/Source/stream_buffer.c **** }
 2036              		.loc 1 1334 5 is_stmt 0 view .LVU666
 2037              	.LBE60:
 2038              	.LBE61:
 997:Middlewares/Third_Party/FreeRTOS/Source/stream_buffer.c ****         }
 2039              		.loc 1 997 13 is_stmt 1 view .LVU667
 997:Middlewares/Third_Party/FreeRTOS/Source/stream_buffer.c ****         }
 2040              		.loc 1 997 21 is_stmt 0 view .LVU668
 2041 0024 0198     		ldr	r0, [sp, #4]
 2042              	.LVL208:
 2043              	.L152:
1015:Middlewares/Third_Party/FreeRTOS/Source/stream_buffer.c **** /*-----------------------------------------------------------*/
 2044              		.loc 1 1015 1 view .LVU669
 2045              		@ sp needed
 2046              	.LVL209:
1015:Middlewares/Third_Party/FreeRTOS/Source/stream_buffer.c **** /*-----------------------------------------------------------*/
 2047              		.loc 1 1015 1 view .LVU670
 2048 0026 16BD     		pop	{r1, r2, r4, pc}
 2049              	.LVL210:
 2050              	.L156:
1005:Middlewares/Third_Party/FreeRTOS/Source/stream_buffer.c ****             xReturn = 0;
 2051              		.loc 1 1005 13 is_stmt 1 view .LVU671
 2052 0028 0028     		cmp	r0, #0
 2053 002a 01D0     		beq	.L155
ARM GAS  /tmp/ccTWZgXF.s 			page 72


1005:Middlewares/Third_Party/FreeRTOS/Source/stream_buffer.c ****             xReturn = 0;
 2054              		.loc 1 1005 13 discriminator 1 view .LVU672
 2055              		.syntax divided
 2056              	@ 1005 "Middlewares/Third_Party/FreeRTOS/Source/stream_buffer.c" 1
 2057 002c 72B6     		 cpsid i 
 2058              	@ 0 "" 2
 2059              		.thumb
 2060              		.syntax unified
 2061              	.L158:
1005:Middlewares/Third_Party/FreeRTOS/Source/stream_buffer.c ****             xReturn = 0;
 2062              		.loc 1 1005 13 discriminator 3 view .LVU673
1005:Middlewares/Third_Party/FreeRTOS/Source/stream_buffer.c ****             xReturn = 0;
 2063              		.loc 1 1005 13 discriminator 3 view .LVU674
 2064 002e FEE7     		b	.L158
 2065              	.LVL211:
 2066              	.L155:
1006:Middlewares/Third_Party/FreeRTOS/Source/stream_buffer.c ****         }
 2067              		.loc 1 1006 21 is_stmt 0 view .LVU675
 2068 0030 0020     		movs	r0, #0
 2069              	.LVL212:
1014:Middlewares/Third_Party/FreeRTOS/Source/stream_buffer.c **** }
 2070              		.loc 1 1014 5 is_stmt 1 view .LVU676
1014:Middlewares/Third_Party/FreeRTOS/Source/stream_buffer.c **** }
 2071              		.loc 1 1014 12 is_stmt 0 view .LVU677
 2072 0032 F8E7     		b	.L152
 2073              		.cfi_endproc
 2074              	.LFE10:
 2076              		.section	.text.xStreamBufferReceiveFromISR,"ax",%progbits
 2077              		.align	1
 2078              		.global	xStreamBufferReceiveFromISR
 2079              		.syntax unified
 2080              		.code	16
 2081              		.thumb_func
 2083              	xStreamBufferReceiveFromISR:
 2084              	.LVL213:
 2085              	.LFB11:
1022:Middlewares/Third_Party/FreeRTOS/Source/stream_buffer.c ****     StreamBuffer_t * const pxStreamBuffer = xStreamBuffer;
 2086              		.loc 1 1022 1 is_stmt 1 view -0
 2087              		.cfi_startproc
 2088              		@ args = 0, pretend = 0, frame = 8
 2089              		@ frame_needed = 0, uses_anonymous_args = 0
1023:Middlewares/Third_Party/FreeRTOS/Source/stream_buffer.c ****     size_t xReceivedLength = 0, xBytesAvailable, xBytesToStoreMessageLength;
 2090              		.loc 1 1023 5 view .LVU679
1024:Middlewares/Third_Party/FreeRTOS/Source/stream_buffer.c **** 
 2091              		.loc 1 1024 5 view .LVU680
1026:Middlewares/Third_Party/FreeRTOS/Source/stream_buffer.c ****     configASSERT( pxStreamBuffer );
 2092              		.loc 1 1026 5 view .LVU681
1022:Middlewares/Third_Party/FreeRTOS/Source/stream_buffer.c ****     StreamBuffer_t * const pxStreamBuffer = xStreamBuffer;
 2093              		.loc 1 1022 1 is_stmt 0 view .LVU682
 2094 0000 F0B5     		push	{r4, r5, r6, r7, lr}
 2095              		.cfi_def_cfa_offset 20
 2096              		.cfi_offset 4, -20
 2097              		.cfi_offset 5, -16
 2098              		.cfi_offset 6, -12
 2099              		.cfi_offset 7, -8
 2100              		.cfi_offset 14, -4
 2101 0002 85B0     		sub	sp, sp, #20
ARM GAS  /tmp/ccTWZgXF.s 			page 73


 2102              		.cfi_def_cfa_offset 40
1022:Middlewares/Third_Party/FreeRTOS/Source/stream_buffer.c ****     StreamBuffer_t * const pxStreamBuffer = xStreamBuffer;
 2103              		.loc 1 1022 1 view .LVU683
 2104 0004 0400     		movs	r4, r0
 2105 0006 0E00     		movs	r6, r1
 2106 0008 1F00     		movs	r7, r3
 2107 000a 0392     		str	r2, [sp, #12]
1026:Middlewares/Third_Party/FreeRTOS/Source/stream_buffer.c ****     configASSERT( pxStreamBuffer );
 2108              		.loc 1 1026 5 view .LVU684
 2109 000c 0029     		cmp	r1, #0
 2110 000e 01D1     		bne	.L167
1026:Middlewares/Third_Party/FreeRTOS/Source/stream_buffer.c ****     configASSERT( pxStreamBuffer );
 2111              		.loc 1 1026 5 is_stmt 1 discriminator 1 view .LVU685
 2112              		.syntax divided
 2113              	@ 1026 "Middlewares/Third_Party/FreeRTOS/Source/stream_buffer.c" 1
 2114 0010 72B6     		 cpsid i 
 2115              	@ 0 "" 2
 2116              		.thumb
 2117              		.syntax unified
 2118              	.L168:
1026:Middlewares/Third_Party/FreeRTOS/Source/stream_buffer.c ****     configASSERT( pxStreamBuffer );
 2119              		.loc 1 1026 5 discriminator 3 view .LVU686
1026:Middlewares/Third_Party/FreeRTOS/Source/stream_buffer.c ****     configASSERT( pxStreamBuffer );
 2120              		.loc 1 1026 5 discriminator 3 view .LVU687
 2121 0012 FEE7     		b	.L168
 2122              	.L167:
1026:Middlewares/Third_Party/FreeRTOS/Source/stream_buffer.c ****     configASSERT( pxStreamBuffer );
 2123              		.loc 1 1026 29 discriminator 2 view .LVU688
1027:Middlewares/Third_Party/FreeRTOS/Source/stream_buffer.c **** 
 2124              		.loc 1 1027 5 view .LVU689
 2125 0014 0028     		cmp	r0, #0
 2126 0016 01D1     		bne	.L169
1027:Middlewares/Third_Party/FreeRTOS/Source/stream_buffer.c **** 
 2127              		.loc 1 1027 5 discriminator 1 view .LVU690
 2128              		.syntax divided
 2129              	@ 1027 "Middlewares/Third_Party/FreeRTOS/Source/stream_buffer.c" 1
 2130 0018 72B6     		 cpsid i 
 2131              	@ 0 "" 2
 2132              		.thumb
 2133              		.syntax unified
 2134              	.L170:
1027:Middlewares/Third_Party/FreeRTOS/Source/stream_buffer.c **** 
 2135              		.loc 1 1027 5 discriminator 3 view .LVU691
1027:Middlewares/Third_Party/FreeRTOS/Source/stream_buffer.c **** 
 2136              		.loc 1 1027 5 discriminator 3 view .LVU692
 2137 001a FEE7     		b	.L170
 2138              	.L169:
1027:Middlewares/Third_Party/FreeRTOS/Source/stream_buffer.c **** 
 2139              		.loc 1 1027 35 discriminator 2 view .LVU693
1034:Middlewares/Third_Party/FreeRTOS/Source/stream_buffer.c ****     {
 2140              		.loc 1 1034 5 view .LVU694
1034:Middlewares/Third_Party/FreeRTOS/Source/stream_buffer.c ****     {
 2141              		.loc 1 1034 7 is_stmt 0 view .LVU695
 2142 001c 0123     		movs	r3, #1
 2143              	.LVL214:
1034:Middlewares/Third_Party/FreeRTOS/Source/stream_buffer.c ****     {
 2144              		.loc 1 1034 7 view .LVU696
ARM GAS  /tmp/ccTWZgXF.s 			page 74


 2145 001e 057F     		ldrb	r5, [r0, #28]
 2146 0020 1D40     		ands	r5, r3
1043:Middlewares/Third_Party/FreeRTOS/Source/stream_buffer.c **** 
 2147              		.loc 1 1043 23 view .LVU697
 2148 0022 FFF7FEFF 		bl	prvBytesInBuffer
 2149              	.LVL215:
1034:Middlewares/Third_Party/FreeRTOS/Source/stream_buffer.c ****     {
 2150              		.loc 1 1034 7 view .LVU698
 2151 0026 AD00     		lsls	r5, r5, #2
 2152              	.LVL216:
1043:Middlewares/Third_Party/FreeRTOS/Source/stream_buffer.c **** 
 2153              		.loc 1 1043 5 is_stmt 1 view .LVU699
1043:Middlewares/Third_Party/FreeRTOS/Source/stream_buffer.c **** 
 2154              		.loc 1 1043 23 is_stmt 0 view .LVU700
 2155 0028 0300     		movs	r3, r0
 2156              	.LVL217:
1050:Middlewares/Third_Party/FreeRTOS/Source/stream_buffer.c ****     {
 2157              		.loc 1 1050 5 is_stmt 1 view .LVU701
1050:Middlewares/Third_Party/FreeRTOS/Source/stream_buffer.c ****     {
 2158              		.loc 1 1050 7 is_stmt 0 view .LVU702
 2159 002a A842     		cmp	r0, r5
 2160 002c 03D8     		bhi	.L171
 2161              	.LVL218:
 2162              	.L173:
1024:Middlewares/Third_Party/FreeRTOS/Source/stream_buffer.c **** 
 2163              		.loc 1 1024 12 view .LVU703
 2164 002e 0025     		movs	r5, #0
 2165              	.LVL219:
 2166              	.L166:
1072:Middlewares/Third_Party/FreeRTOS/Source/stream_buffer.c **** /*-----------------------------------------------------------*/
 2167              		.loc 1 1072 1 view .LVU704
 2168 0030 2800     		movs	r0, r5
 2169 0032 05B0     		add	sp, sp, #20
 2170              		@ sp needed
 2171              	.LVL220:
1072:Middlewares/Third_Party/FreeRTOS/Source/stream_buffer.c **** /*-----------------------------------------------------------*/
 2172              		.loc 1 1072 1 view .LVU705
 2173 0034 F0BD     		pop	{r4, r5, r6, r7, pc}
 2174              	.LVL221:
 2175              	.L171:
1052:Middlewares/Third_Party/FreeRTOS/Source/stream_buffer.c **** 
 2176              		.loc 1 1052 9 is_stmt 1 view .LVU706
1052:Middlewares/Third_Party/FreeRTOS/Source/stream_buffer.c **** 
 2177              		.loc 1 1052 27 is_stmt 0 view .LVU707
 2178 0036 3100     		movs	r1, r6
 2179 0038 2000     		movs	r0, r4
 2180              	.LVL222:
1052:Middlewares/Third_Party/FreeRTOS/Source/stream_buffer.c **** 
 2181              		.loc 1 1052 27 view .LVU708
 2182 003a 039A     		ldr	r2, [sp, #12]
 2183 003c FFF7FEFF 		bl	prvReadMessageFromBuffer
 2184              	.LVL223:
1052:Middlewares/Third_Party/FreeRTOS/Source/stream_buffer.c **** 
 2185              		.loc 1 1052 27 view .LVU709
 2186 0040 051E     		subs	r5, r0, #0
 2187              	.LVL224:
1055:Middlewares/Third_Party/FreeRTOS/Source/stream_buffer.c ****         {
ARM GAS  /tmp/ccTWZgXF.s 			page 75


 2188              		.loc 1 1055 9 is_stmt 1 view .LVU710
1055:Middlewares/Third_Party/FreeRTOS/Source/stream_buffer.c ****         {
 2189              		.loc 1 1055 11 is_stmt 0 view .LVU711
 2190 0042 F4D0     		beq	.L173
 2191              	.LBB62:
1057:Middlewares/Third_Party/FreeRTOS/Source/stream_buffer.c ****         }
 2192              		.loc 1 1057 13 is_stmt 1 view .LVU712
1057:Middlewares/Third_Party/FreeRTOS/Source/stream_buffer.c ****         }
 2193              		.loc 1 1057 13 view .LVU713
 2194 0044 FFF7FEFF 		bl	ulSetInterruptMaskFromISR
 2195              	.LVL225:
1057:Middlewares/Third_Party/FreeRTOS/Source/stream_buffer.c ****         }
 2196              		.loc 1 1057 13 is_stmt 0 discriminator 1 view .LVU714
 2197 0048 6369     		ldr	r3, [r4, #20]
1057:Middlewares/Third_Party/FreeRTOS/Source/stream_buffer.c ****         }
 2198              		.loc 1 1057 13 view .LVU715
 2199 004a 0600     		movs	r6, r0
 2200              	.LVL226:
1057:Middlewares/Third_Party/FreeRTOS/Source/stream_buffer.c ****         }
 2201              		.loc 1 1057 13 is_stmt 1 discriminator 1 view .LVU716
 2202 004c 002B     		cmp	r3, #0
 2203 004e 09D0     		beq	.L174
1057:Middlewares/Third_Party/FreeRTOS/Source/stream_buffer.c ****         }
 2204              		.loc 1 1057 13 discriminator 1 view .LVU717
 2205 0050 6069     		ldr	r0, [r4, #20]
 2206              	.LVL227:
1057:Middlewares/Third_Party/FreeRTOS/Source/stream_buffer.c ****         }
 2207              		.loc 1 1057 13 is_stmt 0 discriminator 1 view .LVU718
 2208 0052 0197     		str	r7, [sp, #4]
 2209 0054 0027     		movs	r7, #0
 2210              	.LVL228:
1057:Middlewares/Third_Party/FreeRTOS/Source/stream_buffer.c ****         }
 2211              		.loc 1 1057 13 discriminator 1 view .LVU719
 2212 0056 3B00     		movs	r3, r7
 2213 0058 3A00     		movs	r2, r7
 2214 005a 3900     		movs	r1, r7
 2215 005c 0097     		str	r7, [sp]
 2216 005e FFF7FEFF 		bl	xTaskGenericNotifyFromISR
 2217              	.LVL229:
1057:Middlewares/Third_Party/FreeRTOS/Source/stream_buffer.c ****         }
 2218              		.loc 1 1057 13 is_stmt 1 discriminator 1 view .LVU720
 2219 0062 6761     		str	r7, [r4, #20]
 2220              	.L174:
1057:Middlewares/Third_Party/FreeRTOS/Source/stream_buffer.c ****         }
 2221              		.loc 1 1057 13 discriminator 3 view .LVU721
 2222 0064 3000     		movs	r0, r6
 2223 0066 FFF7FEFF 		bl	vClearInterruptMaskFromISR
 2224              	.LVL230:
 2225              	.LBE62:
1057:Middlewares/Third_Party/FreeRTOS/Source/stream_buffer.c ****         }
 2226              		.loc 1 1057 87 discriminator 1 view .LVU722
1066:Middlewares/Third_Party/FreeRTOS/Source/stream_buffer.c ****     }
 2227              		.loc 1 1066 33 view .LVU723
1069:Middlewares/Third_Party/FreeRTOS/Source/stream_buffer.c **** 
 2228              		.loc 1 1069 74 view .LVU724
1071:Middlewares/Third_Party/FreeRTOS/Source/stream_buffer.c **** }
 2229              		.loc 1 1071 5 view .LVU725
ARM GAS  /tmp/ccTWZgXF.s 			page 76


1071:Middlewares/Third_Party/FreeRTOS/Source/stream_buffer.c **** }
 2230              		.loc 1 1071 12 is_stmt 0 view .LVU726
 2231 006a E1E7     		b	.L166
 2232              		.cfi_endproc
 2233              	.LFE11:
 2235              		.section	.text.xStreamBufferIsEmpty,"ax",%progbits
 2236              		.align	1
 2237              		.global	xStreamBufferIsEmpty
 2238              		.syntax unified
 2239              		.code	16
 2240              		.thumb_func
 2242              	xStreamBufferIsEmpty:
 2243              	.LVL231:
 2244              	.LFB13:
1128:Middlewares/Third_Party/FreeRTOS/Source/stream_buffer.c ****     const StreamBuffer_t * const pxStreamBuffer = xStreamBuffer;
 2245              		.loc 1 1128 1 is_stmt 1 view -0
 2246              		.cfi_startproc
 2247              		@ args = 0, pretend = 0, frame = 0
 2248              		@ frame_needed = 0, uses_anonymous_args = 0
 2249              		@ link register save eliminated.
1129:Middlewares/Third_Party/FreeRTOS/Source/stream_buffer.c ****     BaseType_t xReturn;
 2250              		.loc 1 1129 5 view .LVU728
1130:Middlewares/Third_Party/FreeRTOS/Source/stream_buffer.c ****     size_t xTail;
 2251              		.loc 1 1130 5 view .LVU729
1131:Middlewares/Third_Party/FreeRTOS/Source/stream_buffer.c **** 
 2252              		.loc 1 1131 5 view .LVU730
1133:Middlewares/Third_Party/FreeRTOS/Source/stream_buffer.c **** 
 2253              		.loc 1 1133 5 view .LVU731
 2254 0000 0028     		cmp	r0, #0
 2255 0002 01D1     		bne	.L182
1133:Middlewares/Third_Party/FreeRTOS/Source/stream_buffer.c **** 
 2256              		.loc 1 1133 5 discriminator 1 view .LVU732
 2257              		.syntax divided
 2258              	@ 1133 "Middlewares/Third_Party/FreeRTOS/Source/stream_buffer.c" 1
 2259 0004 72B6     		 cpsid i 
 2260              	@ 0 "" 2
 2261              		.thumb
 2262              		.syntax unified
 2263              	.L183:
1133:Middlewares/Third_Party/FreeRTOS/Source/stream_buffer.c **** 
 2264              		.loc 1 1133 5 discriminator 3 view .LVU733
1133:Middlewares/Third_Party/FreeRTOS/Source/stream_buffer.c **** 
 2265              		.loc 1 1133 5 discriminator 3 view .LVU734
 2266 0006 FEE7     		b	.L183
 2267              	.L182:
1133:Middlewares/Third_Party/FreeRTOS/Source/stream_buffer.c **** 
 2268              		.loc 1 1133 35 discriminator 2 view .LVU735
1136:Middlewares/Third_Party/FreeRTOS/Source/stream_buffer.c **** 
 2269              		.loc 1 1136 5 view .LVU736
1136:Middlewares/Third_Party/FreeRTOS/Source/stream_buffer.c **** 
 2270              		.loc 1 1136 11 is_stmt 0 view .LVU737
 2271 0008 0368     		ldr	r3, [r0]
 2272              	.LVL232:
1138:Middlewares/Third_Party/FreeRTOS/Source/stream_buffer.c ****     {
 2273              		.loc 1 1138 5 is_stmt 1 view .LVU738
1138:Middlewares/Third_Party/FreeRTOS/Source/stream_buffer.c ****     {
 2274              		.loc 1 1138 23 is_stmt 0 view .LVU739
ARM GAS  /tmp/ccTWZgXF.s 			page 77


 2275 000a 4068     		ldr	r0, [r0, #4]
 2276              	.LVL233:
1147:Middlewares/Third_Party/FreeRTOS/Source/stream_buffer.c **** }
 2277              		.loc 1 1147 5 is_stmt 1 view .LVU740
1148:Middlewares/Third_Party/FreeRTOS/Source/stream_buffer.c **** /*-----------------------------------------------------------*/
 2278              		.loc 1 1148 1 is_stmt 0 view .LVU741
 2279              		@ sp needed
1138:Middlewares/Third_Party/FreeRTOS/Source/stream_buffer.c ****     {
 2280              		.loc 1 1138 7 view .LVU742
 2281 000c C01A     		subs	r0, r0, r3
 2282              	.LVL234:
1138:Middlewares/Third_Party/FreeRTOS/Source/stream_buffer.c ****     {
 2283              		.loc 1 1138 7 view .LVU743
 2284 000e 4342     		rsbs	r3, r0, #0
 2285 0010 5841     		adcs	r0, r0, r3
 2286              	.LVL235:
1148:Middlewares/Third_Party/FreeRTOS/Source/stream_buffer.c **** /*-----------------------------------------------------------*/
 2287              		.loc 1 1148 1 view .LVU744
 2288 0012 7047     		bx	lr
 2289              		.cfi_endproc
 2290              	.LFE13:
 2292              		.section	.text.xStreamBufferIsFull,"ax",%progbits
 2293              		.align	1
 2294              		.global	xStreamBufferIsFull
 2295              		.syntax unified
 2296              		.code	16
 2297              		.thumb_func
 2299              	xStreamBufferIsFull:
 2300              	.LVL236:
 2301              	.LFB14:
1152:Middlewares/Third_Party/FreeRTOS/Source/stream_buffer.c ****     BaseType_t xReturn;
 2302              		.loc 1 1152 1 is_stmt 1 view -0
 2303              		.cfi_startproc
 2304              		@ args = 0, pretend = 0, frame = 0
 2305              		@ frame_needed = 0, uses_anonymous_args = 0
1153:Middlewares/Third_Party/FreeRTOS/Source/stream_buffer.c ****     size_t xBytesToStoreMessageLength;
 2306              		.loc 1 1153 5 view .LVU746
1154:Middlewares/Third_Party/FreeRTOS/Source/stream_buffer.c ****     const StreamBuffer_t * const pxStreamBuffer = xStreamBuffer;
 2307              		.loc 1 1154 5 view .LVU747
1155:Middlewares/Third_Party/FreeRTOS/Source/stream_buffer.c **** 
 2308              		.loc 1 1155 5 view .LVU748
1157:Middlewares/Third_Party/FreeRTOS/Source/stream_buffer.c **** 
 2309              		.loc 1 1157 5 view .LVU749
1152:Middlewares/Third_Party/FreeRTOS/Source/stream_buffer.c ****     BaseType_t xReturn;
 2310              		.loc 1 1152 1 is_stmt 0 view .LVU750
 2311 0000 10B5     		push	{r4, lr}
 2312              		.cfi_def_cfa_offset 8
 2313              		.cfi_offset 4, -8
 2314              		.cfi_offset 14, -4
1157:Middlewares/Third_Party/FreeRTOS/Source/stream_buffer.c **** 
 2315              		.loc 1 1157 5 view .LVU751
 2316 0002 0028     		cmp	r0, #0
 2317 0004 01D1     		bne	.L185
1157:Middlewares/Third_Party/FreeRTOS/Source/stream_buffer.c **** 
 2318              		.loc 1 1157 5 is_stmt 1 discriminator 1 view .LVU752
 2319              		.syntax divided
 2320              	@ 1157 "Middlewares/Third_Party/FreeRTOS/Source/stream_buffer.c" 1
ARM GAS  /tmp/ccTWZgXF.s 			page 78


 2321 0006 72B6     		 cpsid i 
 2322              	@ 0 "" 2
 2323              		.thumb
 2324              		.syntax unified
 2325              	.L186:
1157:Middlewares/Third_Party/FreeRTOS/Source/stream_buffer.c **** 
 2326              		.loc 1 1157 5 discriminator 3 view .LVU753
1157:Middlewares/Third_Party/FreeRTOS/Source/stream_buffer.c **** 
 2327              		.loc 1 1157 5 discriminator 3 view .LVU754
 2328 0008 FEE7     		b	.L186
 2329              	.L185:
1157:Middlewares/Third_Party/FreeRTOS/Source/stream_buffer.c **** 
 2330              		.loc 1 1157 35 discriminator 2 view .LVU755
1163:Middlewares/Third_Party/FreeRTOS/Source/stream_buffer.c ****     {
 2331              		.loc 1 1163 5 view .LVU756
1163:Middlewares/Third_Party/FreeRTOS/Source/stream_buffer.c ****     {
 2332              		.loc 1 1163 7 is_stmt 0 view .LVU757
 2333 000a 0123     		movs	r3, #1
1183:Middlewares/Third_Party/FreeRTOS/Source/stream_buffer.c **** /*-----------------------------------------------------------*/
 2334              		.loc 1 1183 1 view .LVU758
 2335              		@ sp needed
1163:Middlewares/Third_Party/FreeRTOS/Source/stream_buffer.c ****     {
 2336              		.loc 1 1163 7 view .LVU759
 2337 000c 047F     		ldrb	r4, [r0, #28]
 2338 000e 1C40     		ands	r4, r3
1173:Middlewares/Third_Party/FreeRTOS/Source/stream_buffer.c ****     {
 2339              		.loc 1 1173 9 view .LVU760
 2340 0010 FFF7FEFF 		bl	xStreamBufferSpacesAvailable
 2341              	.LVL237:
1173:Middlewares/Third_Party/FreeRTOS/Source/stream_buffer.c ****     {
 2342              		.loc 1 1173 9 view .LVU761
 2343 0014 0300     		movs	r3, r0
1173:Middlewares/Third_Party/FreeRTOS/Source/stream_buffer.c ****     {
 2344              		.loc 1 1173 7 discriminator 1 view .LVU762
 2345 0016 0020     		movs	r0, #0
1163:Middlewares/Third_Party/FreeRTOS/Source/stream_buffer.c ****     {
 2346              		.loc 1 1163 7 view .LVU763
 2347 0018 A400     		lsls	r4, r4, #2
 2348              	.LVL238:
1173:Middlewares/Third_Party/FreeRTOS/Source/stream_buffer.c ****     {
 2349              		.loc 1 1173 5 is_stmt 1 view .LVU764
1182:Middlewares/Third_Party/FreeRTOS/Source/stream_buffer.c **** }
 2350              		.loc 1 1182 5 view .LVU765
1173:Middlewares/Third_Party/FreeRTOS/Source/stream_buffer.c ****     {
 2351              		.loc 1 1173 7 is_stmt 0 discriminator 1 view .LVU766
 2352 001a 9C42     		cmp	r4, r3
 2353 001c 4041     		adcs	r0, r0, r0
 2354              	.LVL239:
1183:Middlewares/Third_Party/FreeRTOS/Source/stream_buffer.c **** /*-----------------------------------------------------------*/
 2355              		.loc 1 1183 1 view .LVU767
 2356 001e 10BD     		pop	{r4, pc}
 2357              		.cfi_endproc
 2358              	.LFE14:
 2360              		.section	.text.xStreamBufferSendCompletedFromISR,"ax",%progbits
 2361              		.align	1
 2362              		.global	xStreamBufferSendCompletedFromISR
 2363              		.syntax unified
ARM GAS  /tmp/ccTWZgXF.s 			page 79


 2364              		.code	16
 2365              		.thumb_func
 2367              	xStreamBufferSendCompletedFromISR:
 2368              	.LVL240:
 2369              	.LFB15:
1188:Middlewares/Third_Party/FreeRTOS/Source/stream_buffer.c ****     StreamBuffer_t * const pxStreamBuffer = xStreamBuffer;
 2370              		.loc 1 1188 1 is_stmt 1 view -0
 2371              		.cfi_startproc
 2372              		@ args = 0, pretend = 0, frame = 0
 2373              		@ frame_needed = 0, uses_anonymous_args = 0
1189:Middlewares/Third_Party/FreeRTOS/Source/stream_buffer.c ****     BaseType_t xReturn;
 2374              		.loc 1 1189 5 view .LVU769
1190:Middlewares/Third_Party/FreeRTOS/Source/stream_buffer.c ****     UBaseType_t uxSavedInterruptStatus;
 2375              		.loc 1 1190 5 view .LVU770
1191:Middlewares/Third_Party/FreeRTOS/Source/stream_buffer.c **** 
 2376              		.loc 1 1191 5 view .LVU771
1193:Middlewares/Third_Party/FreeRTOS/Source/stream_buffer.c **** 
 2377              		.loc 1 1193 5 view .LVU772
1188:Middlewares/Third_Party/FreeRTOS/Source/stream_buffer.c ****     StreamBuffer_t * const pxStreamBuffer = xStreamBuffer;
 2378              		.loc 1 1188 1 is_stmt 0 view .LVU773
 2379 0000 F7B5     		push	{r0, r1, r2, r4, r5, r6, r7, lr}
 2380              		.cfi_def_cfa_offset 32
 2381              		.cfi_offset 0, -32
 2382              		.cfi_offset 1, -28
 2383              		.cfi_offset 2, -24
 2384              		.cfi_offset 4, -20
 2385              		.cfi_offset 5, -16
 2386              		.cfi_offset 6, -12
 2387              		.cfi_offset 7, -8
 2388              		.cfi_offset 14, -4
1188:Middlewares/Third_Party/FreeRTOS/Source/stream_buffer.c ****     StreamBuffer_t * const pxStreamBuffer = xStreamBuffer;
 2389              		.loc 1 1188 1 view .LVU774
 2390 0002 0500     		movs	r5, r0
 2391 0004 0F00     		movs	r7, r1
1193:Middlewares/Third_Party/FreeRTOS/Source/stream_buffer.c **** 
 2392              		.loc 1 1193 5 view .LVU775
 2393 0006 0028     		cmp	r0, #0
 2394 0008 01D1     		bne	.L188
1193:Middlewares/Third_Party/FreeRTOS/Source/stream_buffer.c **** 
 2395              		.loc 1 1193 5 is_stmt 1 discriminator 1 view .LVU776
 2396              		.syntax divided
 2397              	@ 1193 "Middlewares/Third_Party/FreeRTOS/Source/stream_buffer.c" 1
 2398 000a 72B6     		 cpsid i 
 2399              	@ 0 "" 2
 2400              		.thumb
 2401              		.syntax unified
 2402              	.L189:
1193:Middlewares/Third_Party/FreeRTOS/Source/stream_buffer.c **** 
 2403              		.loc 1 1193 5 discriminator 3 view .LVU777
1193:Middlewares/Third_Party/FreeRTOS/Source/stream_buffer.c **** 
 2404              		.loc 1 1193 5 discriminator 3 view .LVU778
 2405 000c FEE7     		b	.L189
 2406              	.L188:
1193:Middlewares/Third_Party/FreeRTOS/Source/stream_buffer.c **** 
 2407              		.loc 1 1193 35 discriminator 2 view .LVU779
1195:Middlewares/Third_Party/FreeRTOS/Source/stream_buffer.c ****     {
 2408              		.loc 1 1195 5 view .LVU780
ARM GAS  /tmp/ccTWZgXF.s 			page 80


1195:Middlewares/Third_Party/FreeRTOS/Source/stream_buffer.c ****     {
 2409              		.loc 1 1195 46 is_stmt 0 view .LVU781
 2410 000e FFF7FEFF 		bl	ulSetInterruptMaskFromISR
 2411              	.LVL241:
1195:Middlewares/Third_Party/FreeRTOS/Source/stream_buffer.c ****     {
 2412              		.loc 1 1195 46 view .LVU782
 2413 0012 0024     		movs	r4, #0
1197:Middlewares/Third_Party/FreeRTOS/Source/stream_buffer.c ****         {
 2414              		.loc 1 1197 31 view .LVU783
 2415 0014 2B69     		ldr	r3, [r5, #16]
1195:Middlewares/Third_Party/FreeRTOS/Source/stream_buffer.c ****     {
 2416              		.loc 1 1195 46 view .LVU784
 2417 0016 0600     		movs	r6, r0
 2418              	.LVL242:
1197:Middlewares/Third_Party/FreeRTOS/Source/stream_buffer.c ****         {
 2419              		.loc 1 1197 9 is_stmt 1 view .LVU785
1197:Middlewares/Third_Party/FreeRTOS/Source/stream_buffer.c ****         {
 2420              		.loc 1 1197 11 is_stmt 0 view .LVU786
 2421 0018 A342     		cmp	r3, r4
 2422 001a 09D0     		beq	.L190
1199:Middlewares/Third_Party/FreeRTOS/Source/stream_buffer.c ****                                          ( uint32_t ) 0,
 2423              		.loc 1 1199 13 is_stmt 1 view .LVU787
1199:Middlewares/Third_Party/FreeRTOS/Source/stream_buffer.c ****                                          ( uint32_t ) 0,
 2424              		.loc 1 1199 22 is_stmt 0 view .LVU788
 2425 001c 2869     		ldr	r0, [r5, #16]
 2426              	.LVL243:
1199:Middlewares/Third_Party/FreeRTOS/Source/stream_buffer.c ****                                          ( uint32_t ) 0,
 2427              		.loc 1 1199 22 view .LVU789
 2428 001e 2300     		movs	r3, r4
 2429 0020 2200     		movs	r2, r4
 2430 0022 2100     		movs	r1, r4
 2431 0024 0094     		str	r4, [sp]
 2432 0026 0197     		str	r7, [sp, #4]
 2433 0028 FFF7FEFF 		bl	xTaskGenericNotifyFromISR
 2434              	.LVL244:
1203:Middlewares/Third_Party/FreeRTOS/Source/stream_buffer.c ****             xReturn = pdTRUE;
 2435              		.loc 1 1203 13 is_stmt 1 view .LVU790
1203:Middlewares/Third_Party/FreeRTOS/Source/stream_buffer.c ****             xReturn = pdTRUE;
 2436              		.loc 1 1203 55 is_stmt 0 view .LVU791
 2437 002c 2C61     		str	r4, [r5, #16]
1204:Middlewares/Third_Party/FreeRTOS/Source/stream_buffer.c ****         }
 2438              		.loc 1 1204 13 is_stmt 1 view .LVU792
 2439              	.LVL245:
1204:Middlewares/Third_Party/FreeRTOS/Source/stream_buffer.c ****         }
 2440              		.loc 1 1204 21 is_stmt 0 view .LVU793
 2441 002e 0134     		adds	r4, r4, #1
 2442              	.LVL246:
 2443              	.L190:
1211:Middlewares/Third_Party/FreeRTOS/Source/stream_buffer.c **** 
 2444              		.loc 1 1211 5 is_stmt 1 view .LVU794
 2445 0030 3000     		movs	r0, r6
1214:Middlewares/Third_Party/FreeRTOS/Source/stream_buffer.c **** /*-----------------------------------------------------------*/
 2446              		.loc 1 1214 1 is_stmt 0 view .LVU795
 2447              		@ sp needed
1211:Middlewares/Third_Party/FreeRTOS/Source/stream_buffer.c **** 
 2448              		.loc 1 1211 5 view .LVU796
 2449 0032 FFF7FEFF 		bl	vClearInterruptMaskFromISR
ARM GAS  /tmp/ccTWZgXF.s 			page 81


 2450              	.LVL247:
1213:Middlewares/Third_Party/FreeRTOS/Source/stream_buffer.c **** }
 2451              		.loc 1 1213 5 is_stmt 1 view .LVU797
1214:Middlewares/Third_Party/FreeRTOS/Source/stream_buffer.c **** /*-----------------------------------------------------------*/
 2452              		.loc 1 1214 1 is_stmt 0 view .LVU798
 2453 0036 2000     		movs	r0, r4
 2454              	.LVL248:
 2455              	.LVL249:
 2456              	.LVL250:
 2457              	.LVL251:
1214:Middlewares/Third_Party/FreeRTOS/Source/stream_buffer.c **** /*-----------------------------------------------------------*/
 2458              		.loc 1 1214 1 view .LVU799
 2459 0038 FEBD     		pop	{r1, r2, r3, r4, r5, r6, r7, pc}
 2460              		.cfi_endproc
 2461              	.LFE15:
 2463              		.section	.text.xStreamBufferReceiveCompletedFromISR,"ax",%progbits
 2464              		.align	1
 2465              		.global	xStreamBufferReceiveCompletedFromISR
 2466              		.syntax unified
 2467              		.code	16
 2468              		.thumb_func
 2470              	xStreamBufferReceiveCompletedFromISR:
 2471              	.LVL252:
 2472              	.LFB16:
1219:Middlewares/Third_Party/FreeRTOS/Source/stream_buffer.c ****     StreamBuffer_t * const pxStreamBuffer = xStreamBuffer;
 2473              		.loc 1 1219 1 is_stmt 1 view -0
 2474              		.cfi_startproc
 2475              		@ args = 0, pretend = 0, frame = 0
 2476              		@ frame_needed = 0, uses_anonymous_args = 0
1220:Middlewares/Third_Party/FreeRTOS/Source/stream_buffer.c ****     BaseType_t xReturn;
 2477              		.loc 1 1220 5 view .LVU801
1221:Middlewares/Third_Party/FreeRTOS/Source/stream_buffer.c ****     UBaseType_t uxSavedInterruptStatus;
 2478              		.loc 1 1221 5 view .LVU802
1222:Middlewares/Third_Party/FreeRTOS/Source/stream_buffer.c **** 
 2479              		.loc 1 1222 5 view .LVU803
1224:Middlewares/Third_Party/FreeRTOS/Source/stream_buffer.c **** 
 2480              		.loc 1 1224 5 view .LVU804
1219:Middlewares/Third_Party/FreeRTOS/Source/stream_buffer.c ****     StreamBuffer_t * const pxStreamBuffer = xStreamBuffer;
 2481              		.loc 1 1219 1 is_stmt 0 view .LVU805
 2482 0000 F7B5     		push	{r0, r1, r2, r4, r5, r6, r7, lr}
 2483              		.cfi_def_cfa_offset 32
 2484              		.cfi_offset 0, -32
 2485              		.cfi_offset 1, -28
 2486              		.cfi_offset 2, -24
 2487              		.cfi_offset 4, -20
 2488              		.cfi_offset 5, -16
 2489              		.cfi_offset 6, -12
 2490              		.cfi_offset 7, -8
 2491              		.cfi_offset 14, -4
1219:Middlewares/Third_Party/FreeRTOS/Source/stream_buffer.c ****     StreamBuffer_t * const pxStreamBuffer = xStreamBuffer;
 2492              		.loc 1 1219 1 view .LVU806
 2493 0002 0500     		movs	r5, r0
 2494 0004 0F00     		movs	r7, r1
1224:Middlewares/Third_Party/FreeRTOS/Source/stream_buffer.c **** 
 2495              		.loc 1 1224 5 view .LVU807
 2496 0006 0028     		cmp	r0, #0
 2497 0008 01D1     		bne	.L194
ARM GAS  /tmp/ccTWZgXF.s 			page 82


1224:Middlewares/Third_Party/FreeRTOS/Source/stream_buffer.c **** 
 2498              		.loc 1 1224 5 is_stmt 1 discriminator 1 view .LVU808
 2499              		.syntax divided
 2500              	@ 1224 "Middlewares/Third_Party/FreeRTOS/Source/stream_buffer.c" 1
 2501 000a 72B6     		 cpsid i 
 2502              	@ 0 "" 2
 2503              		.thumb
 2504              		.syntax unified
 2505              	.L195:
1224:Middlewares/Third_Party/FreeRTOS/Source/stream_buffer.c **** 
 2506              		.loc 1 1224 5 discriminator 3 view .LVU809
1224:Middlewares/Third_Party/FreeRTOS/Source/stream_buffer.c **** 
 2507              		.loc 1 1224 5 discriminator 3 view .LVU810
 2508 000c FEE7     		b	.L195
 2509              	.L194:
1224:Middlewares/Third_Party/FreeRTOS/Source/stream_buffer.c **** 
 2510              		.loc 1 1224 35 discriminator 2 view .LVU811
1226:Middlewares/Third_Party/FreeRTOS/Source/stream_buffer.c ****     {
 2511              		.loc 1 1226 5 view .LVU812
1226:Middlewares/Third_Party/FreeRTOS/Source/stream_buffer.c ****     {
 2512              		.loc 1 1226 46 is_stmt 0 view .LVU813
 2513 000e FFF7FEFF 		bl	ulSetInterruptMaskFromISR
 2514              	.LVL253:
1226:Middlewares/Third_Party/FreeRTOS/Source/stream_buffer.c ****     {
 2515              		.loc 1 1226 46 view .LVU814
 2516 0012 0024     		movs	r4, #0
1228:Middlewares/Third_Party/FreeRTOS/Source/stream_buffer.c ****         {
 2517              		.loc 1 1228 31 view .LVU815
 2518 0014 6B69     		ldr	r3, [r5, #20]
1226:Middlewares/Third_Party/FreeRTOS/Source/stream_buffer.c ****     {
 2519              		.loc 1 1226 46 view .LVU816
 2520 0016 0600     		movs	r6, r0
 2521              	.LVL254:
1228:Middlewares/Third_Party/FreeRTOS/Source/stream_buffer.c ****         {
 2522              		.loc 1 1228 9 is_stmt 1 view .LVU817
1228:Middlewares/Third_Party/FreeRTOS/Source/stream_buffer.c ****         {
 2523              		.loc 1 1228 11 is_stmt 0 view .LVU818
 2524 0018 A342     		cmp	r3, r4
 2525 001a 09D0     		beq	.L196
1230:Middlewares/Third_Party/FreeRTOS/Source/stream_buffer.c ****                                          ( uint32_t ) 0,
 2526              		.loc 1 1230 13 is_stmt 1 view .LVU819
1230:Middlewares/Third_Party/FreeRTOS/Source/stream_buffer.c ****                                          ( uint32_t ) 0,
 2527              		.loc 1 1230 22 is_stmt 0 view .LVU820
 2528 001c 6869     		ldr	r0, [r5, #20]
 2529              	.LVL255:
1230:Middlewares/Third_Party/FreeRTOS/Source/stream_buffer.c ****                                          ( uint32_t ) 0,
 2530              		.loc 1 1230 22 view .LVU821
 2531 001e 2300     		movs	r3, r4
 2532 0020 2200     		movs	r2, r4
 2533 0022 2100     		movs	r1, r4
 2534 0024 0094     		str	r4, [sp]
 2535 0026 0197     		str	r7, [sp, #4]
 2536 0028 FFF7FEFF 		bl	xTaskGenericNotifyFromISR
 2537              	.LVL256:
1234:Middlewares/Third_Party/FreeRTOS/Source/stream_buffer.c ****             xReturn = pdTRUE;
 2538              		.loc 1 1234 13 is_stmt 1 view .LVU822
1234:Middlewares/Third_Party/FreeRTOS/Source/stream_buffer.c ****             xReturn = pdTRUE;
ARM GAS  /tmp/ccTWZgXF.s 			page 83


 2539              		.loc 1 1234 52 is_stmt 0 view .LVU823
 2540 002c 6C61     		str	r4, [r5, #20]
1235:Middlewares/Third_Party/FreeRTOS/Source/stream_buffer.c ****         }
 2541              		.loc 1 1235 13 is_stmt 1 view .LVU824
 2542              	.LVL257:
1235:Middlewares/Third_Party/FreeRTOS/Source/stream_buffer.c ****         }
 2543              		.loc 1 1235 21 is_stmt 0 view .LVU825
 2544 002e 0134     		adds	r4, r4, #1
 2545              	.LVL258:
 2546              	.L196:
1242:Middlewares/Third_Party/FreeRTOS/Source/stream_buffer.c **** 
 2547              		.loc 1 1242 5 is_stmt 1 view .LVU826
 2548 0030 3000     		movs	r0, r6
1245:Middlewares/Third_Party/FreeRTOS/Source/stream_buffer.c **** /*-----------------------------------------------------------*/
 2549              		.loc 1 1245 1 is_stmt 0 view .LVU827
 2550              		@ sp needed
1242:Middlewares/Third_Party/FreeRTOS/Source/stream_buffer.c **** 
 2551              		.loc 1 1242 5 view .LVU828
 2552 0032 FFF7FEFF 		bl	vClearInterruptMaskFromISR
 2553              	.LVL259:
1244:Middlewares/Third_Party/FreeRTOS/Source/stream_buffer.c **** }
 2554              		.loc 1 1244 5 is_stmt 1 view .LVU829
1245:Middlewares/Third_Party/FreeRTOS/Source/stream_buffer.c **** /*-----------------------------------------------------------*/
 2555              		.loc 1 1245 1 is_stmt 0 view .LVU830
 2556 0036 2000     		movs	r0, r4
 2557              	.LVL260:
 2558              	.LVL261:
 2559              	.LVL262:
 2560              	.LVL263:
1245:Middlewares/Third_Party/FreeRTOS/Source/stream_buffer.c **** /*-----------------------------------------------------------*/
 2561              		.loc 1 1245 1 view .LVU831
 2562 0038 FEBD     		pop	{r1, r2, r3, r4, r5, r6, r7, pc}
 2563              		.cfi_endproc
 2564              	.LFE16:
 2566              		.section	.text.uxStreamBufferGetStreamBufferNumber,"ax",%progbits
 2567              		.align	1
 2568              		.global	uxStreamBufferGetStreamBufferNumber
 2569              		.syntax unified
 2570              		.code	16
 2571              		.thumb_func
 2573              	uxStreamBufferGetStreamBufferNumber:
 2574              	.LVL264:
 2575              	.LFB21:
1394:Middlewares/Third_Party/FreeRTOS/Source/stream_buffer.c ****     }
1395:Middlewares/Third_Party/FreeRTOS/Source/stream_buffer.c ****     #endif
1396:Middlewares/Third_Party/FreeRTOS/Source/stream_buffer.c **** }
1397:Middlewares/Third_Party/FreeRTOS/Source/stream_buffer.c **** 
1398:Middlewares/Third_Party/FreeRTOS/Source/stream_buffer.c **** #if ( configUSE_TRACE_FACILITY == 1 )
1399:Middlewares/Third_Party/FreeRTOS/Source/stream_buffer.c **** 
1400:Middlewares/Third_Party/FreeRTOS/Source/stream_buffer.c ****     UBaseType_t uxStreamBufferGetStreamBufferNumber( StreamBufferHandle_t xStreamBuffer )
1401:Middlewares/Third_Party/FreeRTOS/Source/stream_buffer.c ****     {
 2576              		.loc 1 1401 5 is_stmt 1 view -0
 2577              		.cfi_startproc
 2578              		@ args = 0, pretend = 0, frame = 0
 2579              		@ frame_needed = 0, uses_anonymous_args = 0
 2580              		@ link register save eliminated.
1402:Middlewares/Third_Party/FreeRTOS/Source/stream_buffer.c ****         return xStreamBuffer->uxStreamBufferNumber;
ARM GAS  /tmp/ccTWZgXF.s 			page 84


 2581              		.loc 1 1402 9 view .LVU833
 2582              		.loc 1 1402 29 is_stmt 0 discriminator 1 view .LVU834
 2583 0000 006A     		ldr	r0, [r0, #32]
 2584              	.LVL265:
1403:Middlewares/Third_Party/FreeRTOS/Source/stream_buffer.c ****     }
 2585              		.loc 1 1403 5 view .LVU835
 2586              		@ sp needed
 2587 0002 7047     		bx	lr
 2588              		.cfi_endproc
 2589              	.LFE21:
 2591              		.section	.text.vStreamBufferSetStreamBufferNumber,"ax",%progbits
 2592              		.align	1
 2593              		.global	vStreamBufferSetStreamBufferNumber
 2594              		.syntax unified
 2595              		.code	16
 2596              		.thumb_func
 2598              	vStreamBufferSetStreamBufferNumber:
 2599              	.LVL266:
 2600              	.LFB22:
1404:Middlewares/Third_Party/FreeRTOS/Source/stream_buffer.c **** 
1405:Middlewares/Third_Party/FreeRTOS/Source/stream_buffer.c **** #endif /* configUSE_TRACE_FACILITY */
1406:Middlewares/Third_Party/FreeRTOS/Source/stream_buffer.c **** /*-----------------------------------------------------------*/
1407:Middlewares/Third_Party/FreeRTOS/Source/stream_buffer.c **** 
1408:Middlewares/Third_Party/FreeRTOS/Source/stream_buffer.c **** #if ( configUSE_TRACE_FACILITY == 1 )
1409:Middlewares/Third_Party/FreeRTOS/Source/stream_buffer.c **** 
1410:Middlewares/Third_Party/FreeRTOS/Source/stream_buffer.c ****     void vStreamBufferSetStreamBufferNumber( StreamBufferHandle_t xStreamBuffer,
1411:Middlewares/Third_Party/FreeRTOS/Source/stream_buffer.c ****                                              UBaseType_t uxStreamBufferNumber )
1412:Middlewares/Third_Party/FreeRTOS/Source/stream_buffer.c ****     {
 2601              		.loc 1 1412 5 is_stmt 1 view -0
 2602              		.cfi_startproc
 2603              		@ args = 0, pretend = 0, frame = 0
 2604              		@ frame_needed = 0, uses_anonymous_args = 0
 2605              		@ link register save eliminated.
1413:Middlewares/Third_Party/FreeRTOS/Source/stream_buffer.c ****         xStreamBuffer->uxStreamBufferNumber = uxStreamBufferNumber;
 2606              		.loc 1 1413 9 view .LVU837
 2607              		.loc 1 1413 45 is_stmt 0 view .LVU838
 2608 0000 0162     		str	r1, [r0, #32]
1414:Middlewares/Third_Party/FreeRTOS/Source/stream_buffer.c ****     }
 2609              		.loc 1 1414 5 view .LVU839
 2610              		@ sp needed
 2611 0002 7047     		bx	lr
 2612              		.cfi_endproc
 2613              	.LFE22:
 2615              		.section	.text.ucStreamBufferGetStreamBufferType,"ax",%progbits
 2616              		.align	1
 2617              		.global	ucStreamBufferGetStreamBufferType
 2618              		.syntax unified
 2619              		.code	16
 2620              		.thumb_func
 2622              	ucStreamBufferGetStreamBufferType:
 2623              	.LVL267:
 2624              	.LFB23:
1415:Middlewares/Third_Party/FreeRTOS/Source/stream_buffer.c **** 
1416:Middlewares/Third_Party/FreeRTOS/Source/stream_buffer.c **** #endif /* configUSE_TRACE_FACILITY */
1417:Middlewares/Third_Party/FreeRTOS/Source/stream_buffer.c **** /*-----------------------------------------------------------*/
1418:Middlewares/Third_Party/FreeRTOS/Source/stream_buffer.c **** 
1419:Middlewares/Third_Party/FreeRTOS/Source/stream_buffer.c **** #if ( configUSE_TRACE_FACILITY == 1 )
ARM GAS  /tmp/ccTWZgXF.s 			page 85


1420:Middlewares/Third_Party/FreeRTOS/Source/stream_buffer.c **** 
1421:Middlewares/Third_Party/FreeRTOS/Source/stream_buffer.c ****     uint8_t ucStreamBufferGetStreamBufferType( StreamBufferHandle_t xStreamBuffer )
1422:Middlewares/Third_Party/FreeRTOS/Source/stream_buffer.c ****     {
 2625              		.loc 1 1422 5 is_stmt 1 view -0
 2626              		.cfi_startproc
 2627              		@ args = 0, pretend = 0, frame = 0
 2628              		@ frame_needed = 0, uses_anonymous_args = 0
 2629              		@ link register save eliminated.
1423:Middlewares/Third_Party/FreeRTOS/Source/stream_buffer.c ****         return( xStreamBuffer->ucFlags & sbFLAGS_IS_MESSAGE_BUFFER );
 2630              		.loc 1 1423 9 view .LVU841
 2631              		.loc 1 1423 40 is_stmt 0 discriminator 1 view .LVU842
 2632 0000 0123     		movs	r3, #1
1424:Middlewares/Third_Party/FreeRTOS/Source/stream_buffer.c ****     }
 2633              		.loc 1 1424 5 view .LVU843
 2634              		@ sp needed
1423:Middlewares/Third_Party/FreeRTOS/Source/stream_buffer.c ****         return( xStreamBuffer->ucFlags & sbFLAGS_IS_MESSAGE_BUFFER );
 2635              		.loc 1 1423 40 view .LVU844
 2636 0002 007F     		ldrb	r0, [r0, #28]
 2637              	.LVL268:
1423:Middlewares/Third_Party/FreeRTOS/Source/stream_buffer.c ****         return( xStreamBuffer->ucFlags & sbFLAGS_IS_MESSAGE_BUFFER );
 2638              		.loc 1 1423 40 discriminator 1 view .LVU845
 2639 0004 1840     		ands	r0, r3
 2640              		.loc 1 1424 5 view .LVU846
 2641 0006 7047     		bx	lr
 2642              		.cfi_endproc
 2643              	.LFE23:
 2645              		.text
 2646              	.Letext0:
 2647              		.file 2 "/usr/lib/gcc/arm-none-eabi/13.2.1/include/stdint.h"
 2648              		.file 3 "/usr/lib/gcc/arm-none-eabi/13.2.1/include/stddef.h"
 2649              		.file 4 "Middlewares/Third_Party/FreeRTOS/Source/portable/GCC/ARM_CM0/portmacro.h"
 2650              		.file 5 "Middlewares/Third_Party/FreeRTOS/Source/include/task.h"
 2651              		.file 6 "Middlewares/Third_Party/FreeRTOS/Source/include/stream_buffer.h"
 2652              		.file 7 "/usr/include/newlib/string.h"
 2653              		.file 8 "Middlewares/Third_Party/FreeRTOS/Source/include/portable.h"
 2654              		.file 9 "<built-in>"
ARM GAS  /tmp/ccTWZgXF.s 			page 86


DEFINED SYMBOLS
                            *ABS*:00000000 stream_buffer.c
     /tmp/ccTWZgXF.s:19     .text.prvBytesInBuffer:00000000 $t
     /tmp/ccTWZgXF.s:24     .text.prvBytesInBuffer:00000000 prvBytesInBuffer
     /tmp/ccTWZgXF.s:66     .text.prvWriteBytesToBuffer.part.0:00000000 $t
     /tmp/ccTWZgXF.s:71     .text.prvWriteBytesToBuffer.part.0:00000000 prvWriteBytesToBuffer.part.0
     /tmp/ccTWZgXF.s:202    .text.prvWriteMessageToBuffer:00000000 $t
     /tmp/ccTWZgXF.s:207    .text.prvWriteMessageToBuffer:00000000 prvWriteMessageToBuffer
     /tmp/ccTWZgXF.s:334    .text.prvReadBytesFromBuffer.part.0:00000000 $t
     /tmp/ccTWZgXF.s:339    .text.prvReadBytesFromBuffer.part.0:00000000 prvReadBytesFromBuffer.part.0
     /tmp/ccTWZgXF.s:454    .text.prvReadMessageFromBuffer:00000000 $t
     /tmp/ccTWZgXF.s:459    .text.prvReadMessageFromBuffer:00000000 prvReadMessageFromBuffer
     /tmp/ccTWZgXF.s:585    .text.xStreamBufferGenericCreate:00000000 $t
     /tmp/ccTWZgXF.s:591    .text.xStreamBufferGenericCreate:00000000 xStreamBufferGenericCreate
     /tmp/ccTWZgXF.s:805    .text.vStreamBufferDelete:00000000 $t
     /tmp/ccTWZgXF.s:811    .text.vStreamBufferDelete:00000000 vStreamBufferDelete
     /tmp/ccTWZgXF.s:868    .text.xStreamBufferReset:00000000 $t
     /tmp/ccTWZgXF.s:874    .text.xStreamBufferReset:00000000 xStreamBufferReset
     /tmp/ccTWZgXF.s:1045   .text.xStreamBufferSetTriggerLevel:00000000 $t
     /tmp/ccTWZgXF.s:1051   .text.xStreamBufferSetTriggerLevel:00000000 xStreamBufferSetTriggerLevel
     /tmp/ccTWZgXF.s:1110   .text.xStreamBufferSpacesAvailable:00000000 $t
     /tmp/ccTWZgXF.s:1116   .text.xStreamBufferSpacesAvailable:00000000 xStreamBufferSpacesAvailable
     /tmp/ccTWZgXF.s:1206   .text.xStreamBufferBytesAvailable:00000000 $t
     /tmp/ccTWZgXF.s:1212   .text.xStreamBufferBytesAvailable:00000000 xStreamBufferBytesAvailable
     /tmp/ccTWZgXF.s:1255   .text.xStreamBufferSend:00000000 $t
     /tmp/ccTWZgXF.s:1261   .text.xStreamBufferSend:00000000 xStreamBufferSend
     /tmp/ccTWZgXF.s:1560   .text.xStreamBufferSendFromISR:00000000 $t
     /tmp/ccTWZgXF.s:1566   .text.xStreamBufferSendFromISR:00000000 xStreamBufferSendFromISR
     /tmp/ccTWZgXF.s:1730   .text.xStreamBufferReceive:00000000 $t
     /tmp/ccTWZgXF.s:1736   .text.xStreamBufferReceive:00000000 xStreamBufferReceive
     /tmp/ccTWZgXF.s:1958   .text.xStreamBufferNextMessageLengthBytes:00000000 $t
     /tmp/ccTWZgXF.s:1964   .text.xStreamBufferNextMessageLengthBytes:00000000 xStreamBufferNextMessageLengthBytes
     /tmp/ccTWZgXF.s:2077   .text.xStreamBufferReceiveFromISR:00000000 $t
     /tmp/ccTWZgXF.s:2083   .text.xStreamBufferReceiveFromISR:00000000 xStreamBufferReceiveFromISR
     /tmp/ccTWZgXF.s:2236   .text.xStreamBufferIsEmpty:00000000 $t
     /tmp/ccTWZgXF.s:2242   .text.xStreamBufferIsEmpty:00000000 xStreamBufferIsEmpty
     /tmp/ccTWZgXF.s:2293   .text.xStreamBufferIsFull:00000000 $t
     /tmp/ccTWZgXF.s:2299   .text.xStreamBufferIsFull:00000000 xStreamBufferIsFull
     /tmp/ccTWZgXF.s:2361   .text.xStreamBufferSendCompletedFromISR:00000000 $t
     /tmp/ccTWZgXF.s:2367   .text.xStreamBufferSendCompletedFromISR:00000000 xStreamBufferSendCompletedFromISR
     /tmp/ccTWZgXF.s:2464   .text.xStreamBufferReceiveCompletedFromISR:00000000 $t
     /tmp/ccTWZgXF.s:2470   .text.xStreamBufferReceiveCompletedFromISR:00000000 xStreamBufferReceiveCompletedFromISR
     /tmp/ccTWZgXF.s:2567   .text.uxStreamBufferGetStreamBufferNumber:00000000 $t
     /tmp/ccTWZgXF.s:2573   .text.uxStreamBufferGetStreamBufferNumber:00000000 uxStreamBufferGetStreamBufferNumber
     /tmp/ccTWZgXF.s:2592   .text.vStreamBufferSetStreamBufferNumber:00000000 $t
     /tmp/ccTWZgXF.s:2598   .text.vStreamBufferSetStreamBufferNumber:00000000 vStreamBufferSetStreamBufferNumber
     /tmp/ccTWZgXF.s:2616   .text.ucStreamBufferGetStreamBufferType:00000000 $t
     /tmp/ccTWZgXF.s:2622   .text.ucStreamBufferGetStreamBufferType:00000000 ucStreamBufferGetStreamBufferType
                           .group:00000000 wm4.0.1a22b6a18e233ac4483d4e03a6014323
                           .group:00000000 wm4.stdint.h.29.6d480f4ba0f60596e88234283d42444f
                           .group:00000000 wm4._newlib_version.h.4.411db44ea2338a62eca2f0777f81481b
                           .group:00000000 wm4.newlib.h.27.07bf1b8b16da454ae07478107717878b
                           .group:00000000 wm4.ieeefp.h.77.fbf6f2f498a71d39a0aaf172d6680419
                           .group:00000000 wm4.features.h.22.4e5514d51694f64cae235f84d9e565a5
                           .group:00000000 wm4.config.h.224.10ee1ad185d877c6e334e6581faab44d
                           .group:00000000 wm4._ansi.h.31.de524f58584151836e90d8620a16f8e8
                           .group:00000000 wm4.stddef.h.39.0dc9006b34572d4d9cae4c8b422c4971
ARM GAS  /tmp/ccTWZgXF.s 			page 87


                           .group:00000000 wm4._default_types.h.6.959254cf5f09734ea7516c89e8bb21bd
                           .group:00000000 wm4.cdefs.h.49.70fc7af612f78ddcace70fdd90b5623b
                           .group:00000000 wm4._types.h.20.dd0d04dca3800a0d2a6129b87f3adbb2
                           .group:00000000 wm4.stddef.h.158.6f8e08a347b1cff664332fa350bfceb3
                           .group:00000000 wm4._types.h.127.3bdfe3ff8ea2d0985b03d9cbe93480e3
                           .group:00000000 wm4.reent.h.18.25503cdc8b7e55dd0d6ea7b3e5af7a03
                           .group:00000000 wm4.lock.h.2.c0958401bd0ce484d507ee19aacab817
                           .group:00000000 wm4.reent.h.78.7f0775353a33c852a1479c008f68cd03
                           .group:00000000 wm4.string.h.15.dab3980bf35408a4c507182805e2de3a
                           .group:00000000 wm4.stddef.h.158.eec8bf00b5213f43d095cb984c5f22e3
                           .group:00000000 wm4.FreeRTOSConfig.h.32.0ce6f08a23ce496327f55c352fb79fb2
                           .group:00000000 wm4.projdefs.h.30.0702c8e11543ad65b967f8cb76fed320
                           .group:00000000 wm4.portmacro.h.31.843369dbea38d7b2939e41be1fb06b1d
                           .group:00000000 wm4.portable.h.61.be9f7fc94043ef4a5a9b3e0aa96123ec
                           .group:00000000 wm4.mpu_wrappers.h.30.2bb66a1a6b51d1b3041641542d3e6c66
                           .group:00000000 wm4.portable.h.187.30f79afec3fd80e5ecc03308b5b7a82e
                           .group:00000000 wm4.FreeRTOS.h.69.ef4231dbc21c19467c5dad60410d71fc
                           .group:00000000 wm4.list.h.59.331af9c13784c3bf1b9fce5389c35037
                           .group:00000000 wm4.task.h.56.1d19fc4e1b188ff758d8adc55348144a
                           .group:00000000 wm4.stream_buffer.h.53.0d30b4503ebe87c75f139d5bbdf8b398

UNDEFINED SYMBOLS
memcpy
pvPortMalloc
memset
vPortFree
vPortEnterCritical
vPortExitCritical
vTaskSuspendAll
xTaskGenericNotify
xTaskResumeAll
vTaskSetTimeOutState
xTaskGenericNotifyStateClear
xTaskGetCurrentTaskHandle
xTaskGenericNotifyWait
xTaskCheckForTimeOut
ulSetInterruptMaskFromISR
xTaskGenericNotifyFromISR
vClearInterruptMaskFromISR
