ARM GAS  /tmp/ccEl6umq.s 			page 1


   1              		.cpu cortex-m0plus
   2              		.arch armv6s-m
   3              		.fpu softvfp
   4              		.eabi_attribute 20, 1
   5              		.eabi_attribute 21, 1
   6              		.eabi_attribute 23, 3
   7              		.eabi_attribute 24, 1
   8              		.eabi_attribute 25, 1
   9              		.eabi_attribute 26, 1
  10              		.eabi_attribute 30, 4
  11              		.eabi_attribute 34, 0
  12              		.eabi_attribute 18, 4
  13              		.file	"timers.c"
  14              		.text
  15              	.Ltext0:
  16              		.cfi_sections	.debug_frame
  17              		.file 1 "Middlewares/Third_Party/FreeRTOS/Source/timers.c"
  18              		.section	.text.prvInsertTimerInActiveList,"ax",%progbits
  19              		.align	1
  20              		.syntax unified
  21              		.code	16
  22              		.thumb_func
  24              	prvInsertTimerInActiveList:
  25              	.LVL0:
  26              	.LFB18:
   1:Middlewares/Third_Party/FreeRTOS/Source/timers.c **** /*
   2:Middlewares/Third_Party/FreeRTOS/Source/timers.c ****  * FreeRTOS Kernel V10.5.1
   3:Middlewares/Third_Party/FreeRTOS/Source/timers.c ****  * Copyright (C) 2021 Amazon.com, Inc. or its affiliates.  All Rights Reserved.
   4:Middlewares/Third_Party/FreeRTOS/Source/timers.c ****  *
   5:Middlewares/Third_Party/FreeRTOS/Source/timers.c ****  * SPDX-License-Identifier: MIT
   6:Middlewares/Third_Party/FreeRTOS/Source/timers.c ****  *
   7:Middlewares/Third_Party/FreeRTOS/Source/timers.c ****  * Permission is hereby granted, free of charge, to any person obtaining a copy of
   8:Middlewares/Third_Party/FreeRTOS/Source/timers.c ****  * this software and associated documentation files (the "Software"), to deal in
   9:Middlewares/Third_Party/FreeRTOS/Source/timers.c ****  * the Software without restriction, including without limitation the rights to
  10:Middlewares/Third_Party/FreeRTOS/Source/timers.c ****  * use, copy, modify, merge, publish, distribute, sublicense, and/or sell copies of
  11:Middlewares/Third_Party/FreeRTOS/Source/timers.c ****  * the Software, and to permit persons to whom the Software is furnished to do so,
  12:Middlewares/Third_Party/FreeRTOS/Source/timers.c ****  * subject to the following conditions:
  13:Middlewares/Third_Party/FreeRTOS/Source/timers.c ****  *
  14:Middlewares/Third_Party/FreeRTOS/Source/timers.c ****  * The above copyright notice and this permission notice shall be included in all
  15:Middlewares/Third_Party/FreeRTOS/Source/timers.c ****  * copies or substantial portions of the Software.
  16:Middlewares/Third_Party/FreeRTOS/Source/timers.c ****  *
  17:Middlewares/Third_Party/FreeRTOS/Source/timers.c ****  * THE SOFTWARE IS PROVIDED "AS IS", WITHOUT WARRANTY OF ANY KIND, EXPRESS OR
  18:Middlewares/Third_Party/FreeRTOS/Source/timers.c ****  * IMPLIED, INCLUDING BUT NOT LIMITED TO THE WARRANTIES OF MERCHANTABILITY, FITNESS
  19:Middlewares/Third_Party/FreeRTOS/Source/timers.c ****  * FOR A PARTICULAR PURPOSE AND NONINFRINGEMENT. IN NO EVENT SHALL THE AUTHORS OR
  20:Middlewares/Third_Party/FreeRTOS/Source/timers.c ****  * COPYRIGHT HOLDERS BE LIABLE FOR ANY CLAIM, DAMAGES OR OTHER LIABILITY, WHETHER
  21:Middlewares/Third_Party/FreeRTOS/Source/timers.c ****  * IN AN ACTION OF CONTRACT, TORT OR OTHERWISE, ARISING FROM, OUT OF OR IN
  22:Middlewares/Third_Party/FreeRTOS/Source/timers.c ****  * CONNECTION WITH THE SOFTWARE OR THE USE OR OTHER DEALINGS IN THE SOFTWARE.
  23:Middlewares/Third_Party/FreeRTOS/Source/timers.c ****  *
  24:Middlewares/Third_Party/FreeRTOS/Source/timers.c ****  * https://www.FreeRTOS.org
  25:Middlewares/Third_Party/FreeRTOS/Source/timers.c ****  * https://github.com/FreeRTOS
  26:Middlewares/Third_Party/FreeRTOS/Source/timers.c ****  *
  27:Middlewares/Third_Party/FreeRTOS/Source/timers.c ****  */
  28:Middlewares/Third_Party/FreeRTOS/Source/timers.c **** 
  29:Middlewares/Third_Party/FreeRTOS/Source/timers.c **** /* Standard includes. */
  30:Middlewares/Third_Party/FreeRTOS/Source/timers.c **** #include <stdlib.h>
  31:Middlewares/Third_Party/FreeRTOS/Source/timers.c **** 
  32:Middlewares/Third_Party/FreeRTOS/Source/timers.c **** /* Defining MPU_WRAPPERS_INCLUDED_FROM_API_FILE prevents task.h from redefining
ARM GAS  /tmp/ccEl6umq.s 			page 2


  33:Middlewares/Third_Party/FreeRTOS/Source/timers.c ****  * all the API functions to use the MPU wrappers.  That should only be done when
  34:Middlewares/Third_Party/FreeRTOS/Source/timers.c ****  * task.h is included from an application file. */
  35:Middlewares/Third_Party/FreeRTOS/Source/timers.c **** #define MPU_WRAPPERS_INCLUDED_FROM_API_FILE
  36:Middlewares/Third_Party/FreeRTOS/Source/timers.c **** 
  37:Middlewares/Third_Party/FreeRTOS/Source/timers.c **** #include "FreeRTOS.h"
  38:Middlewares/Third_Party/FreeRTOS/Source/timers.c **** #include "task.h"
  39:Middlewares/Third_Party/FreeRTOS/Source/timers.c **** #include "queue.h"
  40:Middlewares/Third_Party/FreeRTOS/Source/timers.c **** #include "timers.h"
  41:Middlewares/Third_Party/FreeRTOS/Source/timers.c **** 
  42:Middlewares/Third_Party/FreeRTOS/Source/timers.c **** #if ( INCLUDE_xTimerPendFunctionCall == 1 ) && ( configUSE_TIMERS == 0 )
  43:Middlewares/Third_Party/FreeRTOS/Source/timers.c ****     #error configUSE_TIMERS must be set to 1 to make the xTimerPendFunctionCall() function availabl
  44:Middlewares/Third_Party/FreeRTOS/Source/timers.c **** #endif
  45:Middlewares/Third_Party/FreeRTOS/Source/timers.c **** 
  46:Middlewares/Third_Party/FreeRTOS/Source/timers.c **** /* Lint e9021, e961 and e750 are suppressed as a MISRA exception justified
  47:Middlewares/Third_Party/FreeRTOS/Source/timers.c ****  * because the MPU ports require MPU_WRAPPERS_INCLUDED_FROM_API_FILE to be defined
  48:Middlewares/Third_Party/FreeRTOS/Source/timers.c ****  * for the header files above, but not in this file, in order to generate the
  49:Middlewares/Third_Party/FreeRTOS/Source/timers.c ****  * correct privileged Vs unprivileged linkage and placement. */
  50:Middlewares/Third_Party/FreeRTOS/Source/timers.c **** #undef MPU_WRAPPERS_INCLUDED_FROM_API_FILE /*lint !e9021 !e961 !e750. */
  51:Middlewares/Third_Party/FreeRTOS/Source/timers.c **** 
  52:Middlewares/Third_Party/FreeRTOS/Source/timers.c **** 
  53:Middlewares/Third_Party/FreeRTOS/Source/timers.c **** /* This entire source file will be skipped if the application is not configured
  54:Middlewares/Third_Party/FreeRTOS/Source/timers.c ****  * to include software timer functionality.  This #if is closed at the very bottom
  55:Middlewares/Third_Party/FreeRTOS/Source/timers.c ****  * of this file.  If you want to include software timer functionality then ensure
  56:Middlewares/Third_Party/FreeRTOS/Source/timers.c ****  * configUSE_TIMERS is set to 1 in FreeRTOSConfig.h. */
  57:Middlewares/Third_Party/FreeRTOS/Source/timers.c **** #if ( configUSE_TIMERS == 1 )
  58:Middlewares/Third_Party/FreeRTOS/Source/timers.c **** 
  59:Middlewares/Third_Party/FreeRTOS/Source/timers.c **** /* Misc definitions. */
  60:Middlewares/Third_Party/FreeRTOS/Source/timers.c ****     #define tmrNO_DELAY                    ( ( TickType_t ) 0U )
  61:Middlewares/Third_Party/FreeRTOS/Source/timers.c ****     #define tmrMAX_TIME_BEFORE_OVERFLOW    ( ( TickType_t ) -1 )
  62:Middlewares/Third_Party/FreeRTOS/Source/timers.c **** 
  63:Middlewares/Third_Party/FreeRTOS/Source/timers.c **** /* The name assigned to the timer service task.  This can be overridden by
  64:Middlewares/Third_Party/FreeRTOS/Source/timers.c ****  * defining trmTIMER_SERVICE_TASK_NAME in FreeRTOSConfig.h. */
  65:Middlewares/Third_Party/FreeRTOS/Source/timers.c ****     #ifndef configTIMER_SERVICE_TASK_NAME
  66:Middlewares/Third_Party/FreeRTOS/Source/timers.c ****         #define configTIMER_SERVICE_TASK_NAME    "Tmr Svc"
  67:Middlewares/Third_Party/FreeRTOS/Source/timers.c ****     #endif
  68:Middlewares/Third_Party/FreeRTOS/Source/timers.c **** 
  69:Middlewares/Third_Party/FreeRTOS/Source/timers.c **** /* Bit definitions used in the ucStatus member of a timer structure. */
  70:Middlewares/Third_Party/FreeRTOS/Source/timers.c ****     #define tmrSTATUS_IS_ACTIVE                  ( ( uint8_t ) 0x01 )
  71:Middlewares/Third_Party/FreeRTOS/Source/timers.c ****     #define tmrSTATUS_IS_STATICALLY_ALLOCATED    ( ( uint8_t ) 0x02 )
  72:Middlewares/Third_Party/FreeRTOS/Source/timers.c ****     #define tmrSTATUS_IS_AUTORELOAD              ( ( uint8_t ) 0x04 )
  73:Middlewares/Third_Party/FreeRTOS/Source/timers.c **** 
  74:Middlewares/Third_Party/FreeRTOS/Source/timers.c **** /* The definition of the timers themselves. */
  75:Middlewares/Third_Party/FreeRTOS/Source/timers.c ****     typedef struct tmrTimerControl                  /* The old naming convention is used to prevent
  76:Middlewares/Third_Party/FreeRTOS/Source/timers.c ****     {
  77:Middlewares/Third_Party/FreeRTOS/Source/timers.c ****         const char * pcTimerName;                   /*<< Text name.  This is not used by the kernel
  78:Middlewares/Third_Party/FreeRTOS/Source/timers.c ****         ListItem_t xTimerListItem;                  /*<< Standard linked list item as used by all k
  79:Middlewares/Third_Party/FreeRTOS/Source/timers.c ****         TickType_t xTimerPeriodInTicks;             /*<< How quickly and often the timer expires. *
  80:Middlewares/Third_Party/FreeRTOS/Source/timers.c ****         void * pvTimerID;                           /*<< An ID to identify the timer.  This allows 
  81:Middlewares/Third_Party/FreeRTOS/Source/timers.c ****         TimerCallbackFunction_t pxCallbackFunction; /*<< The function that will be called when the 
  82:Middlewares/Third_Party/FreeRTOS/Source/timers.c ****         #if ( configUSE_TRACE_FACILITY == 1 )
  83:Middlewares/Third_Party/FreeRTOS/Source/timers.c ****             UBaseType_t uxTimerNumber;              /*<< An ID assigned by trace tools such as Free
  84:Middlewares/Third_Party/FreeRTOS/Source/timers.c ****         #endif
  85:Middlewares/Third_Party/FreeRTOS/Source/timers.c ****         uint8_t ucStatus;                           /*<< Holds bits to say if the timer was statica
  86:Middlewares/Third_Party/FreeRTOS/Source/timers.c ****     } xTIMER;
  87:Middlewares/Third_Party/FreeRTOS/Source/timers.c **** 
  88:Middlewares/Third_Party/FreeRTOS/Source/timers.c **** /* The old xTIMER name is maintained above then typedefed to the new Timer_t
  89:Middlewares/Third_Party/FreeRTOS/Source/timers.c ****  * name below to enable the use of older kernel aware debuggers. */
ARM GAS  /tmp/ccEl6umq.s 			page 3


  90:Middlewares/Third_Party/FreeRTOS/Source/timers.c ****     typedef xTIMER Timer_t;
  91:Middlewares/Third_Party/FreeRTOS/Source/timers.c **** 
  92:Middlewares/Third_Party/FreeRTOS/Source/timers.c **** /* The definition of messages that can be sent and received on the timer queue.
  93:Middlewares/Third_Party/FreeRTOS/Source/timers.c ****  * Two types of message can be queued - messages that manipulate a software timer,
  94:Middlewares/Third_Party/FreeRTOS/Source/timers.c ****  * and messages that request the execution of a non-timer related callback.  The
  95:Middlewares/Third_Party/FreeRTOS/Source/timers.c ****  * two message types are defined in two separate structures, xTimerParametersType
  96:Middlewares/Third_Party/FreeRTOS/Source/timers.c ****  * and xCallbackParametersType respectively. */
  97:Middlewares/Third_Party/FreeRTOS/Source/timers.c ****     typedef struct tmrTimerParameters
  98:Middlewares/Third_Party/FreeRTOS/Source/timers.c ****     {
  99:Middlewares/Third_Party/FreeRTOS/Source/timers.c ****         TickType_t xMessageValue; /*<< An optional value used by a subset of commands, for example,
 100:Middlewares/Third_Party/FreeRTOS/Source/timers.c ****         Timer_t * pxTimer;        /*<< The timer to which the command will be applied. */
 101:Middlewares/Third_Party/FreeRTOS/Source/timers.c ****     } TimerParameter_t;
 102:Middlewares/Third_Party/FreeRTOS/Source/timers.c **** 
 103:Middlewares/Third_Party/FreeRTOS/Source/timers.c **** 
 104:Middlewares/Third_Party/FreeRTOS/Source/timers.c ****     typedef struct tmrCallbackParameters
 105:Middlewares/Third_Party/FreeRTOS/Source/timers.c ****     {
 106:Middlewares/Third_Party/FreeRTOS/Source/timers.c ****         PendedFunction_t pxCallbackFunction; /* << The callback function to execute. */
 107:Middlewares/Third_Party/FreeRTOS/Source/timers.c ****         void * pvParameter1;                 /* << The value that will be used as the callback func
 108:Middlewares/Third_Party/FreeRTOS/Source/timers.c ****         uint32_t ulParameter2;               /* << The value that will be used as the callback func
 109:Middlewares/Third_Party/FreeRTOS/Source/timers.c ****     } CallbackParameters_t;
 110:Middlewares/Third_Party/FreeRTOS/Source/timers.c **** 
 111:Middlewares/Third_Party/FreeRTOS/Source/timers.c **** /* The structure that contains the two message types, along with an identifier
 112:Middlewares/Third_Party/FreeRTOS/Source/timers.c ****  * that is used to determine which message type is valid. */
 113:Middlewares/Third_Party/FreeRTOS/Source/timers.c ****     typedef struct tmrTimerQueueMessage
 114:Middlewares/Third_Party/FreeRTOS/Source/timers.c ****     {
 115:Middlewares/Third_Party/FreeRTOS/Source/timers.c ****         BaseType_t xMessageID; /*<< The command being sent to the timer service task. */
 116:Middlewares/Third_Party/FreeRTOS/Source/timers.c ****         union
 117:Middlewares/Third_Party/FreeRTOS/Source/timers.c ****         {
 118:Middlewares/Third_Party/FreeRTOS/Source/timers.c ****             TimerParameter_t xTimerParameters;
 119:Middlewares/Third_Party/FreeRTOS/Source/timers.c **** 
 120:Middlewares/Third_Party/FreeRTOS/Source/timers.c ****             /* Don't include xCallbackParameters if it is not going to be used as
 121:Middlewares/Third_Party/FreeRTOS/Source/timers.c ****              * it makes the structure (and therefore the timer queue) larger. */
 122:Middlewares/Third_Party/FreeRTOS/Source/timers.c ****             #if ( INCLUDE_xTimerPendFunctionCall == 1 )
 123:Middlewares/Third_Party/FreeRTOS/Source/timers.c ****                 CallbackParameters_t xCallbackParameters;
 124:Middlewares/Third_Party/FreeRTOS/Source/timers.c ****             #endif /* INCLUDE_xTimerPendFunctionCall */
 125:Middlewares/Third_Party/FreeRTOS/Source/timers.c ****         } u;
 126:Middlewares/Third_Party/FreeRTOS/Source/timers.c ****     } DaemonTaskMessage_t;
 127:Middlewares/Third_Party/FreeRTOS/Source/timers.c **** 
 128:Middlewares/Third_Party/FreeRTOS/Source/timers.c **** /*lint -save -e956 A manual analysis and inspection has been used to determine
 129:Middlewares/Third_Party/FreeRTOS/Source/timers.c ****  * which static variables must be declared volatile. */
 130:Middlewares/Third_Party/FreeRTOS/Source/timers.c **** 
 131:Middlewares/Third_Party/FreeRTOS/Source/timers.c **** /* The list in which active timers are stored.  Timers are referenced in expire
 132:Middlewares/Third_Party/FreeRTOS/Source/timers.c ****  * time order, with the nearest expiry time at the front of the list.  Only the
 133:Middlewares/Third_Party/FreeRTOS/Source/timers.c ****  * timer service task is allowed to access these lists.
 134:Middlewares/Third_Party/FreeRTOS/Source/timers.c ****  * xActiveTimerList1 and xActiveTimerList2 could be at function scope but that
 135:Middlewares/Third_Party/FreeRTOS/Source/timers.c ****  * breaks some kernel aware debuggers, and debuggers that reply on removing the
 136:Middlewares/Third_Party/FreeRTOS/Source/timers.c ****  * static qualifier. */
 137:Middlewares/Third_Party/FreeRTOS/Source/timers.c ****     PRIVILEGED_DATA static List_t xActiveTimerList1;
 138:Middlewares/Third_Party/FreeRTOS/Source/timers.c ****     PRIVILEGED_DATA static List_t xActiveTimerList2;
 139:Middlewares/Third_Party/FreeRTOS/Source/timers.c ****     PRIVILEGED_DATA static List_t * pxCurrentTimerList;
 140:Middlewares/Third_Party/FreeRTOS/Source/timers.c ****     PRIVILEGED_DATA static List_t * pxOverflowTimerList;
 141:Middlewares/Third_Party/FreeRTOS/Source/timers.c **** 
 142:Middlewares/Third_Party/FreeRTOS/Source/timers.c **** /* A queue that is used to send commands to the timer service task. */
 143:Middlewares/Third_Party/FreeRTOS/Source/timers.c ****     PRIVILEGED_DATA static QueueHandle_t xTimerQueue = NULL;
 144:Middlewares/Third_Party/FreeRTOS/Source/timers.c ****     PRIVILEGED_DATA static TaskHandle_t xTimerTaskHandle = NULL;
 145:Middlewares/Third_Party/FreeRTOS/Source/timers.c **** 
 146:Middlewares/Third_Party/FreeRTOS/Source/timers.c **** /*lint -restore */
ARM GAS  /tmp/ccEl6umq.s 			page 4


 147:Middlewares/Third_Party/FreeRTOS/Source/timers.c **** 
 148:Middlewares/Third_Party/FreeRTOS/Source/timers.c **** /*-----------------------------------------------------------*/
 149:Middlewares/Third_Party/FreeRTOS/Source/timers.c **** 
 150:Middlewares/Third_Party/FreeRTOS/Source/timers.c **** /*
 151:Middlewares/Third_Party/FreeRTOS/Source/timers.c ****  * Initialise the infrastructure used by the timer service task if it has not
 152:Middlewares/Third_Party/FreeRTOS/Source/timers.c ****  * been initialised already.
 153:Middlewares/Third_Party/FreeRTOS/Source/timers.c ****  */
 154:Middlewares/Third_Party/FreeRTOS/Source/timers.c ****     static void prvCheckForValidListAndQueue( void ) PRIVILEGED_FUNCTION;
 155:Middlewares/Third_Party/FreeRTOS/Source/timers.c **** 
 156:Middlewares/Third_Party/FreeRTOS/Source/timers.c **** /*
 157:Middlewares/Third_Party/FreeRTOS/Source/timers.c ****  * The timer service task (daemon).  Timer functionality is controlled by this
 158:Middlewares/Third_Party/FreeRTOS/Source/timers.c ****  * task.  Other tasks communicate with the timer service task using the
 159:Middlewares/Third_Party/FreeRTOS/Source/timers.c ****  * xTimerQueue queue.
 160:Middlewares/Third_Party/FreeRTOS/Source/timers.c ****  */
 161:Middlewares/Third_Party/FreeRTOS/Source/timers.c ****     static portTASK_FUNCTION_PROTO( prvTimerTask, pvParameters ) PRIVILEGED_FUNCTION;
 162:Middlewares/Third_Party/FreeRTOS/Source/timers.c **** 
 163:Middlewares/Third_Party/FreeRTOS/Source/timers.c **** /*
 164:Middlewares/Third_Party/FreeRTOS/Source/timers.c ****  * Called by the timer service task to interpret and process a command it
 165:Middlewares/Third_Party/FreeRTOS/Source/timers.c ****  * received on the timer queue.
 166:Middlewares/Third_Party/FreeRTOS/Source/timers.c ****  */
 167:Middlewares/Third_Party/FreeRTOS/Source/timers.c ****     static void prvProcessReceivedCommands( void ) PRIVILEGED_FUNCTION;
 168:Middlewares/Third_Party/FreeRTOS/Source/timers.c **** 
 169:Middlewares/Third_Party/FreeRTOS/Source/timers.c **** /*
 170:Middlewares/Third_Party/FreeRTOS/Source/timers.c ****  * Insert the timer into either xActiveTimerList1, or xActiveTimerList2,
 171:Middlewares/Third_Party/FreeRTOS/Source/timers.c ****  * depending on if the expire time causes a timer counter overflow.
 172:Middlewares/Third_Party/FreeRTOS/Source/timers.c ****  */
 173:Middlewares/Third_Party/FreeRTOS/Source/timers.c ****     static BaseType_t prvInsertTimerInActiveList( Timer_t * const pxTimer,
 174:Middlewares/Third_Party/FreeRTOS/Source/timers.c ****                                                   const TickType_t xNextExpiryTime,
 175:Middlewares/Third_Party/FreeRTOS/Source/timers.c ****                                                   const TickType_t xTimeNow,
 176:Middlewares/Third_Party/FreeRTOS/Source/timers.c ****                                                   const TickType_t xCommandTime ) PRIVILEGED_FUNCTI
 177:Middlewares/Third_Party/FreeRTOS/Source/timers.c **** 
 178:Middlewares/Third_Party/FreeRTOS/Source/timers.c **** /*
 179:Middlewares/Third_Party/FreeRTOS/Source/timers.c ****  * Reload the specified auto-reload timer.  If the reloading is backlogged,
 180:Middlewares/Third_Party/FreeRTOS/Source/timers.c ****  * clear the backlog, calling the callback for each additional reload.  When
 181:Middlewares/Third_Party/FreeRTOS/Source/timers.c ****  * this function returns, the next expiry time is after xTimeNow.
 182:Middlewares/Third_Party/FreeRTOS/Source/timers.c ****  */
 183:Middlewares/Third_Party/FreeRTOS/Source/timers.c ****     static void prvReloadTimer( Timer_t * const pxTimer,
 184:Middlewares/Third_Party/FreeRTOS/Source/timers.c ****                                 TickType_t xExpiredTime,
 185:Middlewares/Third_Party/FreeRTOS/Source/timers.c ****                                 const TickType_t xTimeNow ) PRIVILEGED_FUNCTION;
 186:Middlewares/Third_Party/FreeRTOS/Source/timers.c **** 
 187:Middlewares/Third_Party/FreeRTOS/Source/timers.c **** /*
 188:Middlewares/Third_Party/FreeRTOS/Source/timers.c ****  * An active timer has reached its expire time.  Reload the timer if it is an
 189:Middlewares/Third_Party/FreeRTOS/Source/timers.c ****  * auto-reload timer, then call its callback.
 190:Middlewares/Third_Party/FreeRTOS/Source/timers.c ****  */
 191:Middlewares/Third_Party/FreeRTOS/Source/timers.c ****     static void prvProcessExpiredTimer( const TickType_t xNextExpireTime,
 192:Middlewares/Third_Party/FreeRTOS/Source/timers.c ****                                         const TickType_t xTimeNow ) PRIVILEGED_FUNCTION;
 193:Middlewares/Third_Party/FreeRTOS/Source/timers.c **** 
 194:Middlewares/Third_Party/FreeRTOS/Source/timers.c **** /*
 195:Middlewares/Third_Party/FreeRTOS/Source/timers.c ****  * The tick count has overflowed.  Switch the timer lists after ensuring the
 196:Middlewares/Third_Party/FreeRTOS/Source/timers.c ****  * current timer list does not still reference some timers.
 197:Middlewares/Third_Party/FreeRTOS/Source/timers.c ****  */
 198:Middlewares/Third_Party/FreeRTOS/Source/timers.c ****     static void prvSwitchTimerLists( void ) PRIVILEGED_FUNCTION;
 199:Middlewares/Third_Party/FreeRTOS/Source/timers.c **** 
 200:Middlewares/Third_Party/FreeRTOS/Source/timers.c **** /*
 201:Middlewares/Third_Party/FreeRTOS/Source/timers.c ****  * Obtain the current tick count, setting *pxTimerListsWereSwitched to pdTRUE
 202:Middlewares/Third_Party/FreeRTOS/Source/timers.c ****  * if a tick count overflow occurred since prvSampleTimeNow() was last called.
 203:Middlewares/Third_Party/FreeRTOS/Source/timers.c ****  */
ARM GAS  /tmp/ccEl6umq.s 			page 5


 204:Middlewares/Third_Party/FreeRTOS/Source/timers.c ****     static TickType_t prvSampleTimeNow( BaseType_t * const pxTimerListsWereSwitched ) PRIVILEGED_FU
 205:Middlewares/Third_Party/FreeRTOS/Source/timers.c **** 
 206:Middlewares/Third_Party/FreeRTOS/Source/timers.c **** /*
 207:Middlewares/Third_Party/FreeRTOS/Source/timers.c ****  * If the timer list contains any active timers then return the expire time of
 208:Middlewares/Third_Party/FreeRTOS/Source/timers.c ****  * the timer that will expire first and set *pxListWasEmpty to false.  If the
 209:Middlewares/Third_Party/FreeRTOS/Source/timers.c ****  * timer list does not contain any timers then return 0 and set *pxListWasEmpty
 210:Middlewares/Third_Party/FreeRTOS/Source/timers.c ****  * to pdTRUE.
 211:Middlewares/Third_Party/FreeRTOS/Source/timers.c ****  */
 212:Middlewares/Third_Party/FreeRTOS/Source/timers.c ****     static TickType_t prvGetNextExpireTime( BaseType_t * const pxListWasEmpty ) PRIVILEGED_FUNCTION
 213:Middlewares/Third_Party/FreeRTOS/Source/timers.c **** 
 214:Middlewares/Third_Party/FreeRTOS/Source/timers.c **** /*
 215:Middlewares/Third_Party/FreeRTOS/Source/timers.c ****  * If a timer has expired, process it.  Otherwise, block the timer service task
 216:Middlewares/Third_Party/FreeRTOS/Source/timers.c ****  * until either a timer does expire or a command is received.
 217:Middlewares/Third_Party/FreeRTOS/Source/timers.c ****  */
 218:Middlewares/Third_Party/FreeRTOS/Source/timers.c ****     static void prvProcessTimerOrBlockTask( const TickType_t xNextExpireTime,
 219:Middlewares/Third_Party/FreeRTOS/Source/timers.c ****                                             BaseType_t xListWasEmpty ) PRIVILEGED_FUNCTION;
 220:Middlewares/Third_Party/FreeRTOS/Source/timers.c **** 
 221:Middlewares/Third_Party/FreeRTOS/Source/timers.c **** /*
 222:Middlewares/Third_Party/FreeRTOS/Source/timers.c ****  * Called after a Timer_t structure has been allocated either statically or
 223:Middlewares/Third_Party/FreeRTOS/Source/timers.c ****  * dynamically to fill in the structure's members.
 224:Middlewares/Third_Party/FreeRTOS/Source/timers.c ****  */
 225:Middlewares/Third_Party/FreeRTOS/Source/timers.c ****     static void prvInitialiseNewTimer( const char * const pcTimerName, /*lint !e971 Unqualified cha
 226:Middlewares/Third_Party/FreeRTOS/Source/timers.c ****                                        const TickType_t xTimerPeriodInTicks,
 227:Middlewares/Third_Party/FreeRTOS/Source/timers.c ****                                        const BaseType_t xAutoReload,
 228:Middlewares/Third_Party/FreeRTOS/Source/timers.c ****                                        void * const pvTimerID,
 229:Middlewares/Third_Party/FreeRTOS/Source/timers.c ****                                        TimerCallbackFunction_t pxCallbackFunction,
 230:Middlewares/Third_Party/FreeRTOS/Source/timers.c ****                                        Timer_t * pxNewTimer ) PRIVILEGED_FUNCTION;
 231:Middlewares/Third_Party/FreeRTOS/Source/timers.c **** /*-----------------------------------------------------------*/
 232:Middlewares/Third_Party/FreeRTOS/Source/timers.c **** 
 233:Middlewares/Third_Party/FreeRTOS/Source/timers.c ****     BaseType_t xTimerCreateTimerTask( void )
 234:Middlewares/Third_Party/FreeRTOS/Source/timers.c ****     {
 235:Middlewares/Third_Party/FreeRTOS/Source/timers.c ****         BaseType_t xReturn = pdFAIL;
 236:Middlewares/Third_Party/FreeRTOS/Source/timers.c **** 
 237:Middlewares/Third_Party/FreeRTOS/Source/timers.c ****         /* This function is called when the scheduler is started if
 238:Middlewares/Third_Party/FreeRTOS/Source/timers.c ****          * configUSE_TIMERS is set to 1.  Check that the infrastructure used by the
 239:Middlewares/Third_Party/FreeRTOS/Source/timers.c ****          * timer service task has been created/initialised.  If timers have already
 240:Middlewares/Third_Party/FreeRTOS/Source/timers.c ****          * been created then the initialisation will already have been performed. */
 241:Middlewares/Third_Party/FreeRTOS/Source/timers.c ****         prvCheckForValidListAndQueue();
 242:Middlewares/Third_Party/FreeRTOS/Source/timers.c **** 
 243:Middlewares/Third_Party/FreeRTOS/Source/timers.c ****         if( xTimerQueue != NULL )
 244:Middlewares/Third_Party/FreeRTOS/Source/timers.c ****         {
 245:Middlewares/Third_Party/FreeRTOS/Source/timers.c ****             #if ( configSUPPORT_STATIC_ALLOCATION == 1 )
 246:Middlewares/Third_Party/FreeRTOS/Source/timers.c ****             {
 247:Middlewares/Third_Party/FreeRTOS/Source/timers.c ****                 StaticTask_t * pxTimerTaskTCBBuffer = NULL;
 248:Middlewares/Third_Party/FreeRTOS/Source/timers.c ****                 StackType_t * pxTimerTaskStackBuffer = NULL;
 249:Middlewares/Third_Party/FreeRTOS/Source/timers.c ****                 uint32_t ulTimerTaskStackSize;
 250:Middlewares/Third_Party/FreeRTOS/Source/timers.c **** 
 251:Middlewares/Third_Party/FreeRTOS/Source/timers.c ****                 vApplicationGetTimerTaskMemory( &pxTimerTaskTCBBuffer, &pxTimerTaskStackBuffer, &ul
 252:Middlewares/Third_Party/FreeRTOS/Source/timers.c ****                 xTimerTaskHandle = xTaskCreateStatic( prvTimerTask,
 253:Middlewares/Third_Party/FreeRTOS/Source/timers.c ****                                                       configTIMER_SERVICE_TASK_NAME,
 254:Middlewares/Third_Party/FreeRTOS/Source/timers.c ****                                                       ulTimerTaskStackSize,
 255:Middlewares/Third_Party/FreeRTOS/Source/timers.c ****                                                       NULL,
 256:Middlewares/Third_Party/FreeRTOS/Source/timers.c ****                                                       ( ( UBaseType_t ) configTIMER_TASK_PRIORITY )
 257:Middlewares/Third_Party/FreeRTOS/Source/timers.c ****                                                       pxTimerTaskStackBuffer,
 258:Middlewares/Third_Party/FreeRTOS/Source/timers.c ****                                                       pxTimerTaskTCBBuffer );
 259:Middlewares/Third_Party/FreeRTOS/Source/timers.c **** 
 260:Middlewares/Third_Party/FreeRTOS/Source/timers.c ****                 if( xTimerTaskHandle != NULL )
ARM GAS  /tmp/ccEl6umq.s 			page 6


 261:Middlewares/Third_Party/FreeRTOS/Source/timers.c ****                 {
 262:Middlewares/Third_Party/FreeRTOS/Source/timers.c ****                     xReturn = pdPASS;
 263:Middlewares/Third_Party/FreeRTOS/Source/timers.c ****                 }
 264:Middlewares/Third_Party/FreeRTOS/Source/timers.c ****             }
 265:Middlewares/Third_Party/FreeRTOS/Source/timers.c ****             #else /* if ( configSUPPORT_STATIC_ALLOCATION == 1 ) */
 266:Middlewares/Third_Party/FreeRTOS/Source/timers.c ****             {
 267:Middlewares/Third_Party/FreeRTOS/Source/timers.c ****                 xReturn = xTaskCreate( prvTimerTask,
 268:Middlewares/Third_Party/FreeRTOS/Source/timers.c ****                                        configTIMER_SERVICE_TASK_NAME,
 269:Middlewares/Third_Party/FreeRTOS/Source/timers.c ****                                        configTIMER_TASK_STACK_DEPTH,
 270:Middlewares/Third_Party/FreeRTOS/Source/timers.c ****                                        NULL,
 271:Middlewares/Third_Party/FreeRTOS/Source/timers.c ****                                        ( ( UBaseType_t ) configTIMER_TASK_PRIORITY ) | portPRIVILEG
 272:Middlewares/Third_Party/FreeRTOS/Source/timers.c ****                                        &xTimerTaskHandle );
 273:Middlewares/Third_Party/FreeRTOS/Source/timers.c ****             }
 274:Middlewares/Third_Party/FreeRTOS/Source/timers.c ****             #endif /* configSUPPORT_STATIC_ALLOCATION */
 275:Middlewares/Third_Party/FreeRTOS/Source/timers.c ****         }
 276:Middlewares/Third_Party/FreeRTOS/Source/timers.c ****         else
 277:Middlewares/Third_Party/FreeRTOS/Source/timers.c ****         {
 278:Middlewares/Third_Party/FreeRTOS/Source/timers.c ****             mtCOVERAGE_TEST_MARKER();
 279:Middlewares/Third_Party/FreeRTOS/Source/timers.c ****         }
 280:Middlewares/Third_Party/FreeRTOS/Source/timers.c **** 
 281:Middlewares/Third_Party/FreeRTOS/Source/timers.c ****         configASSERT( xReturn );
 282:Middlewares/Third_Party/FreeRTOS/Source/timers.c ****         return xReturn;
 283:Middlewares/Third_Party/FreeRTOS/Source/timers.c ****     }
 284:Middlewares/Third_Party/FreeRTOS/Source/timers.c **** /*-----------------------------------------------------------*/
 285:Middlewares/Third_Party/FreeRTOS/Source/timers.c **** 
 286:Middlewares/Third_Party/FreeRTOS/Source/timers.c ****     #if ( configSUPPORT_DYNAMIC_ALLOCATION == 1 )
 287:Middlewares/Third_Party/FreeRTOS/Source/timers.c **** 
 288:Middlewares/Third_Party/FreeRTOS/Source/timers.c ****         TimerHandle_t xTimerCreate( const char * const pcTimerName, /*lint !e971 Unqualified char t
 289:Middlewares/Third_Party/FreeRTOS/Source/timers.c ****                                     const TickType_t xTimerPeriodInTicks,
 290:Middlewares/Third_Party/FreeRTOS/Source/timers.c ****                                     const BaseType_t xAutoReload,
 291:Middlewares/Third_Party/FreeRTOS/Source/timers.c ****                                     void * const pvTimerID,
 292:Middlewares/Third_Party/FreeRTOS/Source/timers.c ****                                     TimerCallbackFunction_t pxCallbackFunction )
 293:Middlewares/Third_Party/FreeRTOS/Source/timers.c ****         {
 294:Middlewares/Third_Party/FreeRTOS/Source/timers.c ****             Timer_t * pxNewTimer;
 295:Middlewares/Third_Party/FreeRTOS/Source/timers.c **** 
 296:Middlewares/Third_Party/FreeRTOS/Source/timers.c ****             pxNewTimer = ( Timer_t * ) pvPortMalloc( sizeof( Timer_t ) ); /*lint !e9087 !e9079 All 
 297:Middlewares/Third_Party/FreeRTOS/Source/timers.c **** 
 298:Middlewares/Third_Party/FreeRTOS/Source/timers.c ****             if( pxNewTimer != NULL )
 299:Middlewares/Third_Party/FreeRTOS/Source/timers.c ****             {
 300:Middlewares/Third_Party/FreeRTOS/Source/timers.c ****                 /* Status is thus far zero as the timer is not created statically
 301:Middlewares/Third_Party/FreeRTOS/Source/timers.c ****                  * and has not been started.  The auto-reload bit may get set in
 302:Middlewares/Third_Party/FreeRTOS/Source/timers.c ****                  * prvInitialiseNewTimer. */
 303:Middlewares/Third_Party/FreeRTOS/Source/timers.c ****                 pxNewTimer->ucStatus = 0x00;
 304:Middlewares/Third_Party/FreeRTOS/Source/timers.c ****                 prvInitialiseNewTimer( pcTimerName, xTimerPeriodInTicks, xAutoReload, pvTimerID, px
 305:Middlewares/Third_Party/FreeRTOS/Source/timers.c ****             }
 306:Middlewares/Third_Party/FreeRTOS/Source/timers.c **** 
 307:Middlewares/Third_Party/FreeRTOS/Source/timers.c ****             return pxNewTimer;
 308:Middlewares/Third_Party/FreeRTOS/Source/timers.c ****         }
 309:Middlewares/Third_Party/FreeRTOS/Source/timers.c **** 
 310:Middlewares/Third_Party/FreeRTOS/Source/timers.c ****     #endif /* configSUPPORT_DYNAMIC_ALLOCATION */
 311:Middlewares/Third_Party/FreeRTOS/Source/timers.c **** /*-----------------------------------------------------------*/
 312:Middlewares/Third_Party/FreeRTOS/Source/timers.c **** 
 313:Middlewares/Third_Party/FreeRTOS/Source/timers.c ****     #if ( configSUPPORT_STATIC_ALLOCATION == 1 )
 314:Middlewares/Third_Party/FreeRTOS/Source/timers.c **** 
 315:Middlewares/Third_Party/FreeRTOS/Source/timers.c ****         TimerHandle_t xTimerCreateStatic( const char * const pcTimerName, /*lint !e971 Unqualified 
 316:Middlewares/Third_Party/FreeRTOS/Source/timers.c ****                                           const TickType_t xTimerPeriodInTicks,
 317:Middlewares/Third_Party/FreeRTOS/Source/timers.c ****                                           const BaseType_t xAutoReload,
ARM GAS  /tmp/ccEl6umq.s 			page 7


 318:Middlewares/Third_Party/FreeRTOS/Source/timers.c ****                                           void * const pvTimerID,
 319:Middlewares/Third_Party/FreeRTOS/Source/timers.c ****                                           TimerCallbackFunction_t pxCallbackFunction,
 320:Middlewares/Third_Party/FreeRTOS/Source/timers.c ****                                           StaticTimer_t * pxTimerBuffer )
 321:Middlewares/Third_Party/FreeRTOS/Source/timers.c ****         {
 322:Middlewares/Third_Party/FreeRTOS/Source/timers.c ****             Timer_t * pxNewTimer;
 323:Middlewares/Third_Party/FreeRTOS/Source/timers.c **** 
 324:Middlewares/Third_Party/FreeRTOS/Source/timers.c ****             #if ( configASSERT_DEFINED == 1 )
 325:Middlewares/Third_Party/FreeRTOS/Source/timers.c ****             {
 326:Middlewares/Third_Party/FreeRTOS/Source/timers.c ****                 /* Sanity check that the size of the structure used to declare a
 327:Middlewares/Third_Party/FreeRTOS/Source/timers.c ****                  * variable of type StaticTimer_t equals the size of the real timer
 328:Middlewares/Third_Party/FreeRTOS/Source/timers.c ****                  * structure. */
 329:Middlewares/Third_Party/FreeRTOS/Source/timers.c ****                 volatile size_t xSize = sizeof( StaticTimer_t );
 330:Middlewares/Third_Party/FreeRTOS/Source/timers.c ****                 configASSERT( xSize == sizeof( Timer_t ) );
 331:Middlewares/Third_Party/FreeRTOS/Source/timers.c ****                 ( void ) xSize; /* Keeps lint quiet when configASSERT() is not defined. */
 332:Middlewares/Third_Party/FreeRTOS/Source/timers.c ****             }
 333:Middlewares/Third_Party/FreeRTOS/Source/timers.c ****             #endif /* configASSERT_DEFINED */
 334:Middlewares/Third_Party/FreeRTOS/Source/timers.c **** 
 335:Middlewares/Third_Party/FreeRTOS/Source/timers.c ****             /* A pointer to a StaticTimer_t structure MUST be provided, use it. */
 336:Middlewares/Third_Party/FreeRTOS/Source/timers.c ****             configASSERT( pxTimerBuffer );
 337:Middlewares/Third_Party/FreeRTOS/Source/timers.c ****             pxNewTimer = ( Timer_t * ) pxTimerBuffer; /*lint !e740 !e9087 StaticTimer_t is a pointe
 338:Middlewares/Third_Party/FreeRTOS/Source/timers.c **** 
 339:Middlewares/Third_Party/FreeRTOS/Source/timers.c ****             if( pxNewTimer != NULL )
 340:Middlewares/Third_Party/FreeRTOS/Source/timers.c ****             {
 341:Middlewares/Third_Party/FreeRTOS/Source/timers.c ****                 /* Timers can be created statically or dynamically so note this
 342:Middlewares/Third_Party/FreeRTOS/Source/timers.c ****                  * timer was created statically in case it is later deleted.  The
 343:Middlewares/Third_Party/FreeRTOS/Source/timers.c ****                  * auto-reload bit may get set in prvInitialiseNewTimer(). */
 344:Middlewares/Third_Party/FreeRTOS/Source/timers.c ****                 pxNewTimer->ucStatus = tmrSTATUS_IS_STATICALLY_ALLOCATED;
 345:Middlewares/Third_Party/FreeRTOS/Source/timers.c **** 
 346:Middlewares/Third_Party/FreeRTOS/Source/timers.c ****                 prvInitialiseNewTimer( pcTimerName, xTimerPeriodInTicks, xAutoReload, pvTimerID, px
 347:Middlewares/Third_Party/FreeRTOS/Source/timers.c ****             }
 348:Middlewares/Third_Party/FreeRTOS/Source/timers.c **** 
 349:Middlewares/Third_Party/FreeRTOS/Source/timers.c ****             return pxNewTimer;
 350:Middlewares/Third_Party/FreeRTOS/Source/timers.c ****         }
 351:Middlewares/Third_Party/FreeRTOS/Source/timers.c **** 
 352:Middlewares/Third_Party/FreeRTOS/Source/timers.c ****     #endif /* configSUPPORT_STATIC_ALLOCATION */
 353:Middlewares/Third_Party/FreeRTOS/Source/timers.c **** /*-----------------------------------------------------------*/
 354:Middlewares/Third_Party/FreeRTOS/Source/timers.c **** 
 355:Middlewares/Third_Party/FreeRTOS/Source/timers.c ****     static void prvInitialiseNewTimer( const char * const pcTimerName, /*lint !e971 Unqualified cha
 356:Middlewares/Third_Party/FreeRTOS/Source/timers.c ****                                        const TickType_t xTimerPeriodInTicks,
 357:Middlewares/Third_Party/FreeRTOS/Source/timers.c ****                                        const BaseType_t xAutoReload,
 358:Middlewares/Third_Party/FreeRTOS/Source/timers.c ****                                        void * const pvTimerID,
 359:Middlewares/Third_Party/FreeRTOS/Source/timers.c ****                                        TimerCallbackFunction_t pxCallbackFunction,
 360:Middlewares/Third_Party/FreeRTOS/Source/timers.c ****                                        Timer_t * pxNewTimer )
 361:Middlewares/Third_Party/FreeRTOS/Source/timers.c ****     {
 362:Middlewares/Third_Party/FreeRTOS/Source/timers.c ****         /* 0 is not a valid value for xTimerPeriodInTicks. */
 363:Middlewares/Third_Party/FreeRTOS/Source/timers.c ****         configASSERT( ( xTimerPeriodInTicks > 0 ) );
 364:Middlewares/Third_Party/FreeRTOS/Source/timers.c **** 
 365:Middlewares/Third_Party/FreeRTOS/Source/timers.c ****         /* Ensure the infrastructure used by the timer service task has been
 366:Middlewares/Third_Party/FreeRTOS/Source/timers.c ****          * created/initialised. */
 367:Middlewares/Third_Party/FreeRTOS/Source/timers.c ****         prvCheckForValidListAndQueue();
 368:Middlewares/Third_Party/FreeRTOS/Source/timers.c **** 
 369:Middlewares/Third_Party/FreeRTOS/Source/timers.c ****         /* Initialise the timer structure members using the function
 370:Middlewares/Third_Party/FreeRTOS/Source/timers.c ****          * parameters. */
 371:Middlewares/Third_Party/FreeRTOS/Source/timers.c ****         pxNewTimer->pcTimerName = pcTimerName;
 372:Middlewares/Third_Party/FreeRTOS/Source/timers.c ****         pxNewTimer->xTimerPeriodInTicks = xTimerPeriodInTicks;
 373:Middlewares/Third_Party/FreeRTOS/Source/timers.c ****         pxNewTimer->pvTimerID = pvTimerID;
 374:Middlewares/Third_Party/FreeRTOS/Source/timers.c ****         pxNewTimer->pxCallbackFunction = pxCallbackFunction;
ARM GAS  /tmp/ccEl6umq.s 			page 8


 375:Middlewares/Third_Party/FreeRTOS/Source/timers.c ****         vListInitialiseItem( &( pxNewTimer->xTimerListItem ) );
 376:Middlewares/Third_Party/FreeRTOS/Source/timers.c **** 
 377:Middlewares/Third_Party/FreeRTOS/Source/timers.c ****         if( xAutoReload != pdFALSE )
 378:Middlewares/Third_Party/FreeRTOS/Source/timers.c ****         {
 379:Middlewares/Third_Party/FreeRTOS/Source/timers.c ****             pxNewTimer->ucStatus |= tmrSTATUS_IS_AUTORELOAD;
 380:Middlewares/Third_Party/FreeRTOS/Source/timers.c ****         }
 381:Middlewares/Third_Party/FreeRTOS/Source/timers.c **** 
 382:Middlewares/Third_Party/FreeRTOS/Source/timers.c ****         traceTIMER_CREATE( pxNewTimer );
 383:Middlewares/Third_Party/FreeRTOS/Source/timers.c ****     }
 384:Middlewares/Third_Party/FreeRTOS/Source/timers.c **** /*-----------------------------------------------------------*/
 385:Middlewares/Third_Party/FreeRTOS/Source/timers.c **** 
 386:Middlewares/Third_Party/FreeRTOS/Source/timers.c ****     BaseType_t xTimerGenericCommand( TimerHandle_t xTimer,
 387:Middlewares/Third_Party/FreeRTOS/Source/timers.c ****                                      const BaseType_t xCommandID,
 388:Middlewares/Third_Party/FreeRTOS/Source/timers.c ****                                      const TickType_t xOptionalValue,
 389:Middlewares/Third_Party/FreeRTOS/Source/timers.c ****                                      BaseType_t * const pxHigherPriorityTaskWoken,
 390:Middlewares/Third_Party/FreeRTOS/Source/timers.c ****                                      const TickType_t xTicksToWait )
 391:Middlewares/Third_Party/FreeRTOS/Source/timers.c ****     {
 392:Middlewares/Third_Party/FreeRTOS/Source/timers.c ****         BaseType_t xReturn = pdFAIL;
 393:Middlewares/Third_Party/FreeRTOS/Source/timers.c ****         DaemonTaskMessage_t xMessage;
 394:Middlewares/Third_Party/FreeRTOS/Source/timers.c **** 
 395:Middlewares/Third_Party/FreeRTOS/Source/timers.c ****         configASSERT( xTimer );
 396:Middlewares/Third_Party/FreeRTOS/Source/timers.c **** 
 397:Middlewares/Third_Party/FreeRTOS/Source/timers.c ****         /* Send a message to the timer service task to perform a particular action
 398:Middlewares/Third_Party/FreeRTOS/Source/timers.c ****          * on a particular timer definition. */
 399:Middlewares/Third_Party/FreeRTOS/Source/timers.c ****         if( xTimerQueue != NULL )
 400:Middlewares/Third_Party/FreeRTOS/Source/timers.c ****         {
 401:Middlewares/Third_Party/FreeRTOS/Source/timers.c ****             /* Send a command to the timer service task to start the xTimer timer. */
 402:Middlewares/Third_Party/FreeRTOS/Source/timers.c ****             xMessage.xMessageID = xCommandID;
 403:Middlewares/Third_Party/FreeRTOS/Source/timers.c ****             xMessage.u.xTimerParameters.xMessageValue = xOptionalValue;
 404:Middlewares/Third_Party/FreeRTOS/Source/timers.c ****             xMessage.u.xTimerParameters.pxTimer = xTimer;
 405:Middlewares/Third_Party/FreeRTOS/Source/timers.c **** 
 406:Middlewares/Third_Party/FreeRTOS/Source/timers.c ****             if( xCommandID < tmrFIRST_FROM_ISR_COMMAND )
 407:Middlewares/Third_Party/FreeRTOS/Source/timers.c ****             {
 408:Middlewares/Third_Party/FreeRTOS/Source/timers.c ****                 if( xTaskGetSchedulerState() == taskSCHEDULER_RUNNING )
 409:Middlewares/Third_Party/FreeRTOS/Source/timers.c ****                 {
 410:Middlewares/Third_Party/FreeRTOS/Source/timers.c ****                     xReturn = xQueueSendToBack( xTimerQueue, &xMessage, xTicksToWait );
 411:Middlewares/Third_Party/FreeRTOS/Source/timers.c ****                 }
 412:Middlewares/Third_Party/FreeRTOS/Source/timers.c ****                 else
 413:Middlewares/Third_Party/FreeRTOS/Source/timers.c ****                 {
 414:Middlewares/Third_Party/FreeRTOS/Source/timers.c ****                     xReturn = xQueueSendToBack( xTimerQueue, &xMessage, tmrNO_DELAY );
 415:Middlewares/Third_Party/FreeRTOS/Source/timers.c ****                 }
 416:Middlewares/Third_Party/FreeRTOS/Source/timers.c ****             }
 417:Middlewares/Third_Party/FreeRTOS/Source/timers.c ****             else
 418:Middlewares/Third_Party/FreeRTOS/Source/timers.c ****             {
 419:Middlewares/Third_Party/FreeRTOS/Source/timers.c ****                 xReturn = xQueueSendToBackFromISR( xTimerQueue, &xMessage, pxHigherPriorityTaskWoke
 420:Middlewares/Third_Party/FreeRTOS/Source/timers.c ****             }
 421:Middlewares/Third_Party/FreeRTOS/Source/timers.c **** 
 422:Middlewares/Third_Party/FreeRTOS/Source/timers.c ****             traceTIMER_COMMAND_SEND( xTimer, xCommandID, xOptionalValue, xReturn );
 423:Middlewares/Third_Party/FreeRTOS/Source/timers.c ****         }
 424:Middlewares/Third_Party/FreeRTOS/Source/timers.c ****         else
 425:Middlewares/Third_Party/FreeRTOS/Source/timers.c ****         {
 426:Middlewares/Third_Party/FreeRTOS/Source/timers.c ****             mtCOVERAGE_TEST_MARKER();
 427:Middlewares/Third_Party/FreeRTOS/Source/timers.c ****         }
 428:Middlewares/Third_Party/FreeRTOS/Source/timers.c **** 
 429:Middlewares/Third_Party/FreeRTOS/Source/timers.c ****         return xReturn;
 430:Middlewares/Third_Party/FreeRTOS/Source/timers.c ****     }
 431:Middlewares/Third_Party/FreeRTOS/Source/timers.c **** /*-----------------------------------------------------------*/
ARM GAS  /tmp/ccEl6umq.s 			page 9


 432:Middlewares/Third_Party/FreeRTOS/Source/timers.c **** 
 433:Middlewares/Third_Party/FreeRTOS/Source/timers.c ****     TaskHandle_t xTimerGetTimerDaemonTaskHandle( void )
 434:Middlewares/Third_Party/FreeRTOS/Source/timers.c ****     {
 435:Middlewares/Third_Party/FreeRTOS/Source/timers.c ****         /* If xTimerGetTimerDaemonTaskHandle() is called before the scheduler has been
 436:Middlewares/Third_Party/FreeRTOS/Source/timers.c ****          * started, then xTimerTaskHandle will be NULL. */
 437:Middlewares/Third_Party/FreeRTOS/Source/timers.c ****         configASSERT( ( xTimerTaskHandle != NULL ) );
 438:Middlewares/Third_Party/FreeRTOS/Source/timers.c ****         return xTimerTaskHandle;
 439:Middlewares/Third_Party/FreeRTOS/Source/timers.c ****     }
 440:Middlewares/Third_Party/FreeRTOS/Source/timers.c **** /*-----------------------------------------------------------*/
 441:Middlewares/Third_Party/FreeRTOS/Source/timers.c **** 
 442:Middlewares/Third_Party/FreeRTOS/Source/timers.c ****     TickType_t xTimerGetPeriod( TimerHandle_t xTimer )
 443:Middlewares/Third_Party/FreeRTOS/Source/timers.c ****     {
 444:Middlewares/Third_Party/FreeRTOS/Source/timers.c ****         Timer_t * pxTimer = xTimer;
 445:Middlewares/Third_Party/FreeRTOS/Source/timers.c **** 
 446:Middlewares/Third_Party/FreeRTOS/Source/timers.c ****         configASSERT( xTimer );
 447:Middlewares/Third_Party/FreeRTOS/Source/timers.c ****         return pxTimer->xTimerPeriodInTicks;
 448:Middlewares/Third_Party/FreeRTOS/Source/timers.c ****     }
 449:Middlewares/Third_Party/FreeRTOS/Source/timers.c **** /*-----------------------------------------------------------*/
 450:Middlewares/Third_Party/FreeRTOS/Source/timers.c **** 
 451:Middlewares/Third_Party/FreeRTOS/Source/timers.c ****     void vTimerSetReloadMode( TimerHandle_t xTimer,
 452:Middlewares/Third_Party/FreeRTOS/Source/timers.c ****                               const BaseType_t xAutoReload )
 453:Middlewares/Third_Party/FreeRTOS/Source/timers.c ****     {
 454:Middlewares/Third_Party/FreeRTOS/Source/timers.c ****         Timer_t * pxTimer = xTimer;
 455:Middlewares/Third_Party/FreeRTOS/Source/timers.c **** 
 456:Middlewares/Third_Party/FreeRTOS/Source/timers.c ****         configASSERT( xTimer );
 457:Middlewares/Third_Party/FreeRTOS/Source/timers.c ****         taskENTER_CRITICAL();
 458:Middlewares/Third_Party/FreeRTOS/Source/timers.c ****         {
 459:Middlewares/Third_Party/FreeRTOS/Source/timers.c ****             if( xAutoReload != pdFALSE )
 460:Middlewares/Third_Party/FreeRTOS/Source/timers.c ****             {
 461:Middlewares/Third_Party/FreeRTOS/Source/timers.c ****                 pxTimer->ucStatus |= tmrSTATUS_IS_AUTORELOAD;
 462:Middlewares/Third_Party/FreeRTOS/Source/timers.c ****             }
 463:Middlewares/Third_Party/FreeRTOS/Source/timers.c ****             else
 464:Middlewares/Third_Party/FreeRTOS/Source/timers.c ****             {
 465:Middlewares/Third_Party/FreeRTOS/Source/timers.c ****                 pxTimer->ucStatus &= ( ( uint8_t ) ~tmrSTATUS_IS_AUTORELOAD );
 466:Middlewares/Third_Party/FreeRTOS/Source/timers.c ****             }
 467:Middlewares/Third_Party/FreeRTOS/Source/timers.c ****         }
 468:Middlewares/Third_Party/FreeRTOS/Source/timers.c ****         taskEXIT_CRITICAL();
 469:Middlewares/Third_Party/FreeRTOS/Source/timers.c ****     }
 470:Middlewares/Third_Party/FreeRTOS/Source/timers.c **** /*-----------------------------------------------------------*/
 471:Middlewares/Third_Party/FreeRTOS/Source/timers.c **** 
 472:Middlewares/Third_Party/FreeRTOS/Source/timers.c ****     BaseType_t xTimerGetReloadMode( TimerHandle_t xTimer )
 473:Middlewares/Third_Party/FreeRTOS/Source/timers.c ****     {
 474:Middlewares/Third_Party/FreeRTOS/Source/timers.c ****         Timer_t * pxTimer = xTimer;
 475:Middlewares/Third_Party/FreeRTOS/Source/timers.c ****         BaseType_t xReturn;
 476:Middlewares/Third_Party/FreeRTOS/Source/timers.c **** 
 477:Middlewares/Third_Party/FreeRTOS/Source/timers.c ****         configASSERT( xTimer );
 478:Middlewares/Third_Party/FreeRTOS/Source/timers.c ****         taskENTER_CRITICAL();
 479:Middlewares/Third_Party/FreeRTOS/Source/timers.c ****         {
 480:Middlewares/Third_Party/FreeRTOS/Source/timers.c ****             if( ( pxTimer->ucStatus & tmrSTATUS_IS_AUTORELOAD ) == 0 )
 481:Middlewares/Third_Party/FreeRTOS/Source/timers.c ****             {
 482:Middlewares/Third_Party/FreeRTOS/Source/timers.c ****                 /* Not an auto-reload timer. */
 483:Middlewares/Third_Party/FreeRTOS/Source/timers.c ****                 xReturn = pdFALSE;
 484:Middlewares/Third_Party/FreeRTOS/Source/timers.c ****             }
 485:Middlewares/Third_Party/FreeRTOS/Source/timers.c ****             else
 486:Middlewares/Third_Party/FreeRTOS/Source/timers.c ****             {
 487:Middlewares/Third_Party/FreeRTOS/Source/timers.c ****                 /* Is an auto-reload timer. */
 488:Middlewares/Third_Party/FreeRTOS/Source/timers.c ****                 xReturn = pdTRUE;
ARM GAS  /tmp/ccEl6umq.s 			page 10


 489:Middlewares/Third_Party/FreeRTOS/Source/timers.c ****             }
 490:Middlewares/Third_Party/FreeRTOS/Source/timers.c ****         }
 491:Middlewares/Third_Party/FreeRTOS/Source/timers.c ****         taskEXIT_CRITICAL();
 492:Middlewares/Third_Party/FreeRTOS/Source/timers.c **** 
 493:Middlewares/Third_Party/FreeRTOS/Source/timers.c ****         return xReturn;
 494:Middlewares/Third_Party/FreeRTOS/Source/timers.c ****     }
 495:Middlewares/Third_Party/FreeRTOS/Source/timers.c **** 
 496:Middlewares/Third_Party/FreeRTOS/Source/timers.c ****     UBaseType_t uxTimerGetReloadMode( TimerHandle_t xTimer )
 497:Middlewares/Third_Party/FreeRTOS/Source/timers.c ****     {
 498:Middlewares/Third_Party/FreeRTOS/Source/timers.c ****         return ( UBaseType_t ) xTimerGetReloadMode( xTimer );
 499:Middlewares/Third_Party/FreeRTOS/Source/timers.c ****     }
 500:Middlewares/Third_Party/FreeRTOS/Source/timers.c **** /*-----------------------------------------------------------*/
 501:Middlewares/Third_Party/FreeRTOS/Source/timers.c **** 
 502:Middlewares/Third_Party/FreeRTOS/Source/timers.c ****     TickType_t xTimerGetExpiryTime( TimerHandle_t xTimer )
 503:Middlewares/Third_Party/FreeRTOS/Source/timers.c ****     {
 504:Middlewares/Third_Party/FreeRTOS/Source/timers.c ****         Timer_t * pxTimer = xTimer;
 505:Middlewares/Third_Party/FreeRTOS/Source/timers.c ****         TickType_t xReturn;
 506:Middlewares/Third_Party/FreeRTOS/Source/timers.c **** 
 507:Middlewares/Third_Party/FreeRTOS/Source/timers.c ****         configASSERT( xTimer );
 508:Middlewares/Third_Party/FreeRTOS/Source/timers.c ****         xReturn = listGET_LIST_ITEM_VALUE( &( pxTimer->xTimerListItem ) );
 509:Middlewares/Third_Party/FreeRTOS/Source/timers.c ****         return xReturn;
 510:Middlewares/Third_Party/FreeRTOS/Source/timers.c ****     }
 511:Middlewares/Third_Party/FreeRTOS/Source/timers.c **** /*-----------------------------------------------------------*/
 512:Middlewares/Third_Party/FreeRTOS/Source/timers.c **** 
 513:Middlewares/Third_Party/FreeRTOS/Source/timers.c ****     const char * pcTimerGetName( TimerHandle_t xTimer ) /*lint !e971 Unqualified char types are all
 514:Middlewares/Third_Party/FreeRTOS/Source/timers.c ****     {
 515:Middlewares/Third_Party/FreeRTOS/Source/timers.c ****         Timer_t * pxTimer = xTimer;
 516:Middlewares/Third_Party/FreeRTOS/Source/timers.c **** 
 517:Middlewares/Third_Party/FreeRTOS/Source/timers.c ****         configASSERT( xTimer );
 518:Middlewares/Third_Party/FreeRTOS/Source/timers.c ****         return pxTimer->pcTimerName;
 519:Middlewares/Third_Party/FreeRTOS/Source/timers.c ****     }
 520:Middlewares/Third_Party/FreeRTOS/Source/timers.c **** /*-----------------------------------------------------------*/
 521:Middlewares/Third_Party/FreeRTOS/Source/timers.c **** 
 522:Middlewares/Third_Party/FreeRTOS/Source/timers.c ****     static void prvReloadTimer( Timer_t * const pxTimer,
 523:Middlewares/Third_Party/FreeRTOS/Source/timers.c ****                                 TickType_t xExpiredTime,
 524:Middlewares/Third_Party/FreeRTOS/Source/timers.c ****                                 const TickType_t xTimeNow )
 525:Middlewares/Third_Party/FreeRTOS/Source/timers.c ****     {
 526:Middlewares/Third_Party/FreeRTOS/Source/timers.c ****         /* Insert the timer into the appropriate list for the next expiry time.
 527:Middlewares/Third_Party/FreeRTOS/Source/timers.c ****          * If the next expiry time has already passed, advance the expiry time,
 528:Middlewares/Third_Party/FreeRTOS/Source/timers.c ****          * call the callback function, and try again. */
 529:Middlewares/Third_Party/FreeRTOS/Source/timers.c ****         while( prvInsertTimerInActiveList( pxTimer, ( xExpiredTime + pxTimer->xTimerPeriodInTicks )
 530:Middlewares/Third_Party/FreeRTOS/Source/timers.c ****         {
 531:Middlewares/Third_Party/FreeRTOS/Source/timers.c ****             /* Advance the expiry time. */
 532:Middlewares/Third_Party/FreeRTOS/Source/timers.c ****             xExpiredTime += pxTimer->xTimerPeriodInTicks;
 533:Middlewares/Third_Party/FreeRTOS/Source/timers.c **** 
 534:Middlewares/Third_Party/FreeRTOS/Source/timers.c ****             /* Call the timer callback. */
 535:Middlewares/Third_Party/FreeRTOS/Source/timers.c ****             traceTIMER_EXPIRED( pxTimer );
 536:Middlewares/Third_Party/FreeRTOS/Source/timers.c ****             pxTimer->pxCallbackFunction( ( TimerHandle_t ) pxTimer );
 537:Middlewares/Third_Party/FreeRTOS/Source/timers.c ****         }
 538:Middlewares/Third_Party/FreeRTOS/Source/timers.c ****     }
 539:Middlewares/Third_Party/FreeRTOS/Source/timers.c **** /*-----------------------------------------------------------*/
 540:Middlewares/Third_Party/FreeRTOS/Source/timers.c **** 
 541:Middlewares/Third_Party/FreeRTOS/Source/timers.c ****     static void prvProcessExpiredTimer( const TickType_t xNextExpireTime,
 542:Middlewares/Third_Party/FreeRTOS/Source/timers.c ****                                         const TickType_t xTimeNow )
 543:Middlewares/Third_Party/FreeRTOS/Source/timers.c ****     {
 544:Middlewares/Third_Party/FreeRTOS/Source/timers.c ****         Timer_t * const pxTimer = ( Timer_t * ) listGET_OWNER_OF_HEAD_ENTRY( pxCurrentTimerList ); 
 545:Middlewares/Third_Party/FreeRTOS/Source/timers.c **** 
ARM GAS  /tmp/ccEl6umq.s 			page 11


 546:Middlewares/Third_Party/FreeRTOS/Source/timers.c ****         /* Remove the timer from the list of active timers.  A check has already
 547:Middlewares/Third_Party/FreeRTOS/Source/timers.c ****          * been performed to ensure the list is not empty. */
 548:Middlewares/Third_Party/FreeRTOS/Source/timers.c **** 
 549:Middlewares/Third_Party/FreeRTOS/Source/timers.c ****         ( void ) uxListRemove( &( pxTimer->xTimerListItem ) );
 550:Middlewares/Third_Party/FreeRTOS/Source/timers.c **** 
 551:Middlewares/Third_Party/FreeRTOS/Source/timers.c ****         /* If the timer is an auto-reload timer then calculate the next
 552:Middlewares/Third_Party/FreeRTOS/Source/timers.c ****          * expiry time and re-insert the timer in the list of active timers. */
 553:Middlewares/Third_Party/FreeRTOS/Source/timers.c ****         if( ( pxTimer->ucStatus & tmrSTATUS_IS_AUTORELOAD ) != 0 )
 554:Middlewares/Third_Party/FreeRTOS/Source/timers.c ****         {
 555:Middlewares/Third_Party/FreeRTOS/Source/timers.c ****             prvReloadTimer( pxTimer, xNextExpireTime, xTimeNow );
 556:Middlewares/Third_Party/FreeRTOS/Source/timers.c ****         }
 557:Middlewares/Third_Party/FreeRTOS/Source/timers.c ****         else
 558:Middlewares/Third_Party/FreeRTOS/Source/timers.c ****         {
 559:Middlewares/Third_Party/FreeRTOS/Source/timers.c ****             pxTimer->ucStatus &= ( ( uint8_t ) ~tmrSTATUS_IS_ACTIVE );
 560:Middlewares/Third_Party/FreeRTOS/Source/timers.c ****         }
 561:Middlewares/Third_Party/FreeRTOS/Source/timers.c **** 
 562:Middlewares/Third_Party/FreeRTOS/Source/timers.c ****         /* Call the timer callback. */
 563:Middlewares/Third_Party/FreeRTOS/Source/timers.c ****         traceTIMER_EXPIRED( pxTimer );
 564:Middlewares/Third_Party/FreeRTOS/Source/timers.c ****         pxTimer->pxCallbackFunction( ( TimerHandle_t ) pxTimer );
 565:Middlewares/Third_Party/FreeRTOS/Source/timers.c ****     }
 566:Middlewares/Third_Party/FreeRTOS/Source/timers.c **** /*-----------------------------------------------------------*/
 567:Middlewares/Third_Party/FreeRTOS/Source/timers.c **** 
 568:Middlewares/Third_Party/FreeRTOS/Source/timers.c ****     static portTASK_FUNCTION( prvTimerTask, pvParameters )
 569:Middlewares/Third_Party/FreeRTOS/Source/timers.c ****     {
 570:Middlewares/Third_Party/FreeRTOS/Source/timers.c ****         TickType_t xNextExpireTime;
 571:Middlewares/Third_Party/FreeRTOS/Source/timers.c ****         BaseType_t xListWasEmpty;
 572:Middlewares/Third_Party/FreeRTOS/Source/timers.c **** 
 573:Middlewares/Third_Party/FreeRTOS/Source/timers.c ****         /* Just to avoid compiler warnings. */
 574:Middlewares/Third_Party/FreeRTOS/Source/timers.c ****         ( void ) pvParameters;
 575:Middlewares/Third_Party/FreeRTOS/Source/timers.c **** 
 576:Middlewares/Third_Party/FreeRTOS/Source/timers.c ****         #if ( configUSE_DAEMON_TASK_STARTUP_HOOK == 1 )
 577:Middlewares/Third_Party/FreeRTOS/Source/timers.c ****         {
 578:Middlewares/Third_Party/FreeRTOS/Source/timers.c ****             extern void vApplicationDaemonTaskStartupHook( void );
 579:Middlewares/Third_Party/FreeRTOS/Source/timers.c **** 
 580:Middlewares/Third_Party/FreeRTOS/Source/timers.c ****             /* Allow the application writer to execute some code in the context of
 581:Middlewares/Third_Party/FreeRTOS/Source/timers.c ****              * this task at the point the task starts executing.  This is useful if the
 582:Middlewares/Third_Party/FreeRTOS/Source/timers.c ****              * application includes initialisation code that would benefit from
 583:Middlewares/Third_Party/FreeRTOS/Source/timers.c ****              * executing after the scheduler has been started. */
 584:Middlewares/Third_Party/FreeRTOS/Source/timers.c ****             vApplicationDaemonTaskStartupHook();
 585:Middlewares/Third_Party/FreeRTOS/Source/timers.c ****         }
 586:Middlewares/Third_Party/FreeRTOS/Source/timers.c ****         #endif /* configUSE_DAEMON_TASK_STARTUP_HOOK */
 587:Middlewares/Third_Party/FreeRTOS/Source/timers.c **** 
 588:Middlewares/Third_Party/FreeRTOS/Source/timers.c ****         for( ; ; )
 589:Middlewares/Third_Party/FreeRTOS/Source/timers.c ****         {
 590:Middlewares/Third_Party/FreeRTOS/Source/timers.c ****             /* Query the timers list to see if it contains any timers, and if so,
 591:Middlewares/Third_Party/FreeRTOS/Source/timers.c ****              * obtain the time at which the next timer will expire. */
 592:Middlewares/Third_Party/FreeRTOS/Source/timers.c ****             xNextExpireTime = prvGetNextExpireTime( &xListWasEmpty );
 593:Middlewares/Third_Party/FreeRTOS/Source/timers.c **** 
 594:Middlewares/Third_Party/FreeRTOS/Source/timers.c ****             /* If a timer has expired, process it.  Otherwise, block this task
 595:Middlewares/Third_Party/FreeRTOS/Source/timers.c ****              * until either a timer does expire, or a command is received. */
 596:Middlewares/Third_Party/FreeRTOS/Source/timers.c ****             prvProcessTimerOrBlockTask( xNextExpireTime, xListWasEmpty );
 597:Middlewares/Third_Party/FreeRTOS/Source/timers.c **** 
 598:Middlewares/Third_Party/FreeRTOS/Source/timers.c ****             /* Empty the command queue. */
 599:Middlewares/Third_Party/FreeRTOS/Source/timers.c ****             prvProcessReceivedCommands();
 600:Middlewares/Third_Party/FreeRTOS/Source/timers.c ****         }
 601:Middlewares/Third_Party/FreeRTOS/Source/timers.c ****     }
 602:Middlewares/Third_Party/FreeRTOS/Source/timers.c **** /*-----------------------------------------------------------*/
ARM GAS  /tmp/ccEl6umq.s 			page 12


 603:Middlewares/Third_Party/FreeRTOS/Source/timers.c **** 
 604:Middlewares/Third_Party/FreeRTOS/Source/timers.c ****     static void prvProcessTimerOrBlockTask( const TickType_t xNextExpireTime,
 605:Middlewares/Third_Party/FreeRTOS/Source/timers.c ****                                             BaseType_t xListWasEmpty )
 606:Middlewares/Third_Party/FreeRTOS/Source/timers.c ****     {
 607:Middlewares/Third_Party/FreeRTOS/Source/timers.c ****         TickType_t xTimeNow;
 608:Middlewares/Third_Party/FreeRTOS/Source/timers.c ****         BaseType_t xTimerListsWereSwitched;
 609:Middlewares/Third_Party/FreeRTOS/Source/timers.c **** 
 610:Middlewares/Third_Party/FreeRTOS/Source/timers.c ****         vTaskSuspendAll();
 611:Middlewares/Third_Party/FreeRTOS/Source/timers.c ****         {
 612:Middlewares/Third_Party/FreeRTOS/Source/timers.c ****             /* Obtain the time now to make an assessment as to whether the timer
 613:Middlewares/Third_Party/FreeRTOS/Source/timers.c ****              * has expired or not.  If obtaining the time causes the lists to switch
 614:Middlewares/Third_Party/FreeRTOS/Source/timers.c ****              * then don't process this timer as any timers that remained in the list
 615:Middlewares/Third_Party/FreeRTOS/Source/timers.c ****              * when the lists were switched will have been processed within the
 616:Middlewares/Third_Party/FreeRTOS/Source/timers.c ****              * prvSampleTimeNow() function. */
 617:Middlewares/Third_Party/FreeRTOS/Source/timers.c ****             xTimeNow = prvSampleTimeNow( &xTimerListsWereSwitched );
 618:Middlewares/Third_Party/FreeRTOS/Source/timers.c **** 
 619:Middlewares/Third_Party/FreeRTOS/Source/timers.c ****             if( xTimerListsWereSwitched == pdFALSE )
 620:Middlewares/Third_Party/FreeRTOS/Source/timers.c ****             {
 621:Middlewares/Third_Party/FreeRTOS/Source/timers.c ****                 /* The tick count has not overflowed, has the timer expired? */
 622:Middlewares/Third_Party/FreeRTOS/Source/timers.c ****                 if( ( xListWasEmpty == pdFALSE ) && ( xNextExpireTime <= xTimeNow ) )
 623:Middlewares/Third_Party/FreeRTOS/Source/timers.c ****                 {
 624:Middlewares/Third_Party/FreeRTOS/Source/timers.c ****                     ( void ) xTaskResumeAll();
 625:Middlewares/Third_Party/FreeRTOS/Source/timers.c ****                     prvProcessExpiredTimer( xNextExpireTime, xTimeNow );
 626:Middlewares/Third_Party/FreeRTOS/Source/timers.c ****                 }
 627:Middlewares/Third_Party/FreeRTOS/Source/timers.c ****                 else
 628:Middlewares/Third_Party/FreeRTOS/Source/timers.c ****                 {
 629:Middlewares/Third_Party/FreeRTOS/Source/timers.c ****                     /* The tick count has not overflowed, and the next expire
 630:Middlewares/Third_Party/FreeRTOS/Source/timers.c ****                      * time has not been reached yet.  This task should therefore
 631:Middlewares/Third_Party/FreeRTOS/Source/timers.c ****                      * block to wait for the next expire time or a command to be
 632:Middlewares/Third_Party/FreeRTOS/Source/timers.c ****                      * received - whichever comes first.  The following line cannot
 633:Middlewares/Third_Party/FreeRTOS/Source/timers.c ****                      * be reached unless xNextExpireTime > xTimeNow, except in the
 634:Middlewares/Third_Party/FreeRTOS/Source/timers.c ****                      * case when the current timer list is empty. */
 635:Middlewares/Third_Party/FreeRTOS/Source/timers.c ****                     if( xListWasEmpty != pdFALSE )
 636:Middlewares/Third_Party/FreeRTOS/Source/timers.c ****                     {
 637:Middlewares/Third_Party/FreeRTOS/Source/timers.c ****                         /* The current timer list is empty - is the overflow list
 638:Middlewares/Third_Party/FreeRTOS/Source/timers.c ****                          * also empty? */
 639:Middlewares/Third_Party/FreeRTOS/Source/timers.c ****                         xListWasEmpty = listLIST_IS_EMPTY( pxOverflowTimerList );
 640:Middlewares/Third_Party/FreeRTOS/Source/timers.c ****                     }
 641:Middlewares/Third_Party/FreeRTOS/Source/timers.c **** 
 642:Middlewares/Third_Party/FreeRTOS/Source/timers.c ****                     vQueueWaitForMessageRestricted( xTimerQueue, ( xNextExpireTime - xTimeNow ), xL
 643:Middlewares/Third_Party/FreeRTOS/Source/timers.c **** 
 644:Middlewares/Third_Party/FreeRTOS/Source/timers.c ****                     if( xTaskResumeAll() == pdFALSE )
 645:Middlewares/Third_Party/FreeRTOS/Source/timers.c ****                     {
 646:Middlewares/Third_Party/FreeRTOS/Source/timers.c ****                         /* Yield to wait for either a command to arrive, or the
 647:Middlewares/Third_Party/FreeRTOS/Source/timers.c ****                          * block time to expire.  If a command arrived between the
 648:Middlewares/Third_Party/FreeRTOS/Source/timers.c ****                          * critical section being exited and this yield then the yield
 649:Middlewares/Third_Party/FreeRTOS/Source/timers.c ****                          * will not cause the task to block. */
 650:Middlewares/Third_Party/FreeRTOS/Source/timers.c ****                         portYIELD_WITHIN_API();
 651:Middlewares/Third_Party/FreeRTOS/Source/timers.c ****                     }
 652:Middlewares/Third_Party/FreeRTOS/Source/timers.c ****                     else
 653:Middlewares/Third_Party/FreeRTOS/Source/timers.c ****                     {
 654:Middlewares/Third_Party/FreeRTOS/Source/timers.c ****                         mtCOVERAGE_TEST_MARKER();
 655:Middlewares/Third_Party/FreeRTOS/Source/timers.c ****                     }
 656:Middlewares/Third_Party/FreeRTOS/Source/timers.c ****                 }
 657:Middlewares/Third_Party/FreeRTOS/Source/timers.c ****             }
 658:Middlewares/Third_Party/FreeRTOS/Source/timers.c ****             else
 659:Middlewares/Third_Party/FreeRTOS/Source/timers.c ****             {
ARM GAS  /tmp/ccEl6umq.s 			page 13


 660:Middlewares/Third_Party/FreeRTOS/Source/timers.c ****                 ( void ) xTaskResumeAll();
 661:Middlewares/Third_Party/FreeRTOS/Source/timers.c ****             }
 662:Middlewares/Third_Party/FreeRTOS/Source/timers.c ****         }
 663:Middlewares/Third_Party/FreeRTOS/Source/timers.c ****     }
 664:Middlewares/Third_Party/FreeRTOS/Source/timers.c **** /*-----------------------------------------------------------*/
 665:Middlewares/Third_Party/FreeRTOS/Source/timers.c **** 
 666:Middlewares/Third_Party/FreeRTOS/Source/timers.c ****     static TickType_t prvGetNextExpireTime( BaseType_t * const pxListWasEmpty )
 667:Middlewares/Third_Party/FreeRTOS/Source/timers.c ****     {
 668:Middlewares/Third_Party/FreeRTOS/Source/timers.c ****         TickType_t xNextExpireTime;
 669:Middlewares/Third_Party/FreeRTOS/Source/timers.c **** 
 670:Middlewares/Third_Party/FreeRTOS/Source/timers.c ****         /* Timers are listed in expiry time order, with the head of the list
 671:Middlewares/Third_Party/FreeRTOS/Source/timers.c ****          * referencing the task that will expire first.  Obtain the time at which
 672:Middlewares/Third_Party/FreeRTOS/Source/timers.c ****          * the timer with the nearest expiry time will expire.  If there are no
 673:Middlewares/Third_Party/FreeRTOS/Source/timers.c ****          * active timers then just set the next expire time to 0.  That will cause
 674:Middlewares/Third_Party/FreeRTOS/Source/timers.c ****          * this task to unblock when the tick count overflows, at which point the
 675:Middlewares/Third_Party/FreeRTOS/Source/timers.c ****          * timer lists will be switched and the next expiry time can be
 676:Middlewares/Third_Party/FreeRTOS/Source/timers.c ****          * re-assessed.  */
 677:Middlewares/Third_Party/FreeRTOS/Source/timers.c ****         *pxListWasEmpty = listLIST_IS_EMPTY( pxCurrentTimerList );
 678:Middlewares/Third_Party/FreeRTOS/Source/timers.c **** 
 679:Middlewares/Third_Party/FreeRTOS/Source/timers.c ****         if( *pxListWasEmpty == pdFALSE )
 680:Middlewares/Third_Party/FreeRTOS/Source/timers.c ****         {
 681:Middlewares/Third_Party/FreeRTOS/Source/timers.c ****             xNextExpireTime = listGET_ITEM_VALUE_OF_HEAD_ENTRY( pxCurrentTimerList );
 682:Middlewares/Third_Party/FreeRTOS/Source/timers.c ****         }
 683:Middlewares/Third_Party/FreeRTOS/Source/timers.c ****         else
 684:Middlewares/Third_Party/FreeRTOS/Source/timers.c ****         {
 685:Middlewares/Third_Party/FreeRTOS/Source/timers.c ****             /* Ensure the task unblocks when the tick count rolls over. */
 686:Middlewares/Third_Party/FreeRTOS/Source/timers.c ****             xNextExpireTime = ( TickType_t ) 0U;
 687:Middlewares/Third_Party/FreeRTOS/Source/timers.c ****         }
 688:Middlewares/Third_Party/FreeRTOS/Source/timers.c **** 
 689:Middlewares/Third_Party/FreeRTOS/Source/timers.c ****         return xNextExpireTime;
 690:Middlewares/Third_Party/FreeRTOS/Source/timers.c ****     }
 691:Middlewares/Third_Party/FreeRTOS/Source/timers.c **** /*-----------------------------------------------------------*/
 692:Middlewares/Third_Party/FreeRTOS/Source/timers.c **** 
 693:Middlewares/Third_Party/FreeRTOS/Source/timers.c ****     static TickType_t prvSampleTimeNow( BaseType_t * const pxTimerListsWereSwitched )
 694:Middlewares/Third_Party/FreeRTOS/Source/timers.c ****     {
 695:Middlewares/Third_Party/FreeRTOS/Source/timers.c ****         TickType_t xTimeNow;
 696:Middlewares/Third_Party/FreeRTOS/Source/timers.c ****         PRIVILEGED_DATA static TickType_t xLastTime = ( TickType_t ) 0U; /*lint !e956 Variable is o
 697:Middlewares/Third_Party/FreeRTOS/Source/timers.c **** 
 698:Middlewares/Third_Party/FreeRTOS/Source/timers.c ****         xTimeNow = xTaskGetTickCount();
 699:Middlewares/Third_Party/FreeRTOS/Source/timers.c **** 
 700:Middlewares/Third_Party/FreeRTOS/Source/timers.c ****         if( xTimeNow < xLastTime )
 701:Middlewares/Third_Party/FreeRTOS/Source/timers.c ****         {
 702:Middlewares/Third_Party/FreeRTOS/Source/timers.c ****             prvSwitchTimerLists();
 703:Middlewares/Third_Party/FreeRTOS/Source/timers.c ****             *pxTimerListsWereSwitched = pdTRUE;
 704:Middlewares/Third_Party/FreeRTOS/Source/timers.c ****         }
 705:Middlewares/Third_Party/FreeRTOS/Source/timers.c ****         else
 706:Middlewares/Third_Party/FreeRTOS/Source/timers.c ****         {
 707:Middlewares/Third_Party/FreeRTOS/Source/timers.c ****             *pxTimerListsWereSwitched = pdFALSE;
 708:Middlewares/Third_Party/FreeRTOS/Source/timers.c ****         }
 709:Middlewares/Third_Party/FreeRTOS/Source/timers.c **** 
 710:Middlewares/Third_Party/FreeRTOS/Source/timers.c ****         xLastTime = xTimeNow;
 711:Middlewares/Third_Party/FreeRTOS/Source/timers.c **** 
 712:Middlewares/Third_Party/FreeRTOS/Source/timers.c ****         return xTimeNow;
 713:Middlewares/Third_Party/FreeRTOS/Source/timers.c ****     }
 714:Middlewares/Third_Party/FreeRTOS/Source/timers.c **** /*-----------------------------------------------------------*/
 715:Middlewares/Third_Party/FreeRTOS/Source/timers.c **** 
 716:Middlewares/Third_Party/FreeRTOS/Source/timers.c ****     static BaseType_t prvInsertTimerInActiveList( Timer_t * const pxTimer,
ARM GAS  /tmp/ccEl6umq.s 			page 14


 717:Middlewares/Third_Party/FreeRTOS/Source/timers.c ****                                                   const TickType_t xNextExpiryTime,
 718:Middlewares/Third_Party/FreeRTOS/Source/timers.c ****                                                   const TickType_t xTimeNow,
 719:Middlewares/Third_Party/FreeRTOS/Source/timers.c ****                                                   const TickType_t xCommandTime )
 720:Middlewares/Third_Party/FreeRTOS/Source/timers.c ****     {
  27              		.loc 1 720 5 view -0
  28              		.cfi_startproc
  29              		@ args = 0, pretend = 0, frame = 0
  30              		@ frame_needed = 0, uses_anonymous_args = 0
 721:Middlewares/Third_Party/FreeRTOS/Source/timers.c ****         BaseType_t xProcessTimerNow = pdFALSE;
  31              		.loc 1 721 9 view .LVU1
 722:Middlewares/Third_Party/FreeRTOS/Source/timers.c **** 
 723:Middlewares/Third_Party/FreeRTOS/Source/timers.c ****         listSET_LIST_ITEM_VALUE( &( pxTimer->xTimerListItem ), xNextExpiryTime );
  32              		.loc 1 723 9 view .LVU2
 720:Middlewares/Third_Party/FreeRTOS/Source/timers.c ****         BaseType_t xProcessTimerNow = pdFALSE;
  33              		.loc 1 720 5 is_stmt 0 view .LVU3
  34 0000 10B5     		push	{r4, lr}
  35              		.cfi_def_cfa_offset 8
  36              		.cfi_offset 4, -8
  37              		.cfi_offset 14, -4
 720:Middlewares/Third_Party/FreeRTOS/Source/timers.c ****         BaseType_t xProcessTimerNow = pdFALSE;
  38              		.loc 1 720 5 view .LVU4
  39 0002 0400     		movs	r4, r0
  40              		.loc 1 723 9 view .LVU5
  41 0004 4160     		str	r1, [r0, #4]
 724:Middlewares/Third_Party/FreeRTOS/Source/timers.c ****         listSET_LIST_ITEM_OWNER( &( pxTimer->xTimerListItem ), pxTimer );
  42              		.loc 1 724 9 is_stmt 1 view .LVU6
  43 0006 0061     		str	r0, [r0, #16]
 725:Middlewares/Third_Party/FreeRTOS/Source/timers.c **** 
 726:Middlewares/Third_Party/FreeRTOS/Source/timers.c ****         if( xNextExpiryTime <= xTimeNow )
  44              		.loc 1 726 9 view .LVU7
  45              		.loc 1 726 11 is_stmt 0 view .LVU8
  46 0008 9142     		cmp	r1, r2
  47 000a 0BD8     		bhi	.L2
 727:Middlewares/Third_Party/FreeRTOS/Source/timers.c ****         {
 728:Middlewares/Third_Party/FreeRTOS/Source/timers.c ****             /* Has the expiry time elapsed between the command to start/reset a
 729:Middlewares/Third_Party/FreeRTOS/Source/timers.c ****              * timer was issued, and the time the command was processed? */
 730:Middlewares/Third_Party/FreeRTOS/Source/timers.c ****             if( ( ( TickType_t ) ( xTimeNow - xCommandTime ) ) >= pxTimer->xTimerPeriodInTicks ) /*
  48              		.loc 1 730 13 is_stmt 1 view .LVU9
  49              		.loc 1 730 45 is_stmt 0 view .LVU10
  50 000c D21A     		subs	r2, r2, r3
  51              	.LVL1:
  52              		.loc 1 730 15 view .LVU11
  53 000e 8369     		ldr	r3, [r0, #24]
  54              	.LVL2:
 731:Middlewares/Third_Party/FreeRTOS/Source/timers.c ****             {
 732:Middlewares/Third_Party/FreeRTOS/Source/timers.c ****                 /* The time between a command being issued and the command being
 733:Middlewares/Third_Party/FreeRTOS/Source/timers.c ****                  * processed actually exceeds the timers period.  */
 734:Middlewares/Third_Party/FreeRTOS/Source/timers.c ****                 xProcessTimerNow = pdTRUE;
 735:Middlewares/Third_Party/FreeRTOS/Source/timers.c ****             }
 736:Middlewares/Third_Party/FreeRTOS/Source/timers.c ****             else
 737:Middlewares/Third_Party/FreeRTOS/Source/timers.c ****             {
 738:Middlewares/Third_Party/FreeRTOS/Source/timers.c ****                 vListInsert( pxOverflowTimerList, &( pxTimer->xTimerListItem ) );
 739:Middlewares/Third_Party/FreeRTOS/Source/timers.c ****             }
 740:Middlewares/Third_Party/FreeRTOS/Source/timers.c ****         }
 741:Middlewares/Third_Party/FreeRTOS/Source/timers.c ****         else
 742:Middlewares/Third_Party/FreeRTOS/Source/timers.c ****         {
 743:Middlewares/Third_Party/FreeRTOS/Source/timers.c ****             if( ( xTimeNow < xCommandTime ) && ( xNextExpiryTime >= xCommandTime ) )
ARM GAS  /tmp/ccEl6umq.s 			page 15


 744:Middlewares/Third_Party/FreeRTOS/Source/timers.c ****             {
 745:Middlewares/Third_Party/FreeRTOS/Source/timers.c ****                 /* If, since the command was issued, the tick count has overflowed
 746:Middlewares/Third_Party/FreeRTOS/Source/timers.c ****                  * but the expiry time has not, then the timer must have already passed
 747:Middlewares/Third_Party/FreeRTOS/Source/timers.c ****                  * its expiry time and should be processed immediately. */
 748:Middlewares/Third_Party/FreeRTOS/Source/timers.c ****                 xProcessTimerNow = pdTRUE;
  55              		.loc 1 748 34 view .LVU12
  56 0010 0120     		movs	r0, #1
  57              	.LVL3:
 730:Middlewares/Third_Party/FreeRTOS/Source/timers.c ****             {
  58              		.loc 1 730 15 view .LVU13
  59 0012 9A42     		cmp	r2, r3
  60 0014 05D2     		bcs	.L1
 738:Middlewares/Third_Party/FreeRTOS/Source/timers.c ****             }
  61              		.loc 1 738 17 is_stmt 1 view .LVU14
  62 0016 074B     		ldr	r3, .L9
  63 0018 211D     		adds	r1, r4, #4
  64              	.LVL4:
  65              	.L8:
 749:Middlewares/Third_Party/FreeRTOS/Source/timers.c ****             }
 750:Middlewares/Third_Party/FreeRTOS/Source/timers.c ****             else
 751:Middlewares/Third_Party/FreeRTOS/Source/timers.c ****             {
 752:Middlewares/Third_Party/FreeRTOS/Source/timers.c ****                 vListInsert( pxCurrentTimerList, &( pxTimer->xTimerListItem ) );
  66              		.loc 1 752 17 is_stmt 0 view .LVU15
  67 001a 1868     		ldr	r0, [r3]
  68 001c FFF7FEFF 		bl	vListInsert
  69              	.LVL5:
 721:Middlewares/Third_Party/FreeRTOS/Source/timers.c **** 
  70              		.loc 1 721 20 view .LVU16
  71 0020 0020     		movs	r0, #0
  72              	.L1:
 753:Middlewares/Third_Party/FreeRTOS/Source/timers.c ****             }
 754:Middlewares/Third_Party/FreeRTOS/Source/timers.c ****         }
 755:Middlewares/Third_Party/FreeRTOS/Source/timers.c **** 
 756:Middlewares/Third_Party/FreeRTOS/Source/timers.c ****         return xProcessTimerNow;
 757:Middlewares/Third_Party/FreeRTOS/Source/timers.c ****     }
  73              		.loc 1 757 5 view .LVU17
  74              		@ sp needed
  75              	.LVL6:
  76              		.loc 1 757 5 view .LVU18
  77 0022 10BD     		pop	{r4, pc}
  78              	.LVL7:
  79              	.L2:
 743:Middlewares/Third_Party/FreeRTOS/Source/timers.c ****             {
  80              		.loc 1 743 13 is_stmt 1 view .LVU19
 743:Middlewares/Third_Party/FreeRTOS/Source/timers.c ****             {
  81              		.loc 1 743 15 is_stmt 0 view .LVU20
  82 0024 9A42     		cmp	r2, r3
  83 0026 02D2     		bcs	.L5
 748:Middlewares/Third_Party/FreeRTOS/Source/timers.c ****             }
  84              		.loc 1 748 34 view .LVU21
  85 0028 0120     		movs	r0, #1
  86              	.LVL8:
 743:Middlewares/Third_Party/FreeRTOS/Source/timers.c ****             {
  87              		.loc 1 743 45 discriminator 1 view .LVU22
  88 002a 9942     		cmp	r1, r3
  89 002c F9D2     		bcs	.L1
  90              	.L5:
ARM GAS  /tmp/ccEl6umq.s 			page 16


 752:Middlewares/Third_Party/FreeRTOS/Source/timers.c ****             }
  91              		.loc 1 752 17 is_stmt 1 view .LVU23
  92 002e 024B     		ldr	r3, .L9+4
  93              	.LVL9:
 752:Middlewares/Third_Party/FreeRTOS/Source/timers.c ****             }
  94              		.loc 1 752 17 is_stmt 0 view .LVU24
  95 0030 211D     		adds	r1, r4, #4
  96              	.LVL10:
 752:Middlewares/Third_Party/FreeRTOS/Source/timers.c ****             }
  97              		.loc 1 752 17 view .LVU25
  98 0032 F2E7     		b	.L8
  99              	.L10:
 100              		.align	2
 101              	.L9:
 102 0034 00000000 		.word	pxOverflowTimerList
 103 0038 00000000 		.word	pxCurrentTimerList
 104              		.cfi_endproc
 105              	.LFE18:
 107              		.section	.text.prvReloadTimer,"ax",%progbits
 108              		.align	1
 109              		.syntax unified
 110              		.code	16
 111              		.thumb_func
 113              	prvReloadTimer:
 114              	.LVL11:
 115              	.LFB12:
 525:Middlewares/Third_Party/FreeRTOS/Source/timers.c ****         /* Insert the timer into the appropriate list for the next expiry time.
 116              		.loc 1 525 5 is_stmt 1 view -0
 117              		.cfi_startproc
 118              		@ args = 0, pretend = 0, frame = 0
 119              		@ frame_needed = 0, uses_anonymous_args = 0
 525:Middlewares/Third_Party/FreeRTOS/Source/timers.c ****         /* Insert the timer into the appropriate list for the next expiry time.
 120              		.loc 1 525 5 is_stmt 0 view .LVU27
 121 0000 70B5     		push	{r4, r5, r6, lr}
 122              		.cfi_def_cfa_offset 16
 123              		.cfi_offset 4, -16
 124              		.cfi_offset 5, -12
 125              		.cfi_offset 6, -8
 126              		.cfi_offset 14, -4
 127 0002 0400     		movs	r4, r0
 128 0004 0D00     		movs	r5, r1
 129 0006 1600     		movs	r6, r2
 529:Middlewares/Third_Party/FreeRTOS/Source/timers.c ****         {
 130              		.loc 1 529 9 is_stmt 1 view .LVU28
 131              	.LVL12:
 132              	.L12:
 529:Middlewares/Third_Party/FreeRTOS/Source/timers.c ****         {
 133              		.loc 1 529 127 view .LVU29
 529:Middlewares/Third_Party/FreeRTOS/Source/timers.c ****         {
 134              		.loc 1 529 16 is_stmt 0 view .LVU30
 135 0008 A169     		ldr	r1, [r4, #24]
 136 000a 2B00     		movs	r3, r5
 137 000c 3200     		movs	r2, r6
 138 000e 2000     		movs	r0, r4
 139 0010 6918     		adds	r1, r5, r1
 140 0012 FFF7FEFF 		bl	prvInsertTimerInActiveList
 141              	.LVL13:
ARM GAS  /tmp/ccEl6umq.s 			page 17


 529:Middlewares/Third_Party/FreeRTOS/Source/timers.c ****         {
 142              		.loc 1 529 127 discriminator 1 view .LVU31
 143 0016 0028     		cmp	r0, #0
 144 0018 00D1     		bne	.L13
 538:Middlewares/Third_Party/FreeRTOS/Source/timers.c **** /*-----------------------------------------------------------*/
 145              		.loc 1 538 5 view .LVU32
 146              		@ sp needed
 147              	.LVL14:
 148              	.LVL15:
 149              	.LVL16:
 538:Middlewares/Third_Party/FreeRTOS/Source/timers.c **** /*-----------------------------------------------------------*/
 150              		.loc 1 538 5 view .LVU33
 151 001a 70BD     		pop	{r4, r5, r6, pc}
 152              	.LVL17:
 153              	.L13:
 532:Middlewares/Third_Party/FreeRTOS/Source/timers.c **** 
 154              		.loc 1 532 13 is_stmt 1 view .LVU34
 532:Middlewares/Third_Party/FreeRTOS/Source/timers.c **** 
 155              		.loc 1 532 26 is_stmt 0 view .LVU35
 156 001c A369     		ldr	r3, [r4, #24]
 536:Middlewares/Third_Party/FreeRTOS/Source/timers.c ****         }
 157              		.loc 1 536 13 view .LVU36
 158 001e 2000     		movs	r0, r4
 532:Middlewares/Third_Party/FreeRTOS/Source/timers.c **** 
 159              		.loc 1 532 26 view .LVU37
 160 0020 ED18     		adds	r5, r5, r3
 161              	.LVL18:
 535:Middlewares/Third_Party/FreeRTOS/Source/timers.c ****             pxTimer->pxCallbackFunction( ( TimerHandle_t ) pxTimer );
 162              		.loc 1 535 42 is_stmt 1 view .LVU38
 536:Middlewares/Third_Party/FreeRTOS/Source/timers.c ****         }
 163              		.loc 1 536 13 view .LVU39
 164 0022 236A     		ldr	r3, [r4, #32]
 165 0024 9847     		blx	r3
 166              	.LVL19:
 167 0026 EFE7     		b	.L12
 168              		.cfi_endproc
 169              	.LFE12:
 171              		.section	.text.prvProcessExpiredTimer,"ax",%progbits
 172              		.align	1
 173              		.syntax unified
 174              		.code	16
 175              		.thumb_func
 177              	prvProcessExpiredTimer:
 178              	.LVL20:
 179              	.LFB13:
 543:Middlewares/Third_Party/FreeRTOS/Source/timers.c ****         Timer_t * const pxTimer = ( Timer_t * ) listGET_OWNER_OF_HEAD_ENTRY( pxCurrentTimerList ); 
 180              		.loc 1 543 5 view -0
 181              		.cfi_startproc
 182              		@ args = 0, pretend = 0, frame = 0
 183              		@ frame_needed = 0, uses_anonymous_args = 0
 544:Middlewares/Third_Party/FreeRTOS/Source/timers.c **** 
 184              		.loc 1 544 9 view .LVU41
 544:Middlewares/Third_Party/FreeRTOS/Source/timers.c **** 
 185              		.loc 1 544 49 is_stmt 0 view .LVU42
 186 0000 0D4B     		ldr	r3, .L17
 543:Middlewares/Third_Party/FreeRTOS/Source/timers.c ****         Timer_t * const pxTimer = ( Timer_t * ) listGET_OWNER_OF_HEAD_ENTRY( pxCurrentTimerList ); 
 187              		.loc 1 543 5 view .LVU43
ARM GAS  /tmp/ccEl6umq.s 			page 18


 188 0002 70B5     		push	{r4, r5, r6, lr}
 189              		.cfi_def_cfa_offset 16
 190              		.cfi_offset 4, -16
 191              		.cfi_offset 5, -12
 192              		.cfi_offset 6, -8
 193              		.cfi_offset 14, -4
 544:Middlewares/Third_Party/FreeRTOS/Source/timers.c **** 
 194              		.loc 1 544 49 view .LVU44
 195 0004 1B68     		ldr	r3, [r3]
 543:Middlewares/Third_Party/FreeRTOS/Source/timers.c ****         Timer_t * const pxTimer = ( Timer_t * ) listGET_OWNER_OF_HEAD_ENTRY( pxCurrentTimerList ); 
 196              		.loc 1 543 5 view .LVU45
 197 0006 0500     		movs	r5, r0
 544:Middlewares/Third_Party/FreeRTOS/Source/timers.c **** 
 198              		.loc 1 544 25 view .LVU46
 199 0008 DB68     		ldr	r3, [r3, #12]
 543:Middlewares/Third_Party/FreeRTOS/Source/timers.c ****         Timer_t * const pxTimer = ( Timer_t * ) listGET_OWNER_OF_HEAD_ENTRY( pxCurrentTimerList ); 
 200              		.loc 1 543 5 view .LVU47
 201 000a 0E00     		movs	r6, r1
 544:Middlewares/Third_Party/FreeRTOS/Source/timers.c **** 
 202              		.loc 1 544 25 view .LVU48
 203 000c DC68     		ldr	r4, [r3, #12]
 204              	.LVL21:
 549:Middlewares/Third_Party/FreeRTOS/Source/timers.c **** 
 205              		.loc 1 549 9 is_stmt 1 view .LVU49
 549:Middlewares/Third_Party/FreeRTOS/Source/timers.c **** 
 206              		.loc 1 549 18 is_stmt 0 view .LVU50
 207 000e 201D     		adds	r0, r4, #4
 208              	.LVL22:
 549:Middlewares/Third_Party/FreeRTOS/Source/timers.c **** 
 209              		.loc 1 549 18 view .LVU51
 210 0010 FFF7FEFF 		bl	uxListRemove
 211              	.LVL23:
 553:Middlewares/Third_Party/FreeRTOS/Source/timers.c ****         {
 212              		.loc 1 553 9 is_stmt 1 view .LVU52
 553:Middlewares/Third_Party/FreeRTOS/Source/timers.c ****         {
 213              		.loc 1 553 22 is_stmt 0 view .LVU53
 214 0014 2200     		movs	r2, r4
 215 0016 2832     		adds	r2, r2, #40
 216 0018 1378     		ldrb	r3, [r2]
 553:Middlewares/Third_Party/FreeRTOS/Source/timers.c ****         {
 217              		.loc 1 553 11 view .LVU54
 218 001a 5907     		lsls	r1, r3, #29
 219 001c 08D5     		bpl	.L15
 555:Middlewares/Third_Party/FreeRTOS/Source/timers.c ****         }
 220              		.loc 1 555 13 is_stmt 1 view .LVU55
 221 001e 3200     		movs	r2, r6
 222 0020 2900     		movs	r1, r5
 223 0022 2000     		movs	r0, r4
 224 0024 FFF7FEFF 		bl	prvReloadTimer
 225              	.LVL24:
 226              	.L16:
 563:Middlewares/Third_Party/FreeRTOS/Source/timers.c ****         pxTimer->pxCallbackFunction( ( TimerHandle_t ) pxTimer );
 227              		.loc 1 563 38 view .LVU56
 564:Middlewares/Third_Party/FreeRTOS/Source/timers.c ****     }
 228              		.loc 1 564 9 view .LVU57
 565:Middlewares/Third_Party/FreeRTOS/Source/timers.c **** /*-----------------------------------------------------------*/
 229              		.loc 1 565 5 is_stmt 0 view .LVU58
ARM GAS  /tmp/ccEl6umq.s 			page 19


 230              		@ sp needed
 564:Middlewares/Third_Party/FreeRTOS/Source/timers.c ****     }
 231              		.loc 1 564 9 view .LVU59
 232 0028 2000     		movs	r0, r4
 233 002a 236A     		ldr	r3, [r4, #32]
 234 002c 9847     		blx	r3
 235              	.LVL25:
 236              	.LVL26:
 237              	.LVL27:
 238              	.LVL28:
 565:Middlewares/Third_Party/FreeRTOS/Source/timers.c **** /*-----------------------------------------------------------*/
 239              		.loc 1 565 5 view .LVU60
 240 002e 70BD     		pop	{r4, r5, r6, pc}
 241              	.LVL29:
 242              	.L15:
 559:Middlewares/Third_Party/FreeRTOS/Source/timers.c ****         }
 243              		.loc 1 559 13 is_stmt 1 view .LVU61
 559:Middlewares/Third_Party/FreeRTOS/Source/timers.c ****         }
 244              		.loc 1 559 31 is_stmt 0 view .LVU62
 245 0030 0121     		movs	r1, #1
 246 0032 8B43     		bics	r3, r1
 247 0034 1370     		strb	r3, [r2]
 248 0036 F7E7     		b	.L16
 249              	.L18:
 250              		.align	2
 251              	.L17:
 252 0038 00000000 		.word	pxCurrentTimerList
 253              		.cfi_endproc
 254              	.LFE13:
 256              		.section	.text.prvSampleTimeNow,"ax",%progbits
 257              		.align	1
 258              		.syntax unified
 259              		.code	16
 260              		.thumb_func
 262              	prvSampleTimeNow:
 263              	.LVL30:
 264              	.LFB17:
 694:Middlewares/Third_Party/FreeRTOS/Source/timers.c ****         TickType_t xTimeNow;
 265              		.loc 1 694 5 is_stmt 1 view -0
 266              		.cfi_startproc
 267              		@ args = 0, pretend = 0, frame = 0
 268              		@ frame_needed = 0, uses_anonymous_args = 0
 695:Middlewares/Third_Party/FreeRTOS/Source/timers.c ****         PRIVILEGED_DATA static TickType_t xLastTime = ( TickType_t ) 0U; /*lint !e956 Variable is o
 269              		.loc 1 695 9 view .LVU64
 696:Middlewares/Third_Party/FreeRTOS/Source/timers.c **** 
 270              		.loc 1 696 25 view .LVU65
 698:Middlewares/Third_Party/FreeRTOS/Source/timers.c **** 
 271              		.loc 1 698 9 view .LVU66
 694:Middlewares/Third_Party/FreeRTOS/Source/timers.c ****         TickType_t xTimeNow;
 272              		.loc 1 694 5 is_stmt 0 view .LVU67
 273 0000 F8B5     		push	{r3, r4, r5, r6, r7, lr}
 274              		.cfi_def_cfa_offset 24
 275              		.cfi_offset 3, -24
 276              		.cfi_offset 4, -20
 277              		.cfi_offset 5, -16
 278              		.cfi_offset 6, -12
 279              		.cfi_offset 7, -8
ARM GAS  /tmp/ccEl6umq.s 			page 20


 280              		.cfi_offset 14, -4
 694:Middlewares/Third_Party/FreeRTOS/Source/timers.c ****         TickType_t xTimeNow;
 281              		.loc 1 694 5 view .LVU68
 282 0002 0500     		movs	r5, r0
 698:Middlewares/Third_Party/FreeRTOS/Source/timers.c **** 
 283              		.loc 1 698 20 view .LVU69
 284 0004 FFF7FEFF 		bl	xTaskGetTickCount
 285              	.LVL31:
 700:Middlewares/Third_Party/FreeRTOS/Source/timers.c ****         {
 286              		.loc 1 700 22 view .LVU70
 287 0008 0E4E     		ldr	r6, .L25
 698:Middlewares/Third_Party/FreeRTOS/Source/timers.c **** 
 288              		.loc 1 698 20 view .LVU71
 289 000a 0400     		movs	r4, r0
 290              	.LVL32:
 700:Middlewares/Third_Party/FreeRTOS/Source/timers.c ****         {
 291              		.loc 1 700 9 is_stmt 1 view .LVU72
 700:Middlewares/Third_Party/FreeRTOS/Source/timers.c ****         {
 292              		.loc 1 700 11 is_stmt 0 view .LVU73
 293 000c 3368     		ldr	r3, [r6]
 294 000e 8342     		cmp	r3, r0
 295 0010 0CD9     		bls	.L24
 296              	.LBB4:
 297              	.LBB5:
 758:Middlewares/Third_Party/FreeRTOS/Source/timers.c **** /*-----------------------------------------------------------*/
 759:Middlewares/Third_Party/FreeRTOS/Source/timers.c **** 
 760:Middlewares/Third_Party/FreeRTOS/Source/timers.c ****     static void prvProcessReceivedCommands( void )
 761:Middlewares/Third_Party/FreeRTOS/Source/timers.c ****     {
 762:Middlewares/Third_Party/FreeRTOS/Source/timers.c ****         DaemonTaskMessage_t xMessage;
 763:Middlewares/Third_Party/FreeRTOS/Source/timers.c ****         Timer_t * pxTimer;
 764:Middlewares/Third_Party/FreeRTOS/Source/timers.c ****         BaseType_t xTimerListsWereSwitched;
 765:Middlewares/Third_Party/FreeRTOS/Source/timers.c ****         TickType_t xTimeNow;
 766:Middlewares/Third_Party/FreeRTOS/Source/timers.c **** 
 767:Middlewares/Third_Party/FreeRTOS/Source/timers.c ****         while( xQueueReceive( xTimerQueue, &xMessage, tmrNO_DELAY ) != pdFAIL ) /*lint !e603 xMessa
 768:Middlewares/Third_Party/FreeRTOS/Source/timers.c ****         {
 769:Middlewares/Third_Party/FreeRTOS/Source/timers.c ****             #if ( INCLUDE_xTimerPendFunctionCall == 1 )
 770:Middlewares/Third_Party/FreeRTOS/Source/timers.c ****             {
 771:Middlewares/Third_Party/FreeRTOS/Source/timers.c ****                 /* Negative commands are pended function calls rather than timer
 772:Middlewares/Third_Party/FreeRTOS/Source/timers.c ****                  * commands. */
 773:Middlewares/Third_Party/FreeRTOS/Source/timers.c ****                 if( xMessage.xMessageID < ( BaseType_t ) 0 )
 774:Middlewares/Third_Party/FreeRTOS/Source/timers.c ****                 {
 775:Middlewares/Third_Party/FreeRTOS/Source/timers.c ****                     const CallbackParameters_t * const pxCallback = &( xMessage.u.xCallbackParamete
 776:Middlewares/Third_Party/FreeRTOS/Source/timers.c **** 
 777:Middlewares/Third_Party/FreeRTOS/Source/timers.c ****                     /* The timer uses the xCallbackParameters member to request a
 778:Middlewares/Third_Party/FreeRTOS/Source/timers.c ****                      * callback be executed.  Check the callback is not NULL. */
 779:Middlewares/Third_Party/FreeRTOS/Source/timers.c ****                     configASSERT( pxCallback );
 780:Middlewares/Third_Party/FreeRTOS/Source/timers.c **** 
 781:Middlewares/Third_Party/FreeRTOS/Source/timers.c ****                     /* Call the function. */
 782:Middlewares/Third_Party/FreeRTOS/Source/timers.c ****                     pxCallback->pxCallbackFunction( pxCallback->pvParameter1, pxCallback->ulParamet
 783:Middlewares/Third_Party/FreeRTOS/Source/timers.c ****                 }
 784:Middlewares/Third_Party/FreeRTOS/Source/timers.c ****                 else
 785:Middlewares/Third_Party/FreeRTOS/Source/timers.c ****                 {
 786:Middlewares/Third_Party/FreeRTOS/Source/timers.c ****                     mtCOVERAGE_TEST_MARKER();
 787:Middlewares/Third_Party/FreeRTOS/Source/timers.c ****                 }
 788:Middlewares/Third_Party/FreeRTOS/Source/timers.c ****             }
 789:Middlewares/Third_Party/FreeRTOS/Source/timers.c ****             #endif /* INCLUDE_xTimerPendFunctionCall */
 790:Middlewares/Third_Party/FreeRTOS/Source/timers.c **** 
ARM GAS  /tmp/ccEl6umq.s 			page 21


 791:Middlewares/Third_Party/FreeRTOS/Source/timers.c ****             /* Commands that are positive are timer commands rather than pended
 792:Middlewares/Third_Party/FreeRTOS/Source/timers.c ****              * function calls. */
 793:Middlewares/Third_Party/FreeRTOS/Source/timers.c ****             if( xMessage.xMessageID >= ( BaseType_t ) 0 )
 794:Middlewares/Third_Party/FreeRTOS/Source/timers.c ****             {
 795:Middlewares/Third_Party/FreeRTOS/Source/timers.c ****                 /* The messages uses the xTimerParameters member to work on a
 796:Middlewares/Third_Party/FreeRTOS/Source/timers.c ****                  * software timer. */
 797:Middlewares/Third_Party/FreeRTOS/Source/timers.c ****                 pxTimer = xMessage.u.xTimerParameters.pxTimer;
 798:Middlewares/Third_Party/FreeRTOS/Source/timers.c **** 
 799:Middlewares/Third_Party/FreeRTOS/Source/timers.c ****                 if( listIS_CONTAINED_WITHIN( NULL, &( pxTimer->xTimerListItem ) ) == pdFALSE ) /*li
 800:Middlewares/Third_Party/FreeRTOS/Source/timers.c ****                 {
 801:Middlewares/Third_Party/FreeRTOS/Source/timers.c ****                     /* The timer is in a list, remove it. */
 802:Middlewares/Third_Party/FreeRTOS/Source/timers.c ****                     ( void ) uxListRemove( &( pxTimer->xTimerListItem ) );
 803:Middlewares/Third_Party/FreeRTOS/Source/timers.c ****                 }
 804:Middlewares/Third_Party/FreeRTOS/Source/timers.c ****                 else
 805:Middlewares/Third_Party/FreeRTOS/Source/timers.c ****                 {
 806:Middlewares/Third_Party/FreeRTOS/Source/timers.c ****                     mtCOVERAGE_TEST_MARKER();
 807:Middlewares/Third_Party/FreeRTOS/Source/timers.c ****                 }
 808:Middlewares/Third_Party/FreeRTOS/Source/timers.c **** 
 809:Middlewares/Third_Party/FreeRTOS/Source/timers.c ****                 traceTIMER_COMMAND_RECEIVED( pxTimer, xMessage.xMessageID, xMessage.u.xTimerParamet
 810:Middlewares/Third_Party/FreeRTOS/Source/timers.c **** 
 811:Middlewares/Third_Party/FreeRTOS/Source/timers.c ****                 /* In this case the xTimerListsWereSwitched parameter is not used, but
 812:Middlewares/Third_Party/FreeRTOS/Source/timers.c ****                  *  it must be present in the function call.  prvSampleTimeNow() must be
 813:Middlewares/Third_Party/FreeRTOS/Source/timers.c ****                  *  called after the message is received from xTimerQueue so there is no
 814:Middlewares/Third_Party/FreeRTOS/Source/timers.c ****                  *  possibility of a higher priority task adding a message to the message
 815:Middlewares/Third_Party/FreeRTOS/Source/timers.c ****                  *  queue with a time that is ahead of the timer daemon task (because it
 816:Middlewares/Third_Party/FreeRTOS/Source/timers.c ****                  *  pre-empted the timer daemon task after the xTimeNow value was set). */
 817:Middlewares/Third_Party/FreeRTOS/Source/timers.c ****                 xTimeNow = prvSampleTimeNow( &xTimerListsWereSwitched );
 818:Middlewares/Third_Party/FreeRTOS/Source/timers.c **** 
 819:Middlewares/Third_Party/FreeRTOS/Source/timers.c ****                 switch( xMessage.xMessageID )
 820:Middlewares/Third_Party/FreeRTOS/Source/timers.c ****                 {
 821:Middlewares/Third_Party/FreeRTOS/Source/timers.c ****                     case tmrCOMMAND_START:
 822:Middlewares/Third_Party/FreeRTOS/Source/timers.c ****                     case tmrCOMMAND_START_FROM_ISR:
 823:Middlewares/Third_Party/FreeRTOS/Source/timers.c ****                     case tmrCOMMAND_RESET:
 824:Middlewares/Third_Party/FreeRTOS/Source/timers.c ****                     case tmrCOMMAND_RESET_FROM_ISR:
 825:Middlewares/Third_Party/FreeRTOS/Source/timers.c ****                         /* Start or restart a timer. */
 826:Middlewares/Third_Party/FreeRTOS/Source/timers.c ****                         pxTimer->ucStatus |= tmrSTATUS_IS_ACTIVE;
 827:Middlewares/Third_Party/FreeRTOS/Source/timers.c **** 
 828:Middlewares/Third_Party/FreeRTOS/Source/timers.c ****                         if( prvInsertTimerInActiveList( pxTimer, xMessage.u.xTimerParameters.xMessa
 829:Middlewares/Third_Party/FreeRTOS/Source/timers.c ****                         {
 830:Middlewares/Third_Party/FreeRTOS/Source/timers.c ****                             /* The timer expired before it was added to the active
 831:Middlewares/Third_Party/FreeRTOS/Source/timers.c ****                              * timer list.  Process it now. */
 832:Middlewares/Third_Party/FreeRTOS/Source/timers.c ****                             if( ( pxTimer->ucStatus & tmrSTATUS_IS_AUTORELOAD ) != 0 )
 833:Middlewares/Third_Party/FreeRTOS/Source/timers.c ****                             {
 834:Middlewares/Third_Party/FreeRTOS/Source/timers.c ****                                 prvReloadTimer( pxTimer, xMessage.u.xTimerParameters.xMessageValue 
 835:Middlewares/Third_Party/FreeRTOS/Source/timers.c ****                             }
 836:Middlewares/Third_Party/FreeRTOS/Source/timers.c ****                             else
 837:Middlewares/Third_Party/FreeRTOS/Source/timers.c ****                             {
 838:Middlewares/Third_Party/FreeRTOS/Source/timers.c ****                                 pxTimer->ucStatus &= ( ( uint8_t ) ~tmrSTATUS_IS_ACTIVE );
 839:Middlewares/Third_Party/FreeRTOS/Source/timers.c ****                             }
 840:Middlewares/Third_Party/FreeRTOS/Source/timers.c **** 
 841:Middlewares/Third_Party/FreeRTOS/Source/timers.c ****                             /* Call the timer callback. */
 842:Middlewares/Third_Party/FreeRTOS/Source/timers.c ****                             traceTIMER_EXPIRED( pxTimer );
 843:Middlewares/Third_Party/FreeRTOS/Source/timers.c ****                             pxTimer->pxCallbackFunction( ( TimerHandle_t ) pxTimer );
 844:Middlewares/Third_Party/FreeRTOS/Source/timers.c ****                         }
 845:Middlewares/Third_Party/FreeRTOS/Source/timers.c ****                         else
 846:Middlewares/Third_Party/FreeRTOS/Source/timers.c ****                         {
 847:Middlewares/Third_Party/FreeRTOS/Source/timers.c ****                             mtCOVERAGE_TEST_MARKER();
ARM GAS  /tmp/ccEl6umq.s 			page 22


 848:Middlewares/Third_Party/FreeRTOS/Source/timers.c ****                         }
 849:Middlewares/Third_Party/FreeRTOS/Source/timers.c **** 
 850:Middlewares/Third_Party/FreeRTOS/Source/timers.c ****                         break;
 851:Middlewares/Third_Party/FreeRTOS/Source/timers.c **** 
 852:Middlewares/Third_Party/FreeRTOS/Source/timers.c ****                     case tmrCOMMAND_STOP:
 853:Middlewares/Third_Party/FreeRTOS/Source/timers.c ****                     case tmrCOMMAND_STOP_FROM_ISR:
 854:Middlewares/Third_Party/FreeRTOS/Source/timers.c ****                         /* The timer has already been removed from the active list. */
 855:Middlewares/Third_Party/FreeRTOS/Source/timers.c ****                         pxTimer->ucStatus &= ( ( uint8_t ) ~tmrSTATUS_IS_ACTIVE );
 856:Middlewares/Third_Party/FreeRTOS/Source/timers.c ****                         break;
 857:Middlewares/Third_Party/FreeRTOS/Source/timers.c **** 
 858:Middlewares/Third_Party/FreeRTOS/Source/timers.c ****                     case tmrCOMMAND_CHANGE_PERIOD:
 859:Middlewares/Third_Party/FreeRTOS/Source/timers.c ****                     case tmrCOMMAND_CHANGE_PERIOD_FROM_ISR:
 860:Middlewares/Third_Party/FreeRTOS/Source/timers.c ****                         pxTimer->ucStatus |= tmrSTATUS_IS_ACTIVE;
 861:Middlewares/Third_Party/FreeRTOS/Source/timers.c ****                         pxTimer->xTimerPeriodInTicks = xMessage.u.xTimerParameters.xMessageValue;
 862:Middlewares/Third_Party/FreeRTOS/Source/timers.c ****                         configASSERT( ( pxTimer->xTimerPeriodInTicks > 0 ) );
 863:Middlewares/Third_Party/FreeRTOS/Source/timers.c **** 
 864:Middlewares/Third_Party/FreeRTOS/Source/timers.c ****                         /* The new period does not really have a reference, and can
 865:Middlewares/Third_Party/FreeRTOS/Source/timers.c ****                          * be longer or shorter than the old one.  The command time is
 866:Middlewares/Third_Party/FreeRTOS/Source/timers.c ****                          * therefore set to the current time, and as the period cannot
 867:Middlewares/Third_Party/FreeRTOS/Source/timers.c ****                          * be zero the next expiry time can only be in the future,
 868:Middlewares/Third_Party/FreeRTOS/Source/timers.c ****                          * meaning (unlike for the xTimerStart() case above) there is
 869:Middlewares/Third_Party/FreeRTOS/Source/timers.c ****                          * no fail case that needs to be handled here. */
 870:Middlewares/Third_Party/FreeRTOS/Source/timers.c ****                         ( void ) prvInsertTimerInActiveList( pxTimer, ( xTimeNow + pxTimer->xTimerP
 871:Middlewares/Third_Party/FreeRTOS/Source/timers.c ****                         break;
 872:Middlewares/Third_Party/FreeRTOS/Source/timers.c **** 
 873:Middlewares/Third_Party/FreeRTOS/Source/timers.c ****                     case tmrCOMMAND_DELETE:
 874:Middlewares/Third_Party/FreeRTOS/Source/timers.c ****                         #if ( configSUPPORT_DYNAMIC_ALLOCATION == 1 )
 875:Middlewares/Third_Party/FreeRTOS/Source/timers.c ****                         {
 876:Middlewares/Third_Party/FreeRTOS/Source/timers.c ****                             /* The timer has already been removed from the active list,
 877:Middlewares/Third_Party/FreeRTOS/Source/timers.c ****                              * just free up the memory if the memory was dynamically
 878:Middlewares/Third_Party/FreeRTOS/Source/timers.c ****                              * allocated. */
 879:Middlewares/Third_Party/FreeRTOS/Source/timers.c ****                             if( ( pxTimer->ucStatus & tmrSTATUS_IS_STATICALLY_ALLOCATED ) == ( uint
 880:Middlewares/Third_Party/FreeRTOS/Source/timers.c ****                             {
 881:Middlewares/Third_Party/FreeRTOS/Source/timers.c ****                                 vPortFree( pxTimer );
 882:Middlewares/Third_Party/FreeRTOS/Source/timers.c ****                             }
 883:Middlewares/Third_Party/FreeRTOS/Source/timers.c ****                             else
 884:Middlewares/Third_Party/FreeRTOS/Source/timers.c ****                             {
 885:Middlewares/Third_Party/FreeRTOS/Source/timers.c ****                                 pxTimer->ucStatus &= ( ( uint8_t ) ~tmrSTATUS_IS_ACTIVE );
 886:Middlewares/Third_Party/FreeRTOS/Source/timers.c ****                             }
 887:Middlewares/Third_Party/FreeRTOS/Source/timers.c ****                         }
 888:Middlewares/Third_Party/FreeRTOS/Source/timers.c ****                         #else /* if ( configSUPPORT_DYNAMIC_ALLOCATION == 1 ) */
 889:Middlewares/Third_Party/FreeRTOS/Source/timers.c ****                         {
 890:Middlewares/Third_Party/FreeRTOS/Source/timers.c ****                             /* If dynamic allocation is not enabled, the memory
 891:Middlewares/Third_Party/FreeRTOS/Source/timers.c ****                              * could not have been dynamically allocated. So there is
 892:Middlewares/Third_Party/FreeRTOS/Source/timers.c ****                              * no need to free the memory - just mark the timer as
 893:Middlewares/Third_Party/FreeRTOS/Source/timers.c ****                              * "not active". */
 894:Middlewares/Third_Party/FreeRTOS/Source/timers.c ****                             pxTimer->ucStatus &= ( ( uint8_t ) ~tmrSTATUS_IS_ACTIVE );
 895:Middlewares/Third_Party/FreeRTOS/Source/timers.c ****                         }
 896:Middlewares/Third_Party/FreeRTOS/Source/timers.c ****                         #endif /* configSUPPORT_DYNAMIC_ALLOCATION */
 897:Middlewares/Third_Party/FreeRTOS/Source/timers.c ****                         break;
 898:Middlewares/Third_Party/FreeRTOS/Source/timers.c **** 
 899:Middlewares/Third_Party/FreeRTOS/Source/timers.c ****                     default:
 900:Middlewares/Third_Party/FreeRTOS/Source/timers.c ****                         /* Don't expect to get here. */
 901:Middlewares/Third_Party/FreeRTOS/Source/timers.c ****                         break;
 902:Middlewares/Third_Party/FreeRTOS/Source/timers.c ****                 }
 903:Middlewares/Third_Party/FreeRTOS/Source/timers.c ****             }
 904:Middlewares/Third_Party/FreeRTOS/Source/timers.c ****         }
ARM GAS  /tmp/ccEl6umq.s 			page 23


 905:Middlewares/Third_Party/FreeRTOS/Source/timers.c ****     }
 906:Middlewares/Third_Party/FreeRTOS/Source/timers.c **** /*-----------------------------------------------------------*/
 907:Middlewares/Third_Party/FreeRTOS/Source/timers.c **** 
 908:Middlewares/Third_Party/FreeRTOS/Source/timers.c ****     static void prvSwitchTimerLists( void )
 909:Middlewares/Third_Party/FreeRTOS/Source/timers.c ****     {
 910:Middlewares/Third_Party/FreeRTOS/Source/timers.c ****         TickType_t xNextExpireTime;
 911:Middlewares/Third_Party/FreeRTOS/Source/timers.c ****         List_t * pxTemp;
 912:Middlewares/Third_Party/FreeRTOS/Source/timers.c **** 
 913:Middlewares/Third_Party/FreeRTOS/Source/timers.c ****         /* The tick count has overflowed.  The timer lists must be switched.
 914:Middlewares/Third_Party/FreeRTOS/Source/timers.c ****          * If there are any timers still referenced from the current timer list
 915:Middlewares/Third_Party/FreeRTOS/Source/timers.c ****          * then they must have expired and should be processed before the lists
 916:Middlewares/Third_Party/FreeRTOS/Source/timers.c ****          * are switched. */
 917:Middlewares/Third_Party/FreeRTOS/Source/timers.c ****         while( listLIST_IS_EMPTY( pxCurrentTimerList ) == pdFALSE )
 918:Middlewares/Third_Party/FreeRTOS/Source/timers.c ****         {
 919:Middlewares/Third_Party/FreeRTOS/Source/timers.c ****             xNextExpireTime = listGET_ITEM_VALUE_OF_HEAD_ENTRY( pxCurrentTimerList );
 920:Middlewares/Third_Party/FreeRTOS/Source/timers.c **** 
 921:Middlewares/Third_Party/FreeRTOS/Source/timers.c ****             /* Process the expired timer.  For auto-reload timers, be careful to
 922:Middlewares/Third_Party/FreeRTOS/Source/timers.c ****              * process only expirations that occur on the current list.  Further
 923:Middlewares/Third_Party/FreeRTOS/Source/timers.c ****              * expirations must wait until after the lists are switched. */
 924:Middlewares/Third_Party/FreeRTOS/Source/timers.c ****             prvProcessExpiredTimer( xNextExpireTime, tmrMAX_TIME_BEFORE_OVERFLOW );
 298              		.loc 1 924 13 view .LVU74
 299 0012 0127     		movs	r7, #1
 300 0014 7F42     		rsbs	r7, r7, #0
 301              	.LVL33:
 302              	.L20:
 917:Middlewares/Third_Party/FreeRTOS/Source/timers.c ****         {
 303              		.loc 1 917 56 is_stmt 1 view .LVU75
 917:Middlewares/Third_Party/FreeRTOS/Source/timers.c ****         {
 304              		.loc 1 917 16 is_stmt 0 view .LVU76
 305 0016 0C49     		ldr	r1, .L25+4
 306 0018 0B68     		ldr	r3, [r1]
 307 001a 1A68     		ldr	r2, [r3]
 917:Middlewares/Third_Party/FreeRTOS/Source/timers.c ****         {
 308              		.loc 1 917 56 view .LVU77
 309 001c 002A     		cmp	r2, #0
 310 001e 0AD1     		bne	.L22
 925:Middlewares/Third_Party/FreeRTOS/Source/timers.c ****         }
 926:Middlewares/Third_Party/FreeRTOS/Source/timers.c **** 
 927:Middlewares/Third_Party/FreeRTOS/Source/timers.c ****         pxTemp = pxCurrentTimerList;
 311              		.loc 1 927 9 is_stmt 1 view .LVU78
 312              	.LVL34:
 928:Middlewares/Third_Party/FreeRTOS/Source/timers.c ****         pxCurrentTimerList = pxOverflowTimerList;
 313              		.loc 1 928 9 view .LVU79
 314              		.loc 1 928 28 is_stmt 0 view .LVU80
 315 0020 0A4A     		ldr	r2, .L25+8
 316 0022 1068     		ldr	r0, [r2]
 929:Middlewares/Third_Party/FreeRTOS/Source/timers.c ****         pxOverflowTimerList = pxTemp;
 317              		.loc 1 929 29 view .LVU81
 318 0024 1360     		str	r3, [r2]
 928:Middlewares/Third_Party/FreeRTOS/Source/timers.c ****         pxCurrentTimerList = pxOverflowTimerList;
 319              		.loc 1 928 28 view .LVU82
 320 0026 0860     		str	r0, [r1]
 321              		.loc 1 929 9 is_stmt 1 view .LVU83
 322              	.LBE5:
 323              	.LBE4:
 703:Middlewares/Third_Party/FreeRTOS/Source/timers.c ****         }
 324              		.loc 1 703 13 view .LVU84
ARM GAS  /tmp/ccEl6umq.s 			page 24


 325 0028 0123     		movs	r3, #1
 326              	.LVL35:
 703:Middlewares/Third_Party/FreeRTOS/Source/timers.c ****         }
 327              		.loc 1 703 13 is_stmt 0 view .LVU85
 328 002a 00E0     		b	.L21
 329              	.LVL36:
 330              	.L24:
 703:Middlewares/Third_Party/FreeRTOS/Source/timers.c ****         }
 331              		.loc 1 703 13 view .LVU86
 332 002c 0023     		movs	r3, #0
 333              	.LVL37:
 334              	.L21:
 713:Middlewares/Third_Party/FreeRTOS/Source/timers.c **** /*-----------------------------------------------------------*/
 335              		.loc 1 713 5 view .LVU87
 336              		@ sp needed
 337 002e 2000     		movs	r0, r4
 703:Middlewares/Third_Party/FreeRTOS/Source/timers.c ****         }
 338              		.loc 1 703 39 view .LVU88
 339 0030 2B60     		str	r3, [r5]
 710:Middlewares/Third_Party/FreeRTOS/Source/timers.c **** 
 340              		.loc 1 710 9 is_stmt 1 view .LVU89
 710:Middlewares/Third_Party/FreeRTOS/Source/timers.c **** 
 341              		.loc 1 710 19 is_stmt 0 view .LVU90
 342 0032 3460     		str	r4, [r6]
 712:Middlewares/Third_Party/FreeRTOS/Source/timers.c ****     }
 343              		.loc 1 712 9 is_stmt 1 view .LVU91
 344              	.LVL38:
 345              	.LVL39:
 713:Middlewares/Third_Party/FreeRTOS/Source/timers.c **** /*-----------------------------------------------------------*/
 346              		.loc 1 713 5 is_stmt 0 view .LVU92
 347 0034 F8BD     		pop	{r3, r4, r5, r6, r7, pc}
 348              	.LVL40:
 349              	.L22:
 350              	.LBB7:
 351              	.LBB6:
 919:Middlewares/Third_Party/FreeRTOS/Source/timers.c **** 
 352              		.loc 1 919 13 is_stmt 1 view .LVU93
 924:Middlewares/Third_Party/FreeRTOS/Source/timers.c ****         }
 353              		.loc 1 924 13 view .LVU94
 919:Middlewares/Third_Party/FreeRTOS/Source/timers.c **** 
 354              		.loc 1 919 29 is_stmt 0 view .LVU95
 355 0036 DB68     		ldr	r3, [r3, #12]
 356              	.LVL41:
 924:Middlewares/Third_Party/FreeRTOS/Source/timers.c ****         }
 357              		.loc 1 924 13 view .LVU96
 358 0038 3900     		movs	r1, r7
 359 003a 1868     		ldr	r0, [r3]
 360 003c FFF7FEFF 		bl	prvProcessExpiredTimer
 361              	.LVL42:
 924:Middlewares/Third_Party/FreeRTOS/Source/timers.c ****         }
 362              		.loc 1 924 13 view .LVU97
 363 0040 E9E7     		b	.L20
 364              	.L26:
 365 0042 C046     		.align	2
 366              	.L25:
 367 0044 00000000 		.word	xLastTime.2
 368 0048 00000000 		.word	pxCurrentTimerList
ARM GAS  /tmp/ccEl6umq.s 			page 25


 369 004c 00000000 		.word	pxOverflowTimerList
 370              	.LBE6:
 371              	.LBE7:
 372              		.cfi_endproc
 373              	.LFE17:
 375              		.section	.text.prvTimerTask,"ax",%progbits
 376              		.align	1
 377              		.syntax unified
 378              		.code	16
 379              		.thumb_func
 381              	prvTimerTask:
 382              	.LVL43:
 383              	.LFB14:
 569:Middlewares/Third_Party/FreeRTOS/Source/timers.c ****         TickType_t xNextExpireTime;
 384              		.loc 1 569 5 is_stmt 1 view -0
 385              		.cfi_startproc
 386              		@ args = 0, pretend = 0, frame = 24
 387              		@ frame_needed = 0, uses_anonymous_args = 0
 569:Middlewares/Third_Party/FreeRTOS/Source/timers.c ****         TickType_t xNextExpireTime;
 388              		.loc 1 569 5 is_stmt 0 view .LVU99
 389 0000 F0B5     		push	{r4, r5, r6, r7, lr}
 390              		.cfi_def_cfa_offset 20
 391              		.cfi_offset 4, -20
 392              		.cfi_offset 5, -16
 393              		.cfi_offset 6, -12
 394              		.cfi_offset 7, -8
 395              		.cfi_offset 14, -4
 396              	.LBB15:
 397              	.LBB16:
 677:Middlewares/Third_Party/FreeRTOS/Source/timers.c **** 
 398              		.loc 1 677 27 discriminator 1 view .LVU100
 399 0002 0127     		movs	r7, #1
 400              	.LBE16:
 401              	.LBE15:
 569:Middlewares/Third_Party/FreeRTOS/Source/timers.c ****         TickType_t xNextExpireTime;
 402              		.loc 1 569 5 view .LVU101
 403 0004 87B0     		sub	sp, sp, #28
 404              		.cfi_def_cfa_offset 48
 405              	.LVL44:
 406              	.L52:
 570:Middlewares/Third_Party/FreeRTOS/Source/timers.c ****         BaseType_t xListWasEmpty;
 407              		.loc 1 570 9 is_stmt 1 view .LVU102
 571:Middlewares/Third_Party/FreeRTOS/Source/timers.c **** 
 408              		.loc 1 571 9 view .LVU103
 574:Middlewares/Third_Party/FreeRTOS/Source/timers.c **** 
 409              		.loc 1 574 9 view .LVU104
 588:Middlewares/Third_Party/FreeRTOS/Source/timers.c ****         {
 410              		.loc 1 588 9 view .LVU105
 592:Middlewares/Third_Party/FreeRTOS/Source/timers.c **** 
 411              		.loc 1 592 13 view .LVU106
 412              	.LBB18:
 413              	.LBI15:
 666:Middlewares/Third_Party/FreeRTOS/Source/timers.c ****     {
 414              		.loc 1 666 23 view .LVU107
 415              	.LBB17:
 668:Middlewares/Third_Party/FreeRTOS/Source/timers.c **** 
 416              		.loc 1 668 9 view .LVU108
ARM GAS  /tmp/ccEl6umq.s 			page 26


 677:Middlewares/Third_Party/FreeRTOS/Source/timers.c **** 
 417              		.loc 1 677 9 view .LVU109
 677:Middlewares/Third_Party/FreeRTOS/Source/timers.c **** 
 418              		.loc 1 677 27 is_stmt 0 view .LVU110
 419 0006 494B     		ldr	r3, .L59
 677:Middlewares/Third_Party/FreeRTOS/Source/timers.c **** 
 420              		.loc 1 677 27 discriminator 1 view .LVU111
 421 0008 3D00     		movs	r5, r7
 677:Middlewares/Third_Party/FreeRTOS/Source/timers.c **** 
 422              		.loc 1 677 27 view .LVU112
 423 000a 1B68     		ldr	r3, [r3]
 424 000c 1C68     		ldr	r4, [r3]
 425 000e 002C     		cmp	r4, #0
 426 0010 02D0     		beq	.L28
 427              	.LVL45:
 679:Middlewares/Third_Party/FreeRTOS/Source/timers.c ****         {
 428              		.loc 1 679 9 is_stmt 1 view .LVU113
 681:Middlewares/Third_Party/FreeRTOS/Source/timers.c ****         }
 429              		.loc 1 681 13 view .LVU114
 677:Middlewares/Third_Party/FreeRTOS/Source/timers.c **** 
 430              		.loc 1 677 27 is_stmt 0 discriminator 2 view .LVU115
 431 0012 0025     		movs	r5, #0
 681:Middlewares/Third_Party/FreeRTOS/Source/timers.c ****         }
 432              		.loc 1 681 29 view .LVU116
 433 0014 DB68     		ldr	r3, [r3, #12]
 434 0016 1C68     		ldr	r4, [r3]
 435              	.LVL46:
 436              	.L28:
 689:Middlewares/Third_Party/FreeRTOS/Source/timers.c ****     }
 437              		.loc 1 689 9 is_stmt 1 view .LVU117
 689:Middlewares/Third_Party/FreeRTOS/Source/timers.c ****     }
 438              		.loc 1 689 9 is_stmt 0 view .LVU118
 439              	.LBE17:
 440              	.LBE18:
 596:Middlewares/Third_Party/FreeRTOS/Source/timers.c **** 
 441              		.loc 1 596 13 is_stmt 1 view .LVU119
 442              	.LBB19:
 443              	.LBI19:
 604:Middlewares/Third_Party/FreeRTOS/Source/timers.c ****                                             BaseType_t xListWasEmpty )
 444              		.loc 1 604 17 view .LVU120
 445              	.LBB20:
 607:Middlewares/Third_Party/FreeRTOS/Source/timers.c ****         BaseType_t xTimerListsWereSwitched;
 446              		.loc 1 607 9 view .LVU121
 608:Middlewares/Third_Party/FreeRTOS/Source/timers.c **** 
 447              		.loc 1 608 9 view .LVU122
 610:Middlewares/Third_Party/FreeRTOS/Source/timers.c ****         {
 448              		.loc 1 610 9 view .LVU123
 449 0018 FFF7FEFF 		bl	vTaskSuspendAll
 450              	.LVL47:
 617:Middlewares/Third_Party/FreeRTOS/Source/timers.c **** 
 451              		.loc 1 617 13 view .LVU124
 617:Middlewares/Third_Party/FreeRTOS/Source/timers.c **** 
 452              		.loc 1 617 24 is_stmt 0 view .LVU125
 453 001c 02A8     		add	r0, sp, #8
 454 001e FFF7FEFF 		bl	prvSampleTimeNow
 455              	.LVL48:
 619:Middlewares/Third_Party/FreeRTOS/Source/timers.c ****             {
ARM GAS  /tmp/ccEl6umq.s 			page 27


 456              		.loc 1 619 15 view .LVU126
 457 0022 029B     		ldr	r3, [sp, #8]
 617:Middlewares/Third_Party/FreeRTOS/Source/timers.c **** 
 458              		.loc 1 617 24 view .LVU127
 459 0024 0600     		movs	r6, r0
 460              	.LVL49:
 619:Middlewares/Third_Party/FreeRTOS/Source/timers.c ****             {
 461              		.loc 1 619 13 is_stmt 1 view .LVU128
 619:Middlewares/Third_Party/FreeRTOS/Source/timers.c ****             {
 462              		.loc 1 619 15 is_stmt 0 view .LVU129
 463 0026 002B     		cmp	r3, #0
 464 0028 3DD1     		bne	.L29
 622:Middlewares/Third_Party/FreeRTOS/Source/timers.c ****                 {
 465              		.loc 1 622 17 is_stmt 1 view .LVU130
 622:Middlewares/Third_Party/FreeRTOS/Source/timers.c ****                 {
 466              		.loc 1 622 19 is_stmt 0 view .LVU131
 467 002a 002D     		cmp	r5, #0
 468 002c 29D1     		bne	.L30
 622:Middlewares/Third_Party/FreeRTOS/Source/timers.c ****                 {
 469              		.loc 1 622 50 discriminator 1 view .LVU132
 470 002e A042     		cmp	r0, r4
 471 0030 2CD3     		bcc	.L31
 624:Middlewares/Third_Party/FreeRTOS/Source/timers.c ****                     prvProcessExpiredTimer( xNextExpireTime, xTimeNow );
 472              		.loc 1 624 21 is_stmt 1 view .LVU133
 624:Middlewares/Third_Party/FreeRTOS/Source/timers.c ****                     prvProcessExpiredTimer( xNextExpireTime, xTimeNow );
 473              		.loc 1 624 30 is_stmt 0 view .LVU134
 474 0032 FFF7FEFF 		bl	xTaskResumeAll
 475              	.LVL50:
 625:Middlewares/Third_Party/FreeRTOS/Source/timers.c ****                 }
 476              		.loc 1 625 21 is_stmt 1 view .LVU135
 477 0036 3100     		movs	r1, r6
 478 0038 2000     		movs	r0, r4
 479 003a FFF7FEFF 		bl	prvProcessExpiredTimer
 480              	.LVL51:
 481              	.L38:
 625:Middlewares/Third_Party/FreeRTOS/Source/timers.c ****                 }
 482              		.loc 1 625 21 is_stmt 0 view .LVU136
 483              	.LBE20:
 484              	.LBE19:
 485              	.LBB23:
 486              	.LBB24:
 767:Middlewares/Third_Party/FreeRTOS/Source/timers.c ****         {
 487              		.loc 1 767 69 is_stmt 1 view .LVU137
 767:Middlewares/Third_Party/FreeRTOS/Source/timers.c ****         {
 488              		.loc 1 767 16 is_stmt 0 view .LVU138
 489 003e 3C4B     		ldr	r3, .L59+4
 490 0040 0022     		movs	r2, #0
 491 0042 1868     		ldr	r0, [r3]
 492 0044 02A9     		add	r1, sp, #8
 493 0046 FFF7FEFF 		bl	xQueueReceive
 494              	.LVL52:
 767:Middlewares/Third_Party/FreeRTOS/Source/timers.c ****         {
 495              		.loc 1 767 69 discriminator 1 view .LVU139
 496 004a 0028     		cmp	r0, #0
 497 004c DBD0     		beq	.L52
 773:Middlewares/Third_Party/FreeRTOS/Source/timers.c ****                 {
 498              		.loc 1 773 17 is_stmt 1 view .LVU140
ARM GAS  /tmp/ccEl6umq.s 			page 28


 773:Middlewares/Third_Party/FreeRTOS/Source/timers.c ****                 {
 499              		.loc 1 773 19 is_stmt 0 view .LVU141
 500 004e 029B     		ldr	r3, [sp, #8]
 501              	.LBB25:
 782:Middlewares/Third_Party/FreeRTOS/Source/timers.c ****                 }
 502              		.loc 1 782 63 view .LVU142
 503 0050 0498     		ldr	r0, [sp, #16]
 504              	.LBE25:
 773:Middlewares/Third_Party/FreeRTOS/Source/timers.c ****                 {
 505              		.loc 1 773 19 view .LVU143
 506 0052 002B     		cmp	r3, #0
 507 0054 2ADB     		blt	.L34
 508              	.L37:
 797:Middlewares/Third_Party/FreeRTOS/Source/timers.c **** 
 509              		.loc 1 797 17 is_stmt 1 view .LVU144
 797:Middlewares/Third_Party/FreeRTOS/Source/timers.c **** 
 510              		.loc 1 797 25 is_stmt 0 view .LVU145
 511 0056 049C     		ldr	r4, [sp, #16]
 512              	.LVL53:
 799:Middlewares/Third_Party/FreeRTOS/Source/timers.c ****                 {
 513              		.loc 1 799 17 is_stmt 1 view .LVU146
 799:Middlewares/Third_Party/FreeRTOS/Source/timers.c ****                 {
 514              		.loc 1 799 19 is_stmt 0 view .LVU147
 515 0058 6369     		ldr	r3, [r4, #20]
 516 005a 002B     		cmp	r3, #0
 517 005c 2DD1     		bne	.L35
 518              	.L36:
 806:Middlewares/Third_Party/FreeRTOS/Source/timers.c ****                 }
 519              		.loc 1 806 45 is_stmt 1 view .LVU148
 809:Middlewares/Third_Party/FreeRTOS/Source/timers.c **** 
 520              		.loc 1 809 119 view .LVU149
 817:Middlewares/Third_Party/FreeRTOS/Source/timers.c **** 
 521              		.loc 1 817 17 view .LVU150
 817:Middlewares/Third_Party/FreeRTOS/Source/timers.c **** 
 522              		.loc 1 817 28 is_stmt 0 view .LVU151
 523 005e 01A8     		add	r0, sp, #4
 524 0060 FFF7FEFF 		bl	prvSampleTimeNow
 525              	.LVL54:
 526 0064 0600     		movs	r6, r0
 527              	.LVL55:
 819:Middlewares/Third_Party/FreeRTOS/Source/timers.c ****                 {
 528              		.loc 1 819 17 is_stmt 1 view .LVU152
 529 0066 0298     		ldr	r0, [sp, #8]
 530              	.LVL56:
 819:Middlewares/Third_Party/FreeRTOS/Source/timers.c ****                 {
 531              		.loc 1 819 17 is_stmt 0 view .LVU153
 532 0068 0138     		subs	r0, r0, #1
 533 006a 0828     		cmp	r0, #8
 534 006c E7D8     		bhi	.L38
 535 006e 2500     		movs	r5, r4
 536 0070 2835     		adds	r5, r5, #40
 879:Middlewares/Third_Party/FreeRTOS/Source/timers.c ****                             {
 537              		.loc 1 879 42 view .LVU154
 538 0072 2B78     		ldrb	r3, [r5]
 819:Middlewares/Third_Party/FreeRTOS/Source/timers.c ****                 {
 539              		.loc 1 819 17 view .LVU155
 540 0074 FFF7FEFF 		bl	__gnu_thumb1_case_uqi
ARM GAS  /tmp/ccEl6umq.s 			page 29


 541              	.L41:
 542 0078 25       		.byte	(.L43-.L41)/2
 543 0079 25       		.byte	(.L43-.L41)/2
 544 007a 57       		.byte	(.L50-.L41)/2
 545 007b 41       		.byte	(.L40-.L41)/2
 546 007c 50       		.byte	(.L44-.L41)/2
 547 007d 25       		.byte	(.L43-.L41)/2
 548 007e 25       		.byte	(.L43-.L41)/2
 549 007f 57       		.byte	(.L50-.L41)/2
 550 0080 41       		.byte	(.L40-.L41)/2
 551              	.LVL57:
 552 0081 00       		.p2align 1
 553              	.L30:
 819:Middlewares/Third_Party/FreeRTOS/Source/timers.c ****                 {
 554              		.loc 1 819 17 view .LVU156
 555              	.LBE24:
 556              	.LBE23:
 557              	.LBB29:
 558              	.LBB21:
 639:Middlewares/Third_Party/FreeRTOS/Source/timers.c ****                     }
 559              		.loc 1 639 25 is_stmt 1 view .LVU157
 639:Middlewares/Third_Party/FreeRTOS/Source/timers.c ****                     }
 560              		.loc 1 639 41 is_stmt 0 view .LVU158
 561 0082 2C4B     		ldr	r3, .L59+8
 562 0084 1B68     		ldr	r3, [r3]
 563 0086 1D68     		ldr	r5, [r3]
 564              	.LVL58:
 639:Middlewares/Third_Party/FreeRTOS/Source/timers.c ****                     }
 565              		.loc 1 639 41 view .LVU159
 566 0088 6B42     		rsbs	r3, r5, #0
 567 008a 5D41     		adcs	r5, r5, r3
 568              	.L31:
 569              	.LVL59:
 642:Middlewares/Third_Party/FreeRTOS/Source/timers.c **** 
 570              		.loc 1 642 21 is_stmt 1 view .LVU160
 571 008c 284B     		ldr	r3, .L59+4
 572 008e 2A00     		movs	r2, r5
 573 0090 1868     		ldr	r0, [r3]
 574              	.LVL60:
 642:Middlewares/Third_Party/FreeRTOS/Source/timers.c **** 
 575              		.loc 1 642 21 is_stmt 0 view .LVU161
 576 0092 A11B     		subs	r1, r4, r6
 577 0094 FFF7FEFF 		bl	vQueueWaitForMessageRestricted
 578              	.LVL61:
 644:Middlewares/Third_Party/FreeRTOS/Source/timers.c ****                     {
 579              		.loc 1 644 21 is_stmt 1 view .LVU162
 644:Middlewares/Third_Party/FreeRTOS/Source/timers.c ****                     {
 580              		.loc 1 644 25 is_stmt 0 view .LVU163
 581 0098 FFF7FEFF 		bl	xTaskResumeAll
 582              	.LVL62:
 644:Middlewares/Third_Party/FreeRTOS/Source/timers.c ****                     {
 583              		.loc 1 644 23 discriminator 1 view .LVU164
 584 009c 0028     		cmp	r0, #0
 585 009e CED1     		bne	.L38
 650:Middlewares/Third_Party/FreeRTOS/Source/timers.c ****                     }
 586              		.loc 1 650 25 is_stmt 1 view .LVU165
 587 00a0 FFF7FEFF 		bl	vPortYield
ARM GAS  /tmp/ccEl6umq.s 			page 30


 588              	.LVL63:
 589 00a4 CBE7     		b	.L38
 590              	.LVL64:
 591              	.L29:
 660:Middlewares/Third_Party/FreeRTOS/Source/timers.c ****             }
 592              		.loc 1 660 17 view .LVU166
 660:Middlewares/Third_Party/FreeRTOS/Source/timers.c ****             }
 593              		.loc 1 660 26 is_stmt 0 view .LVU167
 594 00a6 FFF7FEFF 		bl	xTaskResumeAll
 595              	.LVL65:
 660:Middlewares/Third_Party/FreeRTOS/Source/timers.c ****             }
 596              		.loc 1 660 26 view .LVU168
 597              	.LBE21:
 598              	.LBE29:
 599:Middlewares/Third_Party/FreeRTOS/Source/timers.c ****         }
 599              		.loc 1 599 13 is_stmt 1 discriminator 1 view .LVU169
 600              	.LBB30:
 601              	.LBI23:
 760:Middlewares/Third_Party/FreeRTOS/Source/timers.c ****     {
 602              		.loc 1 760 17 view .LVU170
 603              	.LBB27:
 762:Middlewares/Third_Party/FreeRTOS/Source/timers.c ****         Timer_t * pxTimer;
 604              		.loc 1 762 9 view .LVU171
 763:Middlewares/Third_Party/FreeRTOS/Source/timers.c ****         BaseType_t xTimerListsWereSwitched;
 605              		.loc 1 763 9 view .LVU172
 764:Middlewares/Third_Party/FreeRTOS/Source/timers.c ****         TickType_t xTimeNow;
 606              		.loc 1 764 9 view .LVU173
 765:Middlewares/Third_Party/FreeRTOS/Source/timers.c **** 
 607              		.loc 1 765 9 view .LVU174
 767:Middlewares/Third_Party/FreeRTOS/Source/timers.c ****         {
 608              		.loc 1 767 9 view .LVU175
 609              	.LBE27:
 610              	.LBE30:
 611              	.LBB31:
 612              	.LBB22:
 663:Middlewares/Third_Party/FreeRTOS/Source/timers.c **** /*-----------------------------------------------------------*/
 613              		.loc 1 663 5 is_stmt 0 view .LVU176
 614 00aa C8E7     		b	.L38
 615              	.LVL66:
 616              	.L34:
 663:Middlewares/Third_Party/FreeRTOS/Source/timers.c **** /*-----------------------------------------------------------*/
 617              		.loc 1 663 5 view .LVU177
 618              	.LBE22:
 619              	.LBE31:
 620              	.LBB32:
 621              	.LBB28:
 622              	.LBB26:
 775:Middlewares/Third_Party/FreeRTOS/Source/timers.c **** 
 623              		.loc 1 775 21 is_stmt 1 view .LVU178
 779:Middlewares/Third_Party/FreeRTOS/Source/timers.c **** 
 624              		.loc 1 779 21 view .LVU179
 779:Middlewares/Third_Party/FreeRTOS/Source/timers.c **** 
 625              		.loc 1 779 47 discriminator 2 view .LVU180
 782:Middlewares/Third_Party/FreeRTOS/Source/timers.c ****                 }
 626              		.loc 1 782 21 view .LVU181
 627 00ac 039B     		ldr	r3, [sp, #12]
 628 00ae 0599     		ldr	r1, [sp, #20]
ARM GAS  /tmp/ccEl6umq.s 			page 31


 629 00b0 9847     		blx	r3
 630              	.LVL67:
 631              	.LBE26:
 786:Middlewares/Third_Party/FreeRTOS/Source/timers.c ****                 }
 632              		.loc 1 786 45 view .LVU182
 793:Middlewares/Third_Party/FreeRTOS/Source/timers.c ****             {
 633              		.loc 1 793 13 view .LVU183
 793:Middlewares/Third_Party/FreeRTOS/Source/timers.c ****             {
 634              		.loc 1 793 15 is_stmt 0 view .LVU184
 635 00b2 029B     		ldr	r3, [sp, #8]
 636 00b4 002B     		cmp	r3, #0
 637 00b6 C2DB     		blt	.L38
 638 00b8 CDE7     		b	.L37
 639              	.LVL68:
 640              	.L35:
 802:Middlewares/Third_Party/FreeRTOS/Source/timers.c ****                 }
 641              		.loc 1 802 21 is_stmt 1 view .LVU185
 802:Middlewares/Third_Party/FreeRTOS/Source/timers.c ****                 }
 642              		.loc 1 802 30 is_stmt 0 view .LVU186
 643 00ba 201D     		adds	r0, r4, #4
 644 00bc FFF7FEFF 		bl	uxListRemove
 645              	.LVL69:
 646 00c0 CDE7     		b	.L36
 647              	.LVL70:
 648              	.L43:
 826:Middlewares/Third_Party/FreeRTOS/Source/timers.c **** 
 649              		.loc 1 826 25 is_stmt 1 view .LVU187
 826:Middlewares/Third_Party/FreeRTOS/Source/timers.c **** 
 650              		.loc 1 826 43 is_stmt 0 view .LVU188
 651 00c2 3B43     		orrs	r3, r7
 652 00c4 2B70     		strb	r3, [r5]
 828:Middlewares/Third_Party/FreeRTOS/Source/timers.c ****                         {
 653              		.loc 1 828 25 is_stmt 1 view .LVU189
 828:Middlewares/Third_Party/FreeRTOS/Source/timers.c ****                         {
 654              		.loc 1 828 93 is_stmt 0 view .LVU190
 655 00c6 039B     		ldr	r3, [sp, #12]
 828:Middlewares/Third_Party/FreeRTOS/Source/timers.c ****                         {
 656              		.loc 1 828 29 view .LVU191
 657 00c8 A169     		ldr	r1, [r4, #24]
 658 00ca 3200     		movs	r2, r6
 659 00cc 2000     		movs	r0, r4
 660 00ce 5918     		adds	r1, r3, r1
 661 00d0 FFF7FEFF 		bl	prvInsertTimerInActiveList
 662              	.LVL71:
 828:Middlewares/Third_Party/FreeRTOS/Source/timers.c ****                         {
 663              		.loc 1 828 27 discriminator 1 view .LVU192
 664 00d4 0028     		cmp	r0, #0
 665 00d6 B2D0     		beq	.L38
 832:Middlewares/Third_Party/FreeRTOS/Source/timers.c ****                             {
 666              		.loc 1 832 29 is_stmt 1 view .LVU193
 832:Middlewares/Third_Party/FreeRTOS/Source/timers.c ****                             {
 667              		.loc 1 832 42 is_stmt 0 view .LVU194
 668 00d8 2B78     		ldrb	r3, [r5]
 832:Middlewares/Third_Party/FreeRTOS/Source/timers.c ****                             {
 669              		.loc 1 832 31 view .LVU195
 670 00da 5A07     		lsls	r2, r3, #29
 671 00dc 0AD5     		bpl	.L46
ARM GAS  /tmp/ccEl6umq.s 			page 32


 834:Middlewares/Third_Party/FreeRTOS/Source/timers.c ****                             }
 672              		.loc 1 834 33 is_stmt 1 view .LVU196
 673 00de 0399     		ldr	r1, [sp, #12]
 674 00e0 A369     		ldr	r3, [r4, #24]
 675 00e2 3200     		movs	r2, r6
 676 00e4 2000     		movs	r0, r4
 677 00e6 C918     		adds	r1, r1, r3
 678 00e8 FFF7FEFF 		bl	prvReloadTimer
 679              	.LVL72:
 680              	.L47:
 842:Middlewares/Third_Party/FreeRTOS/Source/timers.c ****                             pxTimer->pxCallbackFunction( ( TimerHandle_t ) pxTimer );
 681              		.loc 1 842 58 view .LVU197
 843:Middlewares/Third_Party/FreeRTOS/Source/timers.c ****                         }
 682              		.loc 1 843 29 view .LVU198
 683 00ec 2000     		movs	r0, r4
 684 00ee 236A     		ldr	r3, [r4, #32]
 685 00f0 9847     		blx	r3
 686              	.LVL73:
 687 00f2 A4E7     		b	.L38
 688              	.L46:
 838:Middlewares/Third_Party/FreeRTOS/Source/timers.c ****                             }
 689              		.loc 1 838 33 view .LVU199
 838:Middlewares/Third_Party/FreeRTOS/Source/timers.c ****                             }
 690              		.loc 1 838 51 is_stmt 0 view .LVU200
 691 00f4 BB43     		bics	r3, r7
 692 00f6 2B70     		strb	r3, [r5]
 693 00f8 F8E7     		b	.L47
 694              	.L40:
 860:Middlewares/Third_Party/FreeRTOS/Source/timers.c ****                         pxTimer->xTimerPeriodInTicks = xMessage.u.xTimerParameters.xMessageValue;
 695              		.loc 1 860 25 is_stmt 1 view .LVU201
 860:Middlewares/Third_Party/FreeRTOS/Source/timers.c ****                         pxTimer->xTimerPeriodInTicks = xMessage.u.xTimerParameters.xMessageValue;
 696              		.loc 1 860 43 is_stmt 0 view .LVU202
 697 00fa 3B43     		orrs	r3, r7
 698 00fc 2B70     		strb	r3, [r5]
 861:Middlewares/Third_Party/FreeRTOS/Source/timers.c ****                         configASSERT( ( pxTimer->xTimerPeriodInTicks > 0 ) );
 699              		.loc 1 861 25 is_stmt 1 view .LVU203
 861:Middlewares/Third_Party/FreeRTOS/Source/timers.c ****                         configASSERT( ( pxTimer->xTimerPeriodInTicks > 0 ) );
 700              		.loc 1 861 83 is_stmt 0 view .LVU204
 701 00fe 0399     		ldr	r1, [sp, #12]
 861:Middlewares/Third_Party/FreeRTOS/Source/timers.c ****                         configASSERT( ( pxTimer->xTimerPeriodInTicks > 0 ) );
 702              		.loc 1 861 54 view .LVU205
 703 0100 A161     		str	r1, [r4, #24]
 862:Middlewares/Third_Party/FreeRTOS/Source/timers.c **** 
 704              		.loc 1 862 25 is_stmt 1 view .LVU206
 705 0102 0029     		cmp	r1, #0
 706 0104 01D1     		bne	.L48
 862:Middlewares/Third_Party/FreeRTOS/Source/timers.c **** 
 707              		.loc 1 862 25 discriminator 1 view .LVU207
 708              		.syntax divided
 709              	@ 862 "Middlewares/Third_Party/FreeRTOS/Source/timers.c" 1
 710 0106 72B6     		 cpsid i 
 711              	@ 0 "" 2
 712              		.thumb
 713              		.syntax unified
 714              	.L49:
 862:Middlewares/Third_Party/FreeRTOS/Source/timers.c **** 
 715              		.loc 1 862 25 discriminator 3 view .LVU208
ARM GAS  /tmp/ccEl6umq.s 			page 33


 862:Middlewares/Third_Party/FreeRTOS/Source/timers.c **** 
 716              		.loc 1 862 25 discriminator 3 view .LVU209
 717 0108 FEE7     		b	.L49
 718              	.L48:
 862:Middlewares/Third_Party/FreeRTOS/Source/timers.c **** 
 719              		.loc 1 862 77 discriminator 2 view .LVU210
 870:Middlewares/Third_Party/FreeRTOS/Source/timers.c ****                         break;
 720              		.loc 1 870 25 view .LVU211
 870:Middlewares/Third_Party/FreeRTOS/Source/timers.c ****                         break;
 721              		.loc 1 870 34 is_stmt 0 view .LVU212
 722 010a 3300     		movs	r3, r6
 723 010c 3200     		movs	r2, r6
 724 010e 2000     		movs	r0, r4
 725 0110 7118     		adds	r1, r6, r1
 726 0112 FFF7FEFF 		bl	prvInsertTimerInActiveList
 727              	.LVL74:
 871:Middlewares/Third_Party/FreeRTOS/Source/timers.c **** 
 728              		.loc 1 871 25 is_stmt 1 view .LVU213
 729 0116 92E7     		b	.L38
 730              	.L44:
 879:Middlewares/Third_Party/FreeRTOS/Source/timers.c ****                             {
 731              		.loc 1 879 29 view .LVU214
 879:Middlewares/Third_Party/FreeRTOS/Source/timers.c ****                             {
 732              		.loc 1 879 31 is_stmt 0 view .LVU215
 733 0118 0222     		movs	r2, #2
 734 011a 1342     		tst	r3, r2
 735 011c 03D1     		bne	.L50
 881:Middlewares/Third_Party/FreeRTOS/Source/timers.c ****                             }
 736              		.loc 1 881 33 is_stmt 1 view .LVU216
 737 011e 2000     		movs	r0, r4
 738 0120 FFF7FEFF 		bl	vPortFree
 739              	.LVL75:
 740 0124 8BE7     		b	.L38
 741              	.L50:
 885:Middlewares/Third_Party/FreeRTOS/Source/timers.c ****                             }
 742              		.loc 1 885 33 view .LVU217
 885:Middlewares/Third_Party/FreeRTOS/Source/timers.c ****                             }
 743              		.loc 1 885 51 is_stmt 0 view .LVU218
 744 0126 BB43     		bics	r3, r7
 745 0128 2B70     		strb	r3, [r5]
 746 012a 88E7     		b	.L38
 747              	.L60:
 748              		.align	2
 749              	.L59:
 750 012c 00000000 		.word	pxCurrentTimerList
 751 0130 00000000 		.word	xTimerQueue
 752 0134 00000000 		.word	pxOverflowTimerList
 753              	.LBE28:
 754              	.LBE32:
 755              		.cfi_endproc
 756              	.LFE14:
 758              		.section	.rodata.prvCheckForValidListAndQueue.str1.1,"aMS",%progbits,1
 759              	.LC16:
 760 0000 546D7251 		.ascii	"TmrQ\000"
 760      00
 761              		.section	.text.prvCheckForValidListAndQueue,"ax",%progbits
 762              		.align	1
ARM GAS  /tmp/ccEl6umq.s 			page 34


 763              		.syntax unified
 764              		.code	16
 765              		.thumb_func
 767              	prvCheckForValidListAndQueue:
 768              	.LFB21:
 930:Middlewares/Third_Party/FreeRTOS/Source/timers.c ****     }
 931:Middlewares/Third_Party/FreeRTOS/Source/timers.c **** /*-----------------------------------------------------------*/
 932:Middlewares/Third_Party/FreeRTOS/Source/timers.c **** 
 933:Middlewares/Third_Party/FreeRTOS/Source/timers.c ****     static void prvCheckForValidListAndQueue( void )
 934:Middlewares/Third_Party/FreeRTOS/Source/timers.c ****     {
 769              		.loc 1 934 5 is_stmt 1 view -0
 770              		.cfi_startproc
 771              		@ args = 0, pretend = 0, frame = 0
 772              		@ frame_needed = 0, uses_anonymous_args = 0
 935:Middlewares/Third_Party/FreeRTOS/Source/timers.c ****         /* Check that the list from which active timers are referenced, and the
 936:Middlewares/Third_Party/FreeRTOS/Source/timers.c ****          * queue used to communicate with the timer service, have been
 937:Middlewares/Third_Party/FreeRTOS/Source/timers.c ****          * initialised. */
 938:Middlewares/Third_Party/FreeRTOS/Source/timers.c ****         taskENTER_CRITICAL();
 773              		.loc 1 938 9 view .LVU220
 934:Middlewares/Third_Party/FreeRTOS/Source/timers.c ****         /* Check that the list from which active timers are referenced, and the
 774              		.loc 1 934 5 is_stmt 0 view .LVU221
 775 0000 F7B5     		push	{r0, r1, r2, r4, r5, r6, r7, lr}
 776              		.cfi_def_cfa_offset 32
 777              		.cfi_offset 0, -32
 778              		.cfi_offset 1, -28
 779              		.cfi_offset 2, -24
 780              		.cfi_offset 4, -20
 781              		.cfi_offset 5, -16
 782              		.cfi_offset 6, -12
 783              		.cfi_offset 7, -8
 784              		.cfi_offset 14, -4
 785              		.loc 1 938 9 view .LVU222
 786 0002 FFF7FEFF 		bl	vPortEnterCritical
 787              	.LVL76:
 939:Middlewares/Third_Party/FreeRTOS/Source/timers.c ****         {
 940:Middlewares/Third_Party/FreeRTOS/Source/timers.c ****             if( xTimerQueue == NULL )
 788              		.loc 1 940 13 is_stmt 1 view .LVU223
 789              		.loc 1 940 29 is_stmt 0 view .LVU224
 790 0006 104C     		ldr	r4, .L68
 791              		.loc 1 940 15 view .LVU225
 792 0008 2568     		ldr	r5, [r4]
 793 000a 002D     		cmp	r5, #0
 794 000c 18D1     		bne	.L63
 941:Middlewares/Third_Party/FreeRTOS/Source/timers.c ****             {
 942:Middlewares/Third_Party/FreeRTOS/Source/timers.c ****                 vListInitialise( &xActiveTimerList1 );
 795              		.loc 1 942 17 is_stmt 1 view .LVU226
 796 000e 0F4F     		ldr	r7, .L68+4
 797 0010 3800     		movs	r0, r7
 798 0012 FFF7FEFF 		bl	vListInitialise
 799              	.LVL77:
 943:Middlewares/Third_Party/FreeRTOS/Source/timers.c ****                 vListInitialise( &xActiveTimerList2 );
 800              		.loc 1 943 17 view .LVU227
 801 0016 0E4E     		ldr	r6, .L68+8
 802 0018 3000     		movs	r0, r6
 803 001a FFF7FEFF 		bl	vListInitialise
 804              	.LVL78:
 944:Middlewares/Third_Party/FreeRTOS/Source/timers.c ****                 pxCurrentTimerList = &xActiveTimerList1;
ARM GAS  /tmp/ccEl6umq.s 			page 35


 805              		.loc 1 944 17 view .LVU228
 806              		.loc 1 944 36 is_stmt 0 view .LVU229
 807 001e 0D4B     		ldr	r3, .L68+12
 808              	.LBB33:
 945:Middlewares/Third_Party/FreeRTOS/Source/timers.c ****                 pxOverflowTimerList = &xActiveTimerList2;
 946:Middlewares/Third_Party/FreeRTOS/Source/timers.c **** 
 947:Middlewares/Third_Party/FreeRTOS/Source/timers.c ****                 #if ( configSUPPORT_STATIC_ALLOCATION == 1 )
 948:Middlewares/Third_Party/FreeRTOS/Source/timers.c ****                 {
 949:Middlewares/Third_Party/FreeRTOS/Source/timers.c ****                     /* The timer queue is allocated statically in case
 950:Middlewares/Third_Party/FreeRTOS/Source/timers.c ****                      * configSUPPORT_DYNAMIC_ALLOCATION is 0. */
 951:Middlewares/Third_Party/FreeRTOS/Source/timers.c ****                     PRIVILEGED_DATA static StaticQueue_t xStaticTimerQueue;                        
 952:Middlewares/Third_Party/FreeRTOS/Source/timers.c ****                     PRIVILEGED_DATA static uint8_t ucStaticTimerQueueStorage[ ( size_t ) configTIME
 953:Middlewares/Third_Party/FreeRTOS/Source/timers.c **** 
 954:Middlewares/Third_Party/FreeRTOS/Source/timers.c ****                     xTimerQueue = xQueueCreateStatic( ( UBaseType_t ) configTIMER_QUEUE_LENGTH, ( U
 809              		.loc 1 954 35 view .LVU230
 810 0020 1021     		movs	r1, #16
 811              	.LBE33:
 944:Middlewares/Third_Party/FreeRTOS/Source/timers.c ****                 pxCurrentTimerList = &xActiveTimerList1;
 812              		.loc 1 944 36 view .LVU231
 813 0022 1F60     		str	r7, [r3]
 945:Middlewares/Third_Party/FreeRTOS/Source/timers.c ****                 pxOverflowTimerList = &xActiveTimerList2;
 814              		.loc 1 945 17 is_stmt 1 view .LVU232
 945:Middlewares/Third_Party/FreeRTOS/Source/timers.c ****                 pxOverflowTimerList = &xActiveTimerList2;
 815              		.loc 1 945 37 is_stmt 0 view .LVU233
 816 0024 0C4B     		ldr	r3, .L68+16
 817              	.LBB34:
 818              		.loc 1 954 35 view .LVU234
 819 0026 0A20     		movs	r0, #10
 820              	.LBE34:
 945:Middlewares/Third_Party/FreeRTOS/Source/timers.c ****                 pxOverflowTimerList = &xActiveTimerList2;
 821              		.loc 1 945 37 view .LVU235
 822 0028 1E60     		str	r6, [r3]
 823              	.LBB35:
 951:Middlewares/Third_Party/FreeRTOS/Source/timers.c ****                     PRIVILEGED_DATA static uint8_t ucStaticTimerQueueStorage[ ( size_t ) configTIME
 824              		.loc 1 951 37 is_stmt 1 view .LVU236
 952:Middlewares/Third_Party/FreeRTOS/Source/timers.c **** 
 825              		.loc 1 952 37 view .LVU237
 826              		.loc 1 954 21 view .LVU238
 827              		.loc 1 954 35 is_stmt 0 view .LVU239
 828 002a 0C4A     		ldr	r2, .L68+20
 829 002c 0C4B     		ldr	r3, .L68+24
 830 002e 0095     		str	r5, [sp]
 831 0030 FFF7FEFF 		bl	xQueueGenericCreateStatic
 832              	.LVL79:
 833              		.loc 1 954 33 discriminator 1 view .LVU240
 834 0034 2060     		str	r0, [r4]
 835              	.LBE35:
 955:Middlewares/Third_Party/FreeRTOS/Source/timers.c ****                 }
 956:Middlewares/Third_Party/FreeRTOS/Source/timers.c ****                 #else
 957:Middlewares/Third_Party/FreeRTOS/Source/timers.c ****                 {
 958:Middlewares/Third_Party/FreeRTOS/Source/timers.c ****                     xTimerQueue = xQueueCreate( ( UBaseType_t ) configTIMER_QUEUE_LENGTH, sizeof( D
 959:Middlewares/Third_Party/FreeRTOS/Source/timers.c ****                 }
 960:Middlewares/Third_Party/FreeRTOS/Source/timers.c ****                 #endif /* if ( configSUPPORT_STATIC_ALLOCATION == 1 ) */
 961:Middlewares/Third_Party/FreeRTOS/Source/timers.c **** 
 962:Middlewares/Third_Party/FreeRTOS/Source/timers.c ****                 #if ( configQUEUE_REGISTRY_SIZE > 0 )
 963:Middlewares/Third_Party/FreeRTOS/Source/timers.c ****                 {
 964:Middlewares/Third_Party/FreeRTOS/Source/timers.c ****                     if( xTimerQueue != NULL )
ARM GAS  /tmp/ccEl6umq.s 			page 36


 836              		.loc 1 964 21 is_stmt 1 view .LVU241
 837              		.loc 1 964 23 is_stmt 0 view .LVU242
 838 0036 0028     		cmp	r0, #0
 839 0038 02D0     		beq	.L63
 965:Middlewares/Third_Party/FreeRTOS/Source/timers.c ****                     {
 966:Middlewares/Third_Party/FreeRTOS/Source/timers.c ****                         vQueueAddToRegistry( xTimerQueue, "TmrQ" );
 840              		.loc 1 966 25 is_stmt 1 view .LVU243
 841 003a 0A49     		ldr	r1, .L68+28
 842 003c FFF7FEFF 		bl	vQueueAddToRegistry
 843              	.LVL80:
 844              	.L63:
 967:Middlewares/Third_Party/FreeRTOS/Source/timers.c ****                     }
 968:Middlewares/Third_Party/FreeRTOS/Source/timers.c ****                     else
 969:Middlewares/Third_Party/FreeRTOS/Source/timers.c ****                     {
 970:Middlewares/Third_Party/FreeRTOS/Source/timers.c ****                         mtCOVERAGE_TEST_MARKER();
 971:Middlewares/Third_Party/FreeRTOS/Source/timers.c ****                     }
 972:Middlewares/Third_Party/FreeRTOS/Source/timers.c ****                 }
 973:Middlewares/Third_Party/FreeRTOS/Source/timers.c ****                 #endif /* configQUEUE_REGISTRY_SIZE */
 974:Middlewares/Third_Party/FreeRTOS/Source/timers.c ****             }
 975:Middlewares/Third_Party/FreeRTOS/Source/timers.c ****             else
 976:Middlewares/Third_Party/FreeRTOS/Source/timers.c ****             {
 977:Middlewares/Third_Party/FreeRTOS/Source/timers.c ****                 mtCOVERAGE_TEST_MARKER();
 845              		.loc 1 977 41 view .LVU244
 978:Middlewares/Third_Party/FreeRTOS/Source/timers.c ****             }
 979:Middlewares/Third_Party/FreeRTOS/Source/timers.c ****         }
 980:Middlewares/Third_Party/FreeRTOS/Source/timers.c ****         taskEXIT_CRITICAL();
 846              		.loc 1 980 9 view .LVU245
 981:Middlewares/Third_Party/FreeRTOS/Source/timers.c ****     }
 847              		.loc 1 981 5 is_stmt 0 view .LVU246
 848              		@ sp needed
 980:Middlewares/Third_Party/FreeRTOS/Source/timers.c ****     }
 849              		.loc 1 980 9 view .LVU247
 850 0040 FFF7FEFF 		bl	vPortExitCritical
 851              	.LVL81:
 852              		.loc 1 981 5 view .LVU248
 853 0044 F7BD     		pop	{r0, r1, r2, r4, r5, r6, r7, pc}
 854              	.L69:
 855 0046 C046     		.align	2
 856              	.L68:
 857 0048 00000000 		.word	xTimerQueue
 858 004c 00000000 		.word	xActiveTimerList1
 859 0050 00000000 		.word	xActiveTimerList2
 860 0054 00000000 		.word	pxCurrentTimerList
 861 0058 00000000 		.word	pxOverflowTimerList
 862 005c 00000000 		.word	ucStaticTimerQueueStorage.1
 863 0060 00000000 		.word	xStaticTimerQueue.0
 864 0064 00000000 		.word	.LC16
 865              		.cfi_endproc
 866              	.LFE21:
 868              		.section	.rodata.xTimerCreateTimerTask.str1.1,"aMS",%progbits,1
 869              	.LC19:
 870 0000 546D7220 		.ascii	"Tmr Svc\000"
 870      53766300 
 871              		.section	.text.xTimerCreateTimerTask,"ax",%progbits
 872              		.align	1
 873              		.global	xTimerCreateTimerTask
 874              		.syntax unified
ARM GAS  /tmp/ccEl6umq.s 			page 37


 875              		.code	16
 876              		.thumb_func
 878              	xTimerCreateTimerTask:
 879              	.LFB0:
 234:Middlewares/Third_Party/FreeRTOS/Source/timers.c ****         BaseType_t xReturn = pdFAIL;
 880              		.loc 1 234 5 is_stmt 1 view -0
 881              		.cfi_startproc
 882              		@ args = 0, pretend = 0, frame = 16
 883              		@ frame_needed = 0, uses_anonymous_args = 0
 235:Middlewares/Third_Party/FreeRTOS/Source/timers.c **** 
 884              		.loc 1 235 9 view .LVU250
 885              	.LVL82:
 241:Middlewares/Third_Party/FreeRTOS/Source/timers.c **** 
 886              		.loc 1 241 9 view .LVU251
 234:Middlewares/Third_Party/FreeRTOS/Source/timers.c ****         BaseType_t xReturn = pdFAIL;
 887              		.loc 1 234 5 is_stmt 0 view .LVU252
 888 0000 10B5     		push	{r4, lr}
 889              		.cfi_def_cfa_offset 8
 890              		.cfi_offset 4, -8
 891              		.cfi_offset 14, -4
 892 0002 88B0     		sub	sp, sp, #32
 893              		.cfi_def_cfa_offset 40
 241:Middlewares/Third_Party/FreeRTOS/Source/timers.c **** 
 894              		.loc 1 241 9 view .LVU253
 895 0004 FFF7FEFF 		bl	prvCheckForValidListAndQueue
 896              	.LVL83:
 243:Middlewares/Third_Party/FreeRTOS/Source/timers.c ****         {
 897              		.loc 1 243 9 is_stmt 1 view .LVU254
 243:Middlewares/Third_Party/FreeRTOS/Source/timers.c ****         {
 898              		.loc 1 243 25 is_stmt 0 view .LVU255
 899 0008 104B     		ldr	r3, .L81
 243:Middlewares/Third_Party/FreeRTOS/Source/timers.c ****         {
 900              		.loc 1 243 11 view .LVU256
 901 000a 1B68     		ldr	r3, [r3]
 902 000c 002B     		cmp	r3, #0
 903 000e 17D0     		beq	.L71
 904              	.LBB36:
 247:Middlewares/Third_Party/FreeRTOS/Source/timers.c ****                 StackType_t * pxTimerTaskStackBuffer = NULL;
 905              		.loc 1 247 17 is_stmt 1 view .LVU257
 247:Middlewares/Third_Party/FreeRTOS/Source/timers.c ****                 StackType_t * pxTimerTaskStackBuffer = NULL;
 906              		.loc 1 247 32 is_stmt 0 view .LVU258
 907 0010 0024     		movs	r4, #0
 251:Middlewares/Third_Party/FreeRTOS/Source/timers.c ****                 xTimerTaskHandle = xTaskCreateStatic( prvTimerTask,
 908              		.loc 1 251 17 view .LVU259
 909 0012 07AA     		add	r2, sp, #28
 910 0014 06A9     		add	r1, sp, #24
 911 0016 05A8     		add	r0, sp, #20
 247:Middlewares/Third_Party/FreeRTOS/Source/timers.c ****                 StackType_t * pxTimerTaskStackBuffer = NULL;
 912              		.loc 1 247 32 view .LVU260
 913 0018 0594     		str	r4, [sp, #20]
 248:Middlewares/Third_Party/FreeRTOS/Source/timers.c ****                 uint32_t ulTimerTaskStackSize;
 914              		.loc 1 248 17 is_stmt 1 view .LVU261
 248:Middlewares/Third_Party/FreeRTOS/Source/timers.c ****                 uint32_t ulTimerTaskStackSize;
 915              		.loc 1 248 31 is_stmt 0 view .LVU262
 916 001a 0694     		str	r4, [sp, #24]
 249:Middlewares/Third_Party/FreeRTOS/Source/timers.c **** 
 917              		.loc 1 249 17 is_stmt 1 view .LVU263
ARM GAS  /tmp/ccEl6umq.s 			page 38


 251:Middlewares/Third_Party/FreeRTOS/Source/timers.c ****                 xTimerTaskHandle = xTaskCreateStatic( prvTimerTask,
 918              		.loc 1 251 17 view .LVU264
 919 001c FFF7FEFF 		bl	vApplicationGetTimerTaskMemory
 920              	.LVL84:
 252:Middlewares/Third_Party/FreeRTOS/Source/timers.c ****                                                       configTIMER_SERVICE_TASK_NAME,
 921              		.loc 1 252 17 view .LVU265
 252:Middlewares/Third_Party/FreeRTOS/Source/timers.c ****                                                       configTIMER_SERVICE_TASK_NAME,
 922              		.loc 1 252 36 is_stmt 0 view .LVU266
 923 0020 059B     		ldr	r3, [sp, #20]
 924 0022 0B49     		ldr	r1, .L81+4
 925 0024 0293     		str	r3, [sp, #8]
 926 0026 069B     		ldr	r3, [sp, #24]
 927 0028 0A48     		ldr	r0, .L81+8
 928 002a 0193     		str	r3, [sp, #4]
 929 002c 0223     		movs	r3, #2
 930 002e 079A     		ldr	r2, [sp, #28]
 931 0030 0093     		str	r3, [sp]
 932 0032 2300     		movs	r3, r4
 933 0034 FFF7FEFF 		bl	xTaskCreateStatic
 934              	.LVL85:
 252:Middlewares/Third_Party/FreeRTOS/Source/timers.c ****                                                       configTIMER_SERVICE_TASK_NAME,
 935              		.loc 1 252 34 discriminator 1 view .LVU267
 936 0038 074B     		ldr	r3, .L81+12
 937 003a 1860     		str	r0, [r3]
 260:Middlewares/Third_Party/FreeRTOS/Source/timers.c ****                 {
 938              		.loc 1 260 17 is_stmt 1 view .LVU268
 260:Middlewares/Third_Party/FreeRTOS/Source/timers.c ****                 {
 939              		.loc 1 260 19 is_stmt 0 view .LVU269
 940 003c A042     		cmp	r0, r4
 941 003e 01D1     		bne	.L80
 942              	.L71:
 943              	.LVL86:
 260:Middlewares/Third_Party/FreeRTOS/Source/timers.c ****                 {
 944              		.loc 1 260 19 view .LVU270
 945              	.LBE36:
 281:Middlewares/Third_Party/FreeRTOS/Source/timers.c ****         return xReturn;
 946              		.loc 1 281 9 is_stmt 1 discriminator 1 view .LVU271
 947              		.syntax divided
 948              	@ 281 "Middlewares/Third_Party/FreeRTOS/Source/timers.c" 1
 949 0040 72B6     		 cpsid i 
 950              	@ 0 "" 2
 951              		.thumb
 952              		.syntax unified
 953              	.L73:
 281:Middlewares/Third_Party/FreeRTOS/Source/timers.c ****         return xReturn;
 954              		.loc 1 281 9 discriminator 3 view .LVU272
 281:Middlewares/Third_Party/FreeRTOS/Source/timers.c ****         return xReturn;
 955              		.loc 1 281 9 discriminator 3 view .LVU273
 956 0042 FEE7     		b	.L73
 957              	.LVL87:
 958              	.L80:
 283:Middlewares/Third_Party/FreeRTOS/Source/timers.c **** /*-----------------------------------------------------------*/
 959              		.loc 1 283 5 is_stmt 0 view .LVU274
 960 0044 0120     		movs	r0, #1
 961 0046 08B0     		add	sp, sp, #32
 962              		@ sp needed
 963 0048 10BD     		pop	{r4, pc}
ARM GAS  /tmp/ccEl6umq.s 			page 39


 964              	.L82:
 965 004a C046     		.align	2
 966              	.L81:
 967 004c 00000000 		.word	xTimerQueue
 968 0050 00000000 		.word	.LC19
 969 0054 00000000 		.word	prvTimerTask
 970 0058 00000000 		.word	xTimerTaskHandle
 971              		.cfi_endproc
 972              	.LFE0:
 974              		.section	.text.xTimerCreate,"ax",%progbits
 975              		.align	1
 976              		.global	xTimerCreate
 977              		.syntax unified
 978              		.code	16
 979              		.thumb_func
 981              	xTimerCreate:
 982              	.LVL88:
 983              	.LFB1:
 293:Middlewares/Third_Party/FreeRTOS/Source/timers.c ****             Timer_t * pxNewTimer;
 984              		.loc 1 293 9 is_stmt 1 view -0
 985              		.cfi_startproc
 986              		@ args = 4, pretend = 0, frame = 8
 987              		@ frame_needed = 0, uses_anonymous_args = 0
 293:Middlewares/Third_Party/FreeRTOS/Source/timers.c ****             Timer_t * pxNewTimer;
 988              		.loc 1 293 9 is_stmt 0 view .LVU276
 989 0000 F7B5     		push	{r0, r1, r2, r4, r5, r6, r7, lr}
 990              		.cfi_def_cfa_offset 32
 991              		.cfi_offset 0, -32
 992              		.cfi_offset 1, -28
 993              		.cfi_offset 2, -24
 994              		.cfi_offset 4, -20
 995              		.cfi_offset 5, -16
 996              		.cfi_offset 6, -12
 997              		.cfi_offset 7, -8
 998              		.cfi_offset 14, -4
 293:Middlewares/Third_Party/FreeRTOS/Source/timers.c ****             Timer_t * pxNewTimer;
 999              		.loc 1 293 9 view .LVU277
 1000 0002 0700     		movs	r7, r0
 296:Middlewares/Third_Party/FreeRTOS/Source/timers.c **** 
 1001              		.loc 1 296 40 view .LVU278
 1002 0004 2C20     		movs	r0, #44
 1003              	.LVL89:
 293:Middlewares/Third_Party/FreeRTOS/Source/timers.c ****             Timer_t * pxNewTimer;
 1004              		.loc 1 293 9 view .LVU279
 1005 0006 0D00     		movs	r5, r1
 1006 0008 0092     		str	r2, [sp]
 1007 000a 0193     		str	r3, [sp, #4]
 294:Middlewares/Third_Party/FreeRTOS/Source/timers.c **** 
 1008              		.loc 1 294 13 is_stmt 1 view .LVU280
 296:Middlewares/Third_Party/FreeRTOS/Source/timers.c **** 
 1009              		.loc 1 296 13 view .LVU281
 296:Middlewares/Third_Party/FreeRTOS/Source/timers.c **** 
 1010              		.loc 1 296 40 is_stmt 0 view .LVU282
 1011 000c FFF7FEFF 		bl	pvPortMalloc
 1012              	.LVL90:
 296:Middlewares/Third_Party/FreeRTOS/Source/timers.c **** 
 1013              		.loc 1 296 40 view .LVU283
ARM GAS  /tmp/ccEl6umq.s 			page 40


 1014 0010 041E     		subs	r4, r0, #0
 1015              	.LVL91:
 298:Middlewares/Third_Party/FreeRTOS/Source/timers.c ****             {
 1016              		.loc 1 298 13 is_stmt 1 view .LVU284
 298:Middlewares/Third_Party/FreeRTOS/Source/timers.c ****             {
 1017              		.loc 1 298 15 is_stmt 0 view .LVU285
 1018 0012 19D0     		beq	.L83
 303:Middlewares/Third_Party/FreeRTOS/Source/timers.c ****                 prvInitialiseNewTimer( pcTimerName, xTimerPeriodInTicks, xAutoReload, pvTimerID, px
 1019              		.loc 1 303 17 is_stmt 1 view .LVU286
 303:Middlewares/Third_Party/FreeRTOS/Source/timers.c ****                 prvInitialiseNewTimer( pcTimerName, xTimerPeriodInTicks, xAutoReload, pvTimerID, px
 1020              		.loc 1 303 38 is_stmt 0 view .LVU287
 1021 0014 0600     		movs	r6, r0
 1022 0016 0023     		movs	r3, #0
 1023 0018 2836     		adds	r6, r6, #40
 1024 001a 3370     		strb	r3, [r6]
 304:Middlewares/Third_Party/FreeRTOS/Source/timers.c ****             }
 1025              		.loc 1 304 17 is_stmt 1 view .LVU288
 1026              	.LVL92:
 1027              	.LBB41:
 1028              	.LBI41:
 355:Middlewares/Third_Party/FreeRTOS/Source/timers.c ****                                        const TickType_t xTimerPeriodInTicks,
 1029              		.loc 1 355 17 view .LVU289
 1030              	.LBB42:
 363:Middlewares/Third_Party/FreeRTOS/Source/timers.c **** 
 1031              		.loc 1 363 9 view .LVU290
 1032 001c 9D42     		cmp	r5, r3
 1033 001e 01D1     		bne	.L86
 363:Middlewares/Third_Party/FreeRTOS/Source/timers.c **** 
 1034              		.loc 1 363 9 discriminator 1 view .LVU291
 1035              		.syntax divided
 1036              	@ 363 "Middlewares/Third_Party/FreeRTOS/Source/timers.c" 1
 1037 0020 72B6     		 cpsid i 
 1038              	@ 0 "" 2
 1039              		.thumb
 1040              		.syntax unified
 1041              	.L87:
 363:Middlewares/Third_Party/FreeRTOS/Source/timers.c **** 
 1042              		.loc 1 363 9 discriminator 3 view .LVU292
 363:Middlewares/Third_Party/FreeRTOS/Source/timers.c **** 
 1043              		.loc 1 363 9 discriminator 3 view .LVU293
 1044 0022 FEE7     		b	.L87
 1045              	.L86:
 363:Middlewares/Third_Party/FreeRTOS/Source/timers.c **** 
 1046              		.loc 1 363 52 discriminator 2 view .LVU294
 367:Middlewares/Third_Party/FreeRTOS/Source/timers.c **** 
 1047              		.loc 1 367 9 view .LVU295
 1048 0024 FFF7FEFF 		bl	prvCheckForValidListAndQueue
 1049              	.LVL93:
 371:Middlewares/Third_Party/FreeRTOS/Source/timers.c ****         pxNewTimer->xTimerPeriodInTicks = xTimerPeriodInTicks;
 1050              		.loc 1 371 9 view .LVU296
 373:Middlewares/Third_Party/FreeRTOS/Source/timers.c ****         pxNewTimer->pxCallbackFunction = pxCallbackFunction;
 1051              		.loc 1 373 31 is_stmt 0 view .LVU297
 1052 0028 019B     		ldr	r3, [sp, #4]
 371:Middlewares/Third_Party/FreeRTOS/Source/timers.c ****         pxNewTimer->xTimerPeriodInTicks = xTimerPeriodInTicks;
 1053              		.loc 1 371 33 view .LVU298
 1054 002a 2760     		str	r7, [r4]
 372:Middlewares/Third_Party/FreeRTOS/Source/timers.c ****         pxNewTimer->pvTimerID = pvTimerID;
ARM GAS  /tmp/ccEl6umq.s 			page 41


 1055              		.loc 1 372 9 is_stmt 1 view .LVU299
 373:Middlewares/Third_Party/FreeRTOS/Source/timers.c ****         pxNewTimer->pxCallbackFunction = pxCallbackFunction;
 1056              		.loc 1 373 31 is_stmt 0 view .LVU300
 1057 002c E361     		str	r3, [r4, #28]
 374:Middlewares/Third_Party/FreeRTOS/Source/timers.c ****         vListInitialiseItem( &( pxNewTimer->xTimerListItem ) );
 1058              		.loc 1 374 40 view .LVU301
 1059 002e 089B     		ldr	r3, [sp, #32]
 372:Middlewares/Third_Party/FreeRTOS/Source/timers.c ****         pxNewTimer->pvTimerID = pvTimerID;
 1060              		.loc 1 372 41 view .LVU302
 1061 0030 A561     		str	r5, [r4, #24]
 373:Middlewares/Third_Party/FreeRTOS/Source/timers.c ****         pxNewTimer->pxCallbackFunction = pxCallbackFunction;
 1062              		.loc 1 373 9 is_stmt 1 view .LVU303
 374:Middlewares/Third_Party/FreeRTOS/Source/timers.c ****         vListInitialiseItem( &( pxNewTimer->xTimerListItem ) );
 1063              		.loc 1 374 9 view .LVU304
 374:Middlewares/Third_Party/FreeRTOS/Source/timers.c ****         vListInitialiseItem( &( pxNewTimer->xTimerListItem ) );
 1064              		.loc 1 374 40 is_stmt 0 view .LVU305
 1065 0032 2362     		str	r3, [r4, #32]
 375:Middlewares/Third_Party/FreeRTOS/Source/timers.c **** 
 1066              		.loc 1 375 9 is_stmt 1 view .LVU306
 1067 0034 201D     		adds	r0, r4, #4
 1068 0036 FFF7FEFF 		bl	vListInitialiseItem
 1069              	.LVL94:
 377:Middlewares/Third_Party/FreeRTOS/Source/timers.c ****         {
 1070              		.loc 1 377 9 view .LVU307
 377:Middlewares/Third_Party/FreeRTOS/Source/timers.c ****         {
 1071              		.loc 1 377 11 is_stmt 0 view .LVU308
 1072 003a 009B     		ldr	r3, [sp]
 1073 003c 002B     		cmp	r3, #0
 1074 003e 03D0     		beq	.L83
 1075              	.LVL95:
 1076              	.LBB43:
 1077              	.LBI43:
 355:Middlewares/Third_Party/FreeRTOS/Source/timers.c ****                                        const TickType_t xTimerPeriodInTicks,
 1078              		.loc 1 355 17 is_stmt 1 view .LVU309
 1079              	.LBB44:
 379:Middlewares/Third_Party/FreeRTOS/Source/timers.c ****         }
 1080              		.loc 1 379 13 view .LVU310
 379:Middlewares/Third_Party/FreeRTOS/Source/timers.c ****         }
 1081              		.loc 1 379 34 is_stmt 0 view .LVU311
 1082 0040 0423     		movs	r3, #4
 1083 0042 3278     		ldrb	r2, [r6]
 1084 0044 1343     		orrs	r3, r2
 1085 0046 3370     		strb	r3, [r6]
 382:Middlewares/Third_Party/FreeRTOS/Source/timers.c ****     }
 1086              		.loc 1 382 40 is_stmt 1 view .LVU312
 1087              	.LVL96:
 382:Middlewares/Third_Party/FreeRTOS/Source/timers.c ****     }
 1088              		.loc 1 382 40 is_stmt 0 view .LVU313
 1089              	.LBE44:
 1090              	.LBE43:
 1091              	.LBE42:
 1092              	.LBE41:
 307:Middlewares/Third_Party/FreeRTOS/Source/timers.c ****         }
 1093              		.loc 1 307 13 is_stmt 1 view .LVU314
 1094              	.L83:
 308:Middlewares/Third_Party/FreeRTOS/Source/timers.c **** 
 1095              		.loc 1 308 9 is_stmt 0 view .LVU315
ARM GAS  /tmp/ccEl6umq.s 			page 42


 1096 0048 2000     		movs	r0, r4
 1097              		@ sp needed
 1098              	.LVL97:
 1099              	.LVL98:
 1100              	.LVL99:
 308:Middlewares/Third_Party/FreeRTOS/Source/timers.c **** 
 1101              		.loc 1 308 9 view .LVU316
 1102 004a FEBD     		pop	{r1, r2, r3, r4, r5, r6, r7, pc}
 1103              		.cfi_endproc
 1104              	.LFE1:
 1106              		.section	.text.xTimerCreateStatic,"ax",%progbits
 1107              		.align	1
 1108              		.global	xTimerCreateStatic
 1109              		.syntax unified
 1110              		.code	16
 1111              		.thumb_func
 1113              	xTimerCreateStatic:
 1114              	.LVL100:
 1115              	.LFB2:
 321:Middlewares/Third_Party/FreeRTOS/Source/timers.c ****             Timer_t * pxNewTimer;
 1116              		.loc 1 321 9 is_stmt 1 view -0
 1117              		.cfi_startproc
 1118              		@ args = 8, pretend = 0, frame = 16
 1119              		@ frame_needed = 0, uses_anonymous_args = 0
 321:Middlewares/Third_Party/FreeRTOS/Source/timers.c ****             Timer_t * pxNewTimer;
 1120              		.loc 1 321 9 is_stmt 0 view .LVU318
 1121 0000 F0B5     		push	{r4, r5, r6, r7, lr}
 1122              		.cfi_def_cfa_offset 20
 1123              		.cfi_offset 4, -20
 1124              		.cfi_offset 5, -16
 1125              		.cfi_offset 6, -12
 1126              		.cfi_offset 7, -8
 1127              		.cfi_offset 14, -4
 1128 0002 85B0     		sub	sp, sp, #20
 1129              		.cfi_def_cfa_offset 40
 321:Middlewares/Third_Party/FreeRTOS/Source/timers.c ****             Timer_t * pxNewTimer;
 1130              		.loc 1 321 9 view .LVU319
 1131 0004 0193     		str	r3, [sp, #4]
 1132              	.LBB50:
 329:Middlewares/Third_Party/FreeRTOS/Source/timers.c ****                 configASSERT( xSize == sizeof( Timer_t ) );
 1133              		.loc 1 329 33 view .LVU320
 1134 0006 2C23     		movs	r3, #44
 1135              	.LVL101:
 329:Middlewares/Third_Party/FreeRTOS/Source/timers.c ****                 configASSERT( xSize == sizeof( Timer_t ) );
 1136              		.loc 1 329 33 view .LVU321
 1137 0008 0393     		str	r3, [sp, #12]
 330:Middlewares/Third_Party/FreeRTOS/Source/timers.c ****                 ( void ) xSize; /* Keeps lint quiet when configASSERT() is not defined. */
 1138              		.loc 1 330 17 view .LVU322
 1139 000a 039B     		ldr	r3, [sp, #12]
 1140              	.LBE50:
 321:Middlewares/Third_Party/FreeRTOS/Source/timers.c ****             Timer_t * pxNewTimer;
 1141              		.loc 1 321 9 view .LVU323
 1142 000c 0700     		movs	r7, r0
 1143 000e 0D00     		movs	r5, r1
 1144 0010 0B9C     		ldr	r4, [sp, #44]
 1145 0012 0092     		str	r2, [sp]
 322:Middlewares/Third_Party/FreeRTOS/Source/timers.c **** 
ARM GAS  /tmp/ccEl6umq.s 			page 43


 1146              		.loc 1 322 13 is_stmt 1 view .LVU324
 1147              	.LBB51:
 329:Middlewares/Third_Party/FreeRTOS/Source/timers.c ****                 configASSERT( xSize == sizeof( Timer_t ) );
 1148              		.loc 1 329 17 view .LVU325
 330:Middlewares/Third_Party/FreeRTOS/Source/timers.c ****                 ( void ) xSize; /* Keeps lint quiet when configASSERT() is not defined. */
 1149              		.loc 1 330 17 view .LVU326
 1150 0014 2C2B     		cmp	r3, #44
 1151 0016 01D0     		beq	.L93
 330:Middlewares/Third_Party/FreeRTOS/Source/timers.c ****                 ( void ) xSize; /* Keeps lint quiet when configASSERT() is not defined. */
 1152              		.loc 1 330 17 discriminator 1 view .LVU327
 1153              		.syntax divided
 1154              	@ 330 "Middlewares/Third_Party/FreeRTOS/Source/timers.c" 1
 1155 0018 72B6     		 cpsid i 
 1156              	@ 0 "" 2
 1157              		.thumb
 1158              		.syntax unified
 1159              	.L94:
 330:Middlewares/Third_Party/FreeRTOS/Source/timers.c ****                 ( void ) xSize; /* Keeps lint quiet when configASSERT() is not defined. */
 1160              		.loc 1 330 17 discriminator 3 view .LVU328
 330:Middlewares/Third_Party/FreeRTOS/Source/timers.c ****                 ( void ) xSize; /* Keeps lint quiet when configASSERT() is not defined. */
 1161              		.loc 1 330 17 discriminator 3 view .LVU329
 1162 001a FEE7     		b	.L94
 1163              	.L93:
 330:Middlewares/Third_Party/FreeRTOS/Source/timers.c ****                 ( void ) xSize; /* Keeps lint quiet when configASSERT() is not defined. */
 1164              		.loc 1 330 59 discriminator 2 view .LVU330
 331:Middlewares/Third_Party/FreeRTOS/Source/timers.c ****             }
 1165              		.loc 1 331 17 view .LVU331
 1166 001c 039B     		ldr	r3, [sp, #12]
 1167              	.LBE51:
 336:Middlewares/Third_Party/FreeRTOS/Source/timers.c ****             pxNewTimer = ( Timer_t * ) pxTimerBuffer; /*lint !e740 !e9087 StaticTimer_t is a pointe
 1168              		.loc 1 336 13 view .LVU332
 1169 001e 002C     		cmp	r4, #0
 1170 0020 01D1     		bne	.L95
 336:Middlewares/Third_Party/FreeRTOS/Source/timers.c ****             pxNewTimer = ( Timer_t * ) pxTimerBuffer; /*lint !e740 !e9087 StaticTimer_t is a pointe
 1171              		.loc 1 336 13 discriminator 1 view .LVU333
 1172              		.syntax divided
 1173              	@ 336 "Middlewares/Third_Party/FreeRTOS/Source/timers.c" 1
 1174 0022 72B6     		 cpsid i 
 1175              	@ 0 "" 2
 1176              		.thumb
 1177              		.syntax unified
 1178              	.L96:
 336:Middlewares/Third_Party/FreeRTOS/Source/timers.c ****             pxNewTimer = ( Timer_t * ) pxTimerBuffer; /*lint !e740 !e9087 StaticTimer_t is a pointe
 1179              		.loc 1 336 13 discriminator 3 view .LVU334
 336:Middlewares/Third_Party/FreeRTOS/Source/timers.c ****             pxNewTimer = ( Timer_t * ) pxTimerBuffer; /*lint !e740 !e9087 StaticTimer_t is a pointe
 1180              		.loc 1 336 13 discriminator 3 view .LVU335
 1181 0024 FEE7     		b	.L96
 1182              	.L95:
 336:Middlewares/Third_Party/FreeRTOS/Source/timers.c ****             pxNewTimer = ( Timer_t * ) pxTimerBuffer; /*lint !e740 !e9087 StaticTimer_t is a pointe
 1183              		.loc 1 336 42 discriminator 2 view .LVU336
 337:Middlewares/Third_Party/FreeRTOS/Source/timers.c **** 
 1184              		.loc 1 337 13 view .LVU337
 1185              	.LVL102:
 339:Middlewares/Third_Party/FreeRTOS/Source/timers.c ****             {
 1186              		.loc 1 339 13 view .LVU338
 344:Middlewares/Third_Party/FreeRTOS/Source/timers.c **** 
 1187              		.loc 1 344 17 view .LVU339
ARM GAS  /tmp/ccEl6umq.s 			page 44


 344:Middlewares/Third_Party/FreeRTOS/Source/timers.c **** 
 1188              		.loc 1 344 38 is_stmt 0 view .LVU340
 1189 0026 2600     		movs	r6, r4
 1190 0028 0223     		movs	r3, #2
 1191 002a 2836     		adds	r6, r6, #40
 1192 002c 3370     		strb	r3, [r6]
 346:Middlewares/Third_Party/FreeRTOS/Source/timers.c ****             }
 1193              		.loc 1 346 17 is_stmt 1 view .LVU341
 1194              	.LVL103:
 1195              	.LBB52:
 1196              	.LBI52:
 355:Middlewares/Third_Party/FreeRTOS/Source/timers.c ****                                        const TickType_t xTimerPeriodInTicks,
 1197              		.loc 1 355 17 view .LVU342
 1198              	.LBB53:
 363:Middlewares/Third_Party/FreeRTOS/Source/timers.c **** 
 1199              		.loc 1 363 9 view .LVU343
 1200 002e 0029     		cmp	r1, #0
 1201 0030 01D1     		bne	.L97
 363:Middlewares/Third_Party/FreeRTOS/Source/timers.c **** 
 1202              		.loc 1 363 9 discriminator 1 view .LVU344
 1203              		.syntax divided
 1204              	@ 363 "Middlewares/Third_Party/FreeRTOS/Source/timers.c" 1
 1205 0032 72B6     		 cpsid i 
 1206              	@ 0 "" 2
 1207              		.thumb
 1208              		.syntax unified
 1209              	.L98:
 363:Middlewares/Third_Party/FreeRTOS/Source/timers.c **** 
 1210              		.loc 1 363 9 discriminator 3 view .LVU345
 363:Middlewares/Third_Party/FreeRTOS/Source/timers.c **** 
 1211              		.loc 1 363 9 discriminator 3 view .LVU346
 1212 0034 FEE7     		b	.L98
 1213              	.L97:
 363:Middlewares/Third_Party/FreeRTOS/Source/timers.c **** 
 1214              		.loc 1 363 52 discriminator 2 view .LVU347
 367:Middlewares/Third_Party/FreeRTOS/Source/timers.c **** 
 1215              		.loc 1 367 9 view .LVU348
 1216 0036 FFF7FEFF 		bl	prvCheckForValidListAndQueue
 1217              	.LVL104:
 371:Middlewares/Third_Party/FreeRTOS/Source/timers.c ****         pxNewTimer->xTimerPeriodInTicks = xTimerPeriodInTicks;
 1218              		.loc 1 371 9 view .LVU349
 373:Middlewares/Third_Party/FreeRTOS/Source/timers.c ****         pxNewTimer->pxCallbackFunction = pxCallbackFunction;
 1219              		.loc 1 373 31 is_stmt 0 view .LVU350
 1220 003a 019B     		ldr	r3, [sp, #4]
 371:Middlewares/Third_Party/FreeRTOS/Source/timers.c ****         pxNewTimer->xTimerPeriodInTicks = xTimerPeriodInTicks;
 1221              		.loc 1 371 33 view .LVU351
 1222 003c 2760     		str	r7, [r4]
 372:Middlewares/Third_Party/FreeRTOS/Source/timers.c ****         pxNewTimer->pvTimerID = pvTimerID;
 1223              		.loc 1 372 9 is_stmt 1 view .LVU352
 373:Middlewares/Third_Party/FreeRTOS/Source/timers.c ****         pxNewTimer->pxCallbackFunction = pxCallbackFunction;
 1224              		.loc 1 373 31 is_stmt 0 view .LVU353
 1225 003e E361     		str	r3, [r4, #28]
 374:Middlewares/Third_Party/FreeRTOS/Source/timers.c ****         vListInitialiseItem( &( pxNewTimer->xTimerListItem ) );
 1226              		.loc 1 374 40 view .LVU354
 1227 0040 0A9B     		ldr	r3, [sp, #40]
 372:Middlewares/Third_Party/FreeRTOS/Source/timers.c ****         pxNewTimer->pvTimerID = pvTimerID;
 1228              		.loc 1 372 41 view .LVU355
ARM GAS  /tmp/ccEl6umq.s 			page 45


 1229 0042 A561     		str	r5, [r4, #24]
 373:Middlewares/Third_Party/FreeRTOS/Source/timers.c ****         pxNewTimer->pxCallbackFunction = pxCallbackFunction;
 1230              		.loc 1 373 9 is_stmt 1 view .LVU356
 374:Middlewares/Third_Party/FreeRTOS/Source/timers.c ****         vListInitialiseItem( &( pxNewTimer->xTimerListItem ) );
 1231              		.loc 1 374 9 view .LVU357
 374:Middlewares/Third_Party/FreeRTOS/Source/timers.c ****         vListInitialiseItem( &( pxNewTimer->xTimerListItem ) );
 1232              		.loc 1 374 40 is_stmt 0 view .LVU358
 1233 0044 2362     		str	r3, [r4, #32]
 375:Middlewares/Third_Party/FreeRTOS/Source/timers.c **** 
 1234              		.loc 1 375 9 is_stmt 1 view .LVU359
 1235 0046 201D     		adds	r0, r4, #4
 1236 0048 FFF7FEFF 		bl	vListInitialiseItem
 1237              	.LVL105:
 377:Middlewares/Third_Party/FreeRTOS/Source/timers.c ****         {
 1238              		.loc 1 377 9 view .LVU360
 377:Middlewares/Third_Party/FreeRTOS/Source/timers.c ****         {
 1239              		.loc 1 377 11 is_stmt 0 view .LVU361
 1240 004c 009B     		ldr	r3, [sp]
 1241 004e 002B     		cmp	r3, #0
 1242 0050 03D0     		beq	.L99
 1243              	.LVL106:
 1244              	.LBB54:
 1245              	.LBI54:
 355:Middlewares/Third_Party/FreeRTOS/Source/timers.c ****                                        const TickType_t xTimerPeriodInTicks,
 1246              		.loc 1 355 17 is_stmt 1 view .LVU362
 1247              	.LBB55:
 379:Middlewares/Third_Party/FreeRTOS/Source/timers.c ****         }
 1248              		.loc 1 379 13 view .LVU363
 379:Middlewares/Third_Party/FreeRTOS/Source/timers.c ****         }
 1249              		.loc 1 379 34 is_stmt 0 view .LVU364
 1250 0052 0423     		movs	r3, #4
 1251 0054 3278     		ldrb	r2, [r6]
 1252 0056 1343     		orrs	r3, r2
 1253 0058 3370     		strb	r3, [r6]
 382:Middlewares/Third_Party/FreeRTOS/Source/timers.c ****     }
 1254              		.loc 1 382 40 is_stmt 1 view .LVU365
 1255              	.LVL107:
 1256              	.L99:
 382:Middlewares/Third_Party/FreeRTOS/Source/timers.c ****     }
 1257              		.loc 1 382 40 is_stmt 0 view .LVU366
 1258              	.LBE55:
 1259              	.LBE54:
 382:Middlewares/Third_Party/FreeRTOS/Source/timers.c ****     }
 1260              		.loc 1 382 40 is_stmt 1 view .LVU367
 382:Middlewares/Third_Party/FreeRTOS/Source/timers.c ****     }
 1261              		.loc 1 382 40 is_stmt 0 view .LVU368
 1262              	.LBE53:
 1263              	.LBE52:
 349:Middlewares/Third_Party/FreeRTOS/Source/timers.c ****         }
 1264              		.loc 1 349 13 is_stmt 1 view .LVU369
 350:Middlewares/Third_Party/FreeRTOS/Source/timers.c **** 
 1265              		.loc 1 350 9 is_stmt 0 view .LVU370
 1266 005a 2000     		movs	r0, r4
 1267 005c 05B0     		add	sp, sp, #20
 1268              	.LVL108:
 350:Middlewares/Third_Party/FreeRTOS/Source/timers.c **** 
 1269              		.loc 1 350 9 view .LVU371
ARM GAS  /tmp/ccEl6umq.s 			page 46


 1270              		@ sp needed
 1271              	.LVL109:
 1272              	.LVL110:
 1273              	.LVL111:
 350:Middlewares/Third_Party/FreeRTOS/Source/timers.c **** 
 1274              		.loc 1 350 9 view .LVU372
 1275 005e F0BD     		pop	{r4, r5, r6, r7, pc}
 1276              		.cfi_endproc
 1277              	.LFE2:
 1279              		.section	.text.xTimerGenericCommand,"ax",%progbits
 1280              		.align	1
 1281              		.global	xTimerGenericCommand
 1282              		.syntax unified
 1283              		.code	16
 1284              		.thumb_func
 1286              	xTimerGenericCommand:
 1287              	.LVL112:
 1288              	.LFB4:
 391:Middlewares/Third_Party/FreeRTOS/Source/timers.c ****         BaseType_t xReturn = pdFAIL;
 1289              		.loc 1 391 5 is_stmt 1 view -0
 1290              		.cfi_startproc
 1291              		@ args = 4, pretend = 0, frame = 16
 1292              		@ frame_needed = 0, uses_anonymous_args = 0
 392:Middlewares/Third_Party/FreeRTOS/Source/timers.c ****         DaemonTaskMessage_t xMessage;
 1293              		.loc 1 392 9 view .LVU374
 393:Middlewares/Third_Party/FreeRTOS/Source/timers.c **** 
 1294              		.loc 1 393 9 view .LVU375
 395:Middlewares/Third_Party/FreeRTOS/Source/timers.c **** 
 1295              		.loc 1 395 9 view .LVU376
 391:Middlewares/Third_Party/FreeRTOS/Source/timers.c ****         BaseType_t xReturn = pdFAIL;
 1296              		.loc 1 391 5 is_stmt 0 view .LVU377
 1297 0000 F0B5     		push	{r4, r5, r6, r7, lr}
 1298              		.cfi_def_cfa_offset 20
 1299              		.cfi_offset 4, -20
 1300              		.cfi_offset 5, -16
 1301              		.cfi_offset 6, -12
 1302              		.cfi_offset 7, -8
 1303              		.cfi_offset 14, -4
 1304 0002 1700     		movs	r7, r2
 1305 0004 0400     		movs	r4, r0
 1306 0006 1A00     		movs	r2, r3
 1307              	.LVL113:
 391:Middlewares/Third_Party/FreeRTOS/Source/timers.c ****         BaseType_t xReturn = pdFAIL;
 1308              		.loc 1 391 5 view .LVU378
 1309 0008 85B0     		sub	sp, sp, #20
 1310              		.cfi_def_cfa_offset 40
 395:Middlewares/Third_Party/FreeRTOS/Source/timers.c **** 
 1311              		.loc 1 395 9 view .LVU379
 1312 000a 0028     		cmp	r0, #0
 1313 000c 01D1     		bne	.L104
 395:Middlewares/Third_Party/FreeRTOS/Source/timers.c **** 
 1314              		.loc 1 395 9 is_stmt 1 discriminator 1 view .LVU380
 1315              		.syntax divided
 1316              	@ 395 "Middlewares/Third_Party/FreeRTOS/Source/timers.c" 1
 1317 000e 72B6     		 cpsid i 
 1318              	@ 0 "" 2
 1319              		.thumb
ARM GAS  /tmp/ccEl6umq.s 			page 47


 1320              		.syntax unified
 1321              	.L105:
 395:Middlewares/Third_Party/FreeRTOS/Source/timers.c **** 
 1322              		.loc 1 395 9 discriminator 3 view .LVU381
 395:Middlewares/Third_Party/FreeRTOS/Source/timers.c **** 
 1323              		.loc 1 395 9 discriminator 3 view .LVU382
 1324 0010 FEE7     		b	.L105
 1325              	.L104:
 395:Middlewares/Third_Party/FreeRTOS/Source/timers.c **** 
 1326              		.loc 1 395 31 discriminator 2 view .LVU383
 399:Middlewares/Third_Party/FreeRTOS/Source/timers.c ****         {
 1327              		.loc 1 399 9 view .LVU384
 399:Middlewares/Third_Party/FreeRTOS/Source/timers.c ****         {
 1328              		.loc 1 399 25 is_stmt 0 view .LVU385
 1329 0012 0D4D     		ldr	r5, .L111
 1330 0014 2E68     		ldr	r6, [r5]
 392:Middlewares/Third_Party/FreeRTOS/Source/timers.c ****         DaemonTaskMessage_t xMessage;
 1331              		.loc 1 392 20 view .LVU386
 1332 0016 301E     		subs	r0, r6, #0
 1333              	.LVL114:
 399:Middlewares/Third_Party/FreeRTOS/Source/timers.c ****         {
 1334              		.loc 1 399 11 view .LVU387
 1335 0018 0FD0     		beq	.L103
 402:Middlewares/Third_Party/FreeRTOS/Source/timers.c ****             xMessage.u.xTimerParameters.xMessageValue = xOptionalValue;
 1336              		.loc 1 402 13 is_stmt 1 view .LVU388
 402:Middlewares/Third_Party/FreeRTOS/Source/timers.c ****             xMessage.u.xTimerParameters.xMessageValue = xOptionalValue;
 1337              		.loc 1 402 33 is_stmt 0 view .LVU389
 1338 001a 0091     		str	r1, [sp]
 403:Middlewares/Third_Party/FreeRTOS/Source/timers.c ****             xMessage.u.xTimerParameters.pxTimer = xTimer;
 1339              		.loc 1 403 13 is_stmt 1 view .LVU390
 403:Middlewares/Third_Party/FreeRTOS/Source/timers.c ****             xMessage.u.xTimerParameters.pxTimer = xTimer;
 1340              		.loc 1 403 55 is_stmt 0 view .LVU391
 1341 001c 0197     		str	r7, [sp, #4]
 404:Middlewares/Third_Party/FreeRTOS/Source/timers.c **** 
 1342              		.loc 1 404 13 is_stmt 1 view .LVU392
 404:Middlewares/Third_Party/FreeRTOS/Source/timers.c **** 
 1343              		.loc 1 404 49 is_stmt 0 view .LVU393
 1344 001e 0294     		str	r4, [sp, #8]
 406:Middlewares/Third_Party/FreeRTOS/Source/timers.c ****             {
 1345              		.loc 1 406 13 is_stmt 1 view .LVU394
 406:Middlewares/Third_Party/FreeRTOS/Source/timers.c ****             {
 1346              		.loc 1 406 15 is_stmt 0 view .LVU395
 1347 0020 0529     		cmp	r1, #5
 1348 0022 0CDC     		bgt	.L107
 408:Middlewares/Third_Party/FreeRTOS/Source/timers.c ****                 {
 1349              		.loc 1 408 17 is_stmt 1 view .LVU396
 408:Middlewares/Third_Party/FreeRTOS/Source/timers.c ****                 {
 1350              		.loc 1 408 21 is_stmt 0 view .LVU397
 1351 0024 FFF7FEFF 		bl	xTaskGetSchedulerState
 1352              	.LVL115:
 410:Middlewares/Third_Party/FreeRTOS/Source/timers.c ****                 }
 1353              		.loc 1 410 31 view .LVU398
 1354 0028 0023     		movs	r3, #0
 1355 002a 0A9A     		ldr	r2, [sp, #40]
 408:Middlewares/Third_Party/FreeRTOS/Source/timers.c ****                 {
 1356              		.loc 1 408 19 discriminator 1 view .LVU399
 1357 002c 0228     		cmp	r0, #2
ARM GAS  /tmp/ccEl6umq.s 			page 48


 1358 002e 00D0     		beq	.L110
 414:Middlewares/Third_Party/FreeRTOS/Source/timers.c ****                 }
 1359              		.loc 1 414 21 is_stmt 1 view .LVU400
 414:Middlewares/Third_Party/FreeRTOS/Source/timers.c ****                 }
 1360              		.loc 1 414 31 is_stmt 0 view .LVU401
 1361 0030 1A00     		movs	r2, r3
 1362              	.L110:
 1363 0032 6946     		mov	r1, sp
 1364 0034 2868     		ldr	r0, [r5]
 1365 0036 FFF7FEFF 		bl	xQueueGenericSend
 1366              	.LVL116:
 1367              	.L103:
 430:Middlewares/Third_Party/FreeRTOS/Source/timers.c **** /*-----------------------------------------------------------*/
 1368              		.loc 1 430 5 view .LVU402
 1369 003a 05B0     		add	sp, sp, #20
 1370              		@ sp needed
 1371              	.LVL117:
 1372              	.LVL118:
 430:Middlewares/Third_Party/FreeRTOS/Source/timers.c **** /*-----------------------------------------------------------*/
 1373              		.loc 1 430 5 view .LVU403
 1374 003c F0BD     		pop	{r4, r5, r6, r7, pc}
 1375              	.LVL119:
 1376              	.L107:
 419:Middlewares/Third_Party/FreeRTOS/Source/timers.c ****             }
 1377              		.loc 1 419 17 is_stmt 1 view .LVU404
 419:Middlewares/Third_Party/FreeRTOS/Source/timers.c ****             }
 1378              		.loc 1 419 27 is_stmt 0 view .LVU405
 1379 003e 0023     		movs	r3, #0
 1380 0040 6946     		mov	r1, sp
 1381              	.LVL120:
 419:Middlewares/Third_Party/FreeRTOS/Source/timers.c ****             }
 1382              		.loc 1 419 27 view .LVU406
 1383 0042 FFF7FEFF 		bl	xQueueGenericSendFromISR
 1384              	.LVL121:
 419:Middlewares/Third_Party/FreeRTOS/Source/timers.c ****             }
 1385              		.loc 1 419 27 view .LVU407
 1386 0046 F8E7     		b	.L103
 1387              	.L112:
 1388              		.align	2
 1389              	.L111:
 1390 0048 00000000 		.word	xTimerQueue
 1391              		.cfi_endproc
 1392              	.LFE4:
 1394              		.section	.text.xTimerGetTimerDaemonTaskHandle,"ax",%progbits
 1395              		.align	1
 1396              		.global	xTimerGetTimerDaemonTaskHandle
 1397              		.syntax unified
 1398              		.code	16
 1399              		.thumb_func
 1401              	xTimerGetTimerDaemonTaskHandle:
 1402              	.LFB5:
 434:Middlewares/Third_Party/FreeRTOS/Source/timers.c ****         /* If xTimerGetTimerDaemonTaskHandle() is called before the scheduler has been
 1403              		.loc 1 434 5 is_stmt 1 view -0
 1404              		.cfi_startproc
 1405              		@ args = 0, pretend = 0, frame = 0
 1406              		@ frame_needed = 0, uses_anonymous_args = 0
 1407              		@ link register save eliminated.
ARM GAS  /tmp/ccEl6umq.s 			page 49


 437:Middlewares/Third_Party/FreeRTOS/Source/timers.c ****         return xTimerTaskHandle;
 1408              		.loc 1 437 9 view .LVU409
 1409 0000 034B     		ldr	r3, .L116
 1410 0002 1868     		ldr	r0, [r3]
 1411 0004 0028     		cmp	r0, #0
 1412 0006 01D1     		bne	.L113
 437:Middlewares/Third_Party/FreeRTOS/Source/timers.c ****         return xTimerTaskHandle;
 1413              		.loc 1 437 9 discriminator 1 view .LVU410
 1414              		.syntax divided
 1415              	@ 437 "Middlewares/Third_Party/FreeRTOS/Source/timers.c" 1
 1416 0008 72B6     		 cpsid i 
 1417              	@ 0 "" 2
 1418              		.thumb
 1419              		.syntax unified
 1420              	.L115:
 437:Middlewares/Third_Party/FreeRTOS/Source/timers.c ****         return xTimerTaskHandle;
 1421              		.loc 1 437 9 discriminator 3 view .LVU411
 437:Middlewares/Third_Party/FreeRTOS/Source/timers.c ****         return xTimerTaskHandle;
 1422              		.loc 1 437 9 discriminator 3 view .LVU412
 1423 000a FEE7     		b	.L115
 1424              	.L113:
 439:Middlewares/Third_Party/FreeRTOS/Source/timers.c **** /*-----------------------------------------------------------*/
 1425              		.loc 1 439 5 is_stmt 0 view .LVU413
 1426              		@ sp needed
 1427 000c 7047     		bx	lr
 1428              	.L117:
 1429 000e C046     		.align	2
 1430              	.L116:
 1431 0010 00000000 		.word	xTimerTaskHandle
 1432              		.cfi_endproc
 1433              	.LFE5:
 1435              		.section	.text.xTimerGetPeriod,"ax",%progbits
 1436              		.align	1
 1437              		.global	xTimerGetPeriod
 1438              		.syntax unified
 1439              		.code	16
 1440              		.thumb_func
 1442              	xTimerGetPeriod:
 1443              	.LVL122:
 1444              	.LFB6:
 443:Middlewares/Third_Party/FreeRTOS/Source/timers.c ****         Timer_t * pxTimer = xTimer;
 1445              		.loc 1 443 5 is_stmt 1 view -0
 1446              		.cfi_startproc
 1447              		@ args = 0, pretend = 0, frame = 0
 1448              		@ frame_needed = 0, uses_anonymous_args = 0
 1449              		@ link register save eliminated.
 444:Middlewares/Third_Party/FreeRTOS/Source/timers.c **** 
 1450              		.loc 1 444 9 view .LVU415
 446:Middlewares/Third_Party/FreeRTOS/Source/timers.c ****         return pxTimer->xTimerPeriodInTicks;
 1451              		.loc 1 446 9 view .LVU416
 1452 0000 0028     		cmp	r0, #0
 1453 0002 01D1     		bne	.L119
 446:Middlewares/Third_Party/FreeRTOS/Source/timers.c ****         return pxTimer->xTimerPeriodInTicks;
 1454              		.loc 1 446 9 discriminator 1 view .LVU417
 1455              		.syntax divided
 1456              	@ 446 "Middlewares/Third_Party/FreeRTOS/Source/timers.c" 1
 1457 0004 72B6     		 cpsid i 
ARM GAS  /tmp/ccEl6umq.s 			page 50


 1458              	@ 0 "" 2
 1459              		.thumb
 1460              		.syntax unified
 1461              	.L120:
 446:Middlewares/Third_Party/FreeRTOS/Source/timers.c ****         return pxTimer->xTimerPeriodInTicks;
 1462              		.loc 1 446 9 discriminator 3 view .LVU418
 446:Middlewares/Third_Party/FreeRTOS/Source/timers.c ****         return pxTimer->xTimerPeriodInTicks;
 1463              		.loc 1 446 9 discriminator 3 view .LVU419
 1464 0006 FEE7     		b	.L120
 1465              	.L119:
 446:Middlewares/Third_Party/FreeRTOS/Source/timers.c ****         return pxTimer->xTimerPeriodInTicks;
 1466              		.loc 1 446 31 discriminator 2 view .LVU420
 447:Middlewares/Third_Party/FreeRTOS/Source/timers.c ****     }
 1467              		.loc 1 447 9 view .LVU421
 447:Middlewares/Third_Party/FreeRTOS/Source/timers.c ****     }
 1468              		.loc 1 447 23 is_stmt 0 discriminator 1 view .LVU422
 1469 0008 8069     		ldr	r0, [r0, #24]
 1470              	.LVL123:
 448:Middlewares/Third_Party/FreeRTOS/Source/timers.c **** /*-----------------------------------------------------------*/
 1471              		.loc 1 448 5 view .LVU423
 1472              		@ sp needed
 1473 000a 7047     		bx	lr
 1474              		.cfi_endproc
 1475              	.LFE6:
 1477              		.section	.text.vTimerSetReloadMode,"ax",%progbits
 1478              		.align	1
 1479              		.global	vTimerSetReloadMode
 1480              		.syntax unified
 1481              		.code	16
 1482              		.thumb_func
 1484              	vTimerSetReloadMode:
 1485              	.LVL124:
 1486              	.LFB7:
 453:Middlewares/Third_Party/FreeRTOS/Source/timers.c ****         Timer_t * pxTimer = xTimer;
 1487              		.loc 1 453 5 is_stmt 1 view -0
 1488              		.cfi_startproc
 1489              		@ args = 0, pretend = 0, frame = 0
 1490              		@ frame_needed = 0, uses_anonymous_args = 0
 454:Middlewares/Third_Party/FreeRTOS/Source/timers.c **** 
 1491              		.loc 1 454 9 view .LVU425
 456:Middlewares/Third_Party/FreeRTOS/Source/timers.c ****         taskENTER_CRITICAL();
 1492              		.loc 1 456 9 view .LVU426
 453:Middlewares/Third_Party/FreeRTOS/Source/timers.c ****         Timer_t * pxTimer = xTimer;
 1493              		.loc 1 453 5 is_stmt 0 view .LVU427
 1494 0000 70B5     		push	{r4, r5, r6, lr}
 1495              		.cfi_def_cfa_offset 16
 1496              		.cfi_offset 4, -16
 1497              		.cfi_offset 5, -12
 1498              		.cfi_offset 6, -8
 1499              		.cfi_offset 14, -4
 453:Middlewares/Third_Party/FreeRTOS/Source/timers.c ****         Timer_t * pxTimer = xTimer;
 1500              		.loc 1 453 5 view .LVU428
 1501 0002 0400     		movs	r4, r0
 1502 0004 0D00     		movs	r5, r1
 456:Middlewares/Third_Party/FreeRTOS/Source/timers.c ****         taskENTER_CRITICAL();
 1503              		.loc 1 456 9 view .LVU429
 1504 0006 0028     		cmp	r0, #0
ARM GAS  /tmp/ccEl6umq.s 			page 51


 1505 0008 01D1     		bne	.L122
 456:Middlewares/Third_Party/FreeRTOS/Source/timers.c ****         taskENTER_CRITICAL();
 1506              		.loc 1 456 9 is_stmt 1 discriminator 1 view .LVU430
 1507              		.syntax divided
 1508              	@ 456 "Middlewares/Third_Party/FreeRTOS/Source/timers.c" 1
 1509 000a 72B6     		 cpsid i 
 1510              	@ 0 "" 2
 1511              		.thumb
 1512              		.syntax unified
 1513              	.L123:
 456:Middlewares/Third_Party/FreeRTOS/Source/timers.c ****         taskENTER_CRITICAL();
 1514              		.loc 1 456 9 discriminator 3 view .LVU431
 456:Middlewares/Third_Party/FreeRTOS/Source/timers.c ****         taskENTER_CRITICAL();
 1515              		.loc 1 456 9 discriminator 3 view .LVU432
 1516 000c FEE7     		b	.L123
 1517              	.L122:
 456:Middlewares/Third_Party/FreeRTOS/Source/timers.c ****         taskENTER_CRITICAL();
 1518              		.loc 1 456 31 discriminator 2 view .LVU433
 457:Middlewares/Third_Party/FreeRTOS/Source/timers.c ****         {
 1519              		.loc 1 457 9 view .LVU434
 1520 000e 2834     		adds	r4, r4, #40
 1521 0010 FFF7FEFF 		bl	vPortEnterCritical
 1522              	.LVL125:
 459:Middlewares/Third_Party/FreeRTOS/Source/timers.c ****             {
 1523              		.loc 1 459 13 view .LVU435
 1524 0014 0422     		movs	r2, #4
 461:Middlewares/Third_Party/FreeRTOS/Source/timers.c ****             }
 1525              		.loc 1 461 35 is_stmt 0 view .LVU436
 1526 0016 2378     		ldrb	r3, [r4]
 459:Middlewares/Third_Party/FreeRTOS/Source/timers.c ****             {
 1527              		.loc 1 459 15 view .LVU437
 1528 0018 002D     		cmp	r5, #0
 1529 001a 04D0     		beq	.L124
 461:Middlewares/Third_Party/FreeRTOS/Source/timers.c ****             }
 1530              		.loc 1 461 17 is_stmt 1 view .LVU438
 461:Middlewares/Third_Party/FreeRTOS/Source/timers.c ****             }
 1531              		.loc 1 461 35 is_stmt 0 view .LVU439
 1532 001c 1343     		orrs	r3, r2
 1533              	.L125:
 1534 001e 2370     		strb	r3, [r4]
 468:Middlewares/Third_Party/FreeRTOS/Source/timers.c ****     }
 1535              		.loc 1 468 9 is_stmt 1 view .LVU440
 1536 0020 FFF7FEFF 		bl	vPortExitCritical
 1537              	.LVL126:
 469:Middlewares/Third_Party/FreeRTOS/Source/timers.c **** /*-----------------------------------------------------------*/
 1538              		.loc 1 469 5 is_stmt 0 view .LVU441
 1539              		@ sp needed
 1540              	.LVL127:
 1541              	.LVL128:
 469:Middlewares/Third_Party/FreeRTOS/Source/timers.c **** /*-----------------------------------------------------------*/
 1542              		.loc 1 469 5 view .LVU442
 1543 0024 70BD     		pop	{r4, r5, r6, pc}
 1544              	.LVL129:
 1545              	.L124:
 465:Middlewares/Third_Party/FreeRTOS/Source/timers.c ****             }
 1546              		.loc 1 465 17 is_stmt 1 view .LVU443
 465:Middlewares/Third_Party/FreeRTOS/Source/timers.c ****             }
ARM GAS  /tmp/ccEl6umq.s 			page 52


 1547              		.loc 1 465 35 is_stmt 0 view .LVU444
 1548 0026 9343     		bics	r3, r2
 1549 0028 F9E7     		b	.L125
 1550              		.cfi_endproc
 1551              	.LFE7:
 1553              		.section	.text.xTimerGetReloadMode,"ax",%progbits
 1554              		.align	1
 1555              		.global	xTimerGetReloadMode
 1556              		.syntax unified
 1557              		.code	16
 1558              		.thumb_func
 1560              	xTimerGetReloadMode:
 1561              	.LVL130:
 1562              	.LFB8:
 473:Middlewares/Third_Party/FreeRTOS/Source/timers.c ****         Timer_t * pxTimer = xTimer;
 1563              		.loc 1 473 5 is_stmt 1 view -0
 1564              		.cfi_startproc
 1565              		@ args = 0, pretend = 0, frame = 0
 1566              		@ frame_needed = 0, uses_anonymous_args = 0
 474:Middlewares/Third_Party/FreeRTOS/Source/timers.c ****         BaseType_t xReturn;
 1567              		.loc 1 474 9 view .LVU446
 475:Middlewares/Third_Party/FreeRTOS/Source/timers.c **** 
 1568              		.loc 1 475 9 view .LVU447
 477:Middlewares/Third_Party/FreeRTOS/Source/timers.c ****         taskENTER_CRITICAL();
 1569              		.loc 1 477 9 view .LVU448
 473:Middlewares/Third_Party/FreeRTOS/Source/timers.c ****         Timer_t * pxTimer = xTimer;
 1570              		.loc 1 473 5 is_stmt 0 view .LVU449
 1571 0000 10B5     		push	{r4, lr}
 1572              		.cfi_def_cfa_offset 8
 1573              		.cfi_offset 4, -8
 1574              		.cfi_offset 14, -4
 473:Middlewares/Third_Party/FreeRTOS/Source/timers.c ****         Timer_t * pxTimer = xTimer;
 1575              		.loc 1 473 5 view .LVU450
 1576 0002 041E     		subs	r4, r0, #0
 477:Middlewares/Third_Party/FreeRTOS/Source/timers.c ****         taskENTER_CRITICAL();
 1577              		.loc 1 477 9 view .LVU451
 1578 0004 01D1     		bne	.L127
 477:Middlewares/Third_Party/FreeRTOS/Source/timers.c ****         taskENTER_CRITICAL();
 1579              		.loc 1 477 9 is_stmt 1 discriminator 1 view .LVU452
 1580              		.syntax divided
 1581              	@ 477 "Middlewares/Third_Party/FreeRTOS/Source/timers.c" 1
 1582 0006 72B6     		 cpsid i 
 1583              	@ 0 "" 2
 1584              		.thumb
 1585              		.syntax unified
 1586              	.L128:
 477:Middlewares/Third_Party/FreeRTOS/Source/timers.c ****         taskENTER_CRITICAL();
 1587              		.loc 1 477 9 discriminator 3 view .LVU453
 477:Middlewares/Third_Party/FreeRTOS/Source/timers.c ****         taskENTER_CRITICAL();
 1588              		.loc 1 477 9 discriminator 3 view .LVU454
 1589 0008 FEE7     		b	.L128
 1590              	.L127:
 1591              	.LVL131:
 1592              	.LBB58:
 1593              	.LBI58:
 472:Middlewares/Third_Party/FreeRTOS/Source/timers.c ****     {
 1594              		.loc 1 472 16 view .LVU455
ARM GAS  /tmp/ccEl6umq.s 			page 53


 1595              	.LBB59:
 477:Middlewares/Third_Party/FreeRTOS/Source/timers.c ****         taskENTER_CRITICAL();
 1596              		.loc 1 477 31 discriminator 2 view .LVU456
 478:Middlewares/Third_Party/FreeRTOS/Source/timers.c ****         {
 1597              		.loc 1 478 9 view .LVU457
 480:Middlewares/Third_Party/FreeRTOS/Source/timers.c ****             {
 1598              		.loc 1 480 26 is_stmt 0 view .LVU458
 1599 000a 2834     		adds	r4, r4, #40
 478:Middlewares/Third_Party/FreeRTOS/Source/timers.c ****         {
 1600              		.loc 1 478 9 view .LVU459
 1601 000c FFF7FEFF 		bl	vPortEnterCritical
 1602              	.LVL132:
 480:Middlewares/Third_Party/FreeRTOS/Source/timers.c ****             {
 1603              		.loc 1 480 13 is_stmt 1 view .LVU460
 1604              	.LBE59:
 1605              	.LBE58:
 494:Middlewares/Third_Party/FreeRTOS/Source/timers.c **** 
 1606              		.loc 1 494 5 is_stmt 0 view .LVU461
 1607              		@ sp needed
 1608              	.LBB61:
 1609              	.LBB60:
 480:Middlewares/Third_Party/FreeRTOS/Source/timers.c ****             {
 1610              		.loc 1 480 15 view .LVU462
 1611 0010 2478     		ldrb	r4, [r4]
 1612              	.LVL133:
 491:Middlewares/Third_Party/FreeRTOS/Source/timers.c **** 
 1613              		.loc 1 491 9 view .LVU463
 1614 0012 FFF7FEFF 		bl	vPortExitCritical
 1615              	.LVL134:
 480:Middlewares/Third_Party/FreeRTOS/Source/timers.c ****             {
 1616              		.loc 1 480 15 view .LVU464
 1617 0016 6407     		lsls	r4, r4, #29
 1618 0018 E40F     		lsrs	r4, r4, #31
 1619              	.LVL135:
 491:Middlewares/Third_Party/FreeRTOS/Source/timers.c **** 
 1620              		.loc 1 491 9 is_stmt 1 view .LVU465
 493:Middlewares/Third_Party/FreeRTOS/Source/timers.c ****     }
 1621              		.loc 1 493 9 view .LVU466
 493:Middlewares/Third_Party/FreeRTOS/Source/timers.c ****     }
 1622              		.loc 1 493 9 is_stmt 0 view .LVU467
 1623              	.LBE60:
 1624              	.LBE61:
 494:Middlewares/Third_Party/FreeRTOS/Source/timers.c **** 
 1625              		.loc 1 494 5 view .LVU468
 1626 001a 2000     		movs	r0, r4
 1627 001c 10BD     		pop	{r4, pc}
 1628              		.cfi_endproc
 1629              	.LFE8:
 1631              		.section	.text.uxTimerGetReloadMode,"ax",%progbits
 1632              		.align	1
 1633              		.global	uxTimerGetReloadMode
 1634              		.syntax unified
 1635              		.code	16
 1636              		.thumb_func
 1638              	uxTimerGetReloadMode:
 1639              	.LVL136:
 1640              	.LFB9:
ARM GAS  /tmp/ccEl6umq.s 			page 54


 497:Middlewares/Third_Party/FreeRTOS/Source/timers.c ****         return ( UBaseType_t ) xTimerGetReloadMode( xTimer );
 1641              		.loc 1 497 5 is_stmt 1 view -0
 1642              		.cfi_startproc
 1643              		@ args = 0, pretend = 0, frame = 0
 1644              		@ frame_needed = 0, uses_anonymous_args = 0
 498:Middlewares/Third_Party/FreeRTOS/Source/timers.c ****     }
 1645              		.loc 1 498 9 view .LVU470
 497:Middlewares/Third_Party/FreeRTOS/Source/timers.c ****         return ( UBaseType_t ) xTimerGetReloadMode( xTimer );
 1646              		.loc 1 497 5 is_stmt 0 view .LVU471
 1647 0000 10B5     		push	{r4, lr}
 1648              		.cfi_def_cfa_offset 8
 1649              		.cfi_offset 4, -8
 1650              		.cfi_offset 14, -4
 498:Middlewares/Third_Party/FreeRTOS/Source/timers.c ****     }
 1651              		.loc 1 498 32 view .LVU472
 1652 0002 FFF7FEFF 		bl	xTimerGetReloadMode
 1653              	.LVL137:
 499:Middlewares/Third_Party/FreeRTOS/Source/timers.c **** /*-----------------------------------------------------------*/
 1654              		.loc 1 499 5 view .LVU473
 1655              		@ sp needed
 1656 0006 10BD     		pop	{r4, pc}
 1657              		.cfi_endproc
 1658              	.LFE9:
 1660              		.section	.text.xTimerGetExpiryTime,"ax",%progbits
 1661              		.align	1
 1662              		.global	xTimerGetExpiryTime
 1663              		.syntax unified
 1664              		.code	16
 1665              		.thumb_func
 1667              	xTimerGetExpiryTime:
 1668              	.LVL138:
 1669              	.LFB10:
 503:Middlewares/Third_Party/FreeRTOS/Source/timers.c ****         Timer_t * pxTimer = xTimer;
 1670              		.loc 1 503 5 is_stmt 1 view -0
 1671              		.cfi_startproc
 1672              		@ args = 0, pretend = 0, frame = 0
 1673              		@ frame_needed = 0, uses_anonymous_args = 0
 1674              		@ link register save eliminated.
 504:Middlewares/Third_Party/FreeRTOS/Source/timers.c ****         TickType_t xReturn;
 1675              		.loc 1 504 9 view .LVU475
 505:Middlewares/Third_Party/FreeRTOS/Source/timers.c **** 
 1676              		.loc 1 505 9 view .LVU476
 507:Middlewares/Third_Party/FreeRTOS/Source/timers.c ****         xReturn = listGET_LIST_ITEM_VALUE( &( pxTimer->xTimerListItem ) );
 1677              		.loc 1 507 9 view .LVU477
 1678 0000 0028     		cmp	r0, #0
 1679 0002 01D1     		bne	.L131
 507:Middlewares/Third_Party/FreeRTOS/Source/timers.c ****         xReturn = listGET_LIST_ITEM_VALUE( &( pxTimer->xTimerListItem ) );
 1680              		.loc 1 507 9 discriminator 1 view .LVU478
 1681              		.syntax divided
 1682              	@ 507 "Middlewares/Third_Party/FreeRTOS/Source/timers.c" 1
 1683 0004 72B6     		 cpsid i 
 1684              	@ 0 "" 2
 1685              		.thumb
 1686              		.syntax unified
 1687              	.L132:
 507:Middlewares/Third_Party/FreeRTOS/Source/timers.c ****         xReturn = listGET_LIST_ITEM_VALUE( &( pxTimer->xTimerListItem ) );
 1688              		.loc 1 507 9 discriminator 3 view .LVU479
ARM GAS  /tmp/ccEl6umq.s 			page 55


 507:Middlewares/Third_Party/FreeRTOS/Source/timers.c ****         xReturn = listGET_LIST_ITEM_VALUE( &( pxTimer->xTimerListItem ) );
 1689              		.loc 1 507 9 discriminator 3 view .LVU480
 1690 0006 FEE7     		b	.L132
 1691              	.L131:
 507:Middlewares/Third_Party/FreeRTOS/Source/timers.c ****         xReturn = listGET_LIST_ITEM_VALUE( &( pxTimer->xTimerListItem ) );
 1692              		.loc 1 507 31 discriminator 2 view .LVU481
 508:Middlewares/Third_Party/FreeRTOS/Source/timers.c ****         return xReturn;
 1693              		.loc 1 508 9 view .LVU482
 1694              	.LVL139:
 509:Middlewares/Third_Party/FreeRTOS/Source/timers.c ****     }
 1695              		.loc 1 509 9 view .LVU483
 509:Middlewares/Third_Party/FreeRTOS/Source/timers.c ****     }
 1696              		.loc 1 509 16 is_stmt 0 discriminator 1 view .LVU484
 1697 0008 4068     		ldr	r0, [r0, #4]
 1698              	.LVL140:
 510:Middlewares/Third_Party/FreeRTOS/Source/timers.c **** /*-----------------------------------------------------------*/
 1699              		.loc 1 510 5 view .LVU485
 1700              		@ sp needed
 1701 000a 7047     		bx	lr
 1702              		.cfi_endproc
 1703              	.LFE10:
 1705              		.section	.text.pcTimerGetName,"ax",%progbits
 1706              		.align	1
 1707              		.global	pcTimerGetName
 1708              		.syntax unified
 1709              		.code	16
 1710              		.thumb_func
 1712              	pcTimerGetName:
 1713              	.LVL141:
 1714              	.LFB11:
 514:Middlewares/Third_Party/FreeRTOS/Source/timers.c ****         Timer_t * pxTimer = xTimer;
 1715              		.loc 1 514 5 is_stmt 1 view -0
 1716              		.cfi_startproc
 1717              		@ args = 0, pretend = 0, frame = 0
 1718              		@ frame_needed = 0, uses_anonymous_args = 0
 1719              		@ link register save eliminated.
 515:Middlewares/Third_Party/FreeRTOS/Source/timers.c **** 
 1720              		.loc 1 515 9 view .LVU487
 517:Middlewares/Third_Party/FreeRTOS/Source/timers.c ****         return pxTimer->pcTimerName;
 1721              		.loc 1 517 9 view .LVU488
 1722 0000 0028     		cmp	r0, #0
 1723 0002 01D1     		bne	.L134
 517:Middlewares/Third_Party/FreeRTOS/Source/timers.c ****         return pxTimer->pcTimerName;
 1724              		.loc 1 517 9 discriminator 1 view .LVU489
 1725              		.syntax divided
 1726              	@ 517 "Middlewares/Third_Party/FreeRTOS/Source/timers.c" 1
 1727 0004 72B6     		 cpsid i 
 1728              	@ 0 "" 2
 1729              		.thumb
 1730              		.syntax unified
 1731              	.L135:
 517:Middlewares/Third_Party/FreeRTOS/Source/timers.c ****         return pxTimer->pcTimerName;
 1732              		.loc 1 517 9 discriminator 3 view .LVU490
 517:Middlewares/Third_Party/FreeRTOS/Source/timers.c ****         return pxTimer->pcTimerName;
 1733              		.loc 1 517 9 discriminator 3 view .LVU491
 1734 0006 FEE7     		b	.L135
 1735              	.L134:
ARM GAS  /tmp/ccEl6umq.s 			page 56


 517:Middlewares/Third_Party/FreeRTOS/Source/timers.c ****         return pxTimer->pcTimerName;
 1736              		.loc 1 517 31 discriminator 2 view .LVU492
 518:Middlewares/Third_Party/FreeRTOS/Source/timers.c ****     }
 1737              		.loc 1 518 9 view .LVU493
 518:Middlewares/Third_Party/FreeRTOS/Source/timers.c ****     }
 1738              		.loc 1 518 23 is_stmt 0 discriminator 1 view .LVU494
 1739 0008 0068     		ldr	r0, [r0]
 1740              	.LVL142:
 519:Middlewares/Third_Party/FreeRTOS/Source/timers.c **** /*-----------------------------------------------------------*/
 1741              		.loc 1 519 5 view .LVU495
 1742              		@ sp needed
 1743 000a 7047     		bx	lr
 1744              		.cfi_endproc
 1745              	.LFE11:
 1747              		.section	.text.xTimerIsTimerActive,"ax",%progbits
 1748              		.align	1
 1749              		.global	xTimerIsTimerActive
 1750              		.syntax unified
 1751              		.code	16
 1752              		.thumb_func
 1754              	xTimerIsTimerActive:
 1755              	.LVL143:
 1756              	.LFB22:
 982:Middlewares/Third_Party/FreeRTOS/Source/timers.c **** /*-----------------------------------------------------------*/
 983:Middlewares/Third_Party/FreeRTOS/Source/timers.c **** 
 984:Middlewares/Third_Party/FreeRTOS/Source/timers.c ****     BaseType_t xTimerIsTimerActive( TimerHandle_t xTimer )
 985:Middlewares/Third_Party/FreeRTOS/Source/timers.c ****     {
 1757              		.loc 1 985 5 is_stmt 1 view -0
 1758              		.cfi_startproc
 1759              		@ args = 0, pretend = 0, frame = 0
 1760              		@ frame_needed = 0, uses_anonymous_args = 0
 986:Middlewares/Third_Party/FreeRTOS/Source/timers.c ****         BaseType_t xReturn;
 1761              		.loc 1 986 9 view .LVU497
 987:Middlewares/Third_Party/FreeRTOS/Source/timers.c ****         Timer_t * pxTimer = xTimer;
 1762              		.loc 1 987 9 view .LVU498
 988:Middlewares/Third_Party/FreeRTOS/Source/timers.c **** 
 989:Middlewares/Third_Party/FreeRTOS/Source/timers.c ****         configASSERT( xTimer );
 1763              		.loc 1 989 9 view .LVU499
 985:Middlewares/Third_Party/FreeRTOS/Source/timers.c ****         BaseType_t xReturn;
 1764              		.loc 1 985 5 is_stmt 0 view .LVU500
 1765 0000 10B5     		push	{r4, lr}
 1766              		.cfi_def_cfa_offset 8
 1767              		.cfi_offset 4, -8
 1768              		.cfi_offset 14, -4
 985:Middlewares/Third_Party/FreeRTOS/Source/timers.c ****         BaseType_t xReturn;
 1769              		.loc 1 985 5 view .LVU501
 1770 0002 041E     		subs	r4, r0, #0
 1771              		.loc 1 989 9 view .LVU502
 1772 0004 01D1     		bne	.L137
 1773              		.loc 1 989 9 is_stmt 1 discriminator 1 view .LVU503
 1774              		.syntax divided
 1775              	@ 989 "Middlewares/Third_Party/FreeRTOS/Source/timers.c" 1
 1776 0006 72B6     		 cpsid i 
 1777              	@ 0 "" 2
 1778              		.thumb
 1779              		.syntax unified
 1780              	.L138:
ARM GAS  /tmp/ccEl6umq.s 			page 57


 1781              		.loc 1 989 9 discriminator 3 view .LVU504
 1782              		.loc 1 989 9 discriminator 3 view .LVU505
 1783 0008 FEE7     		b	.L138
 1784              	.L137:
 1785              		.loc 1 989 31 discriminator 2 view .LVU506
 990:Middlewares/Third_Party/FreeRTOS/Source/timers.c **** 
 991:Middlewares/Third_Party/FreeRTOS/Source/timers.c ****         /* Is the timer in the list of active timers? */
 992:Middlewares/Third_Party/FreeRTOS/Source/timers.c ****         taskENTER_CRITICAL();
 1786              		.loc 1 992 9 view .LVU507
 1787 000a FFF7FEFF 		bl	vPortEnterCritical
 1788              	.LVL144:
 993:Middlewares/Third_Party/FreeRTOS/Source/timers.c ****         {
 994:Middlewares/Third_Party/FreeRTOS/Source/timers.c ****             if( ( pxTimer->ucStatus & tmrSTATUS_IS_ACTIVE ) == 0 )
 1789              		.loc 1 994 13 view .LVU508
 995:Middlewares/Third_Party/FreeRTOS/Source/timers.c ****             {
 996:Middlewares/Third_Party/FreeRTOS/Source/timers.c ****                 xReturn = pdFALSE;
 997:Middlewares/Third_Party/FreeRTOS/Source/timers.c ****             }
 998:Middlewares/Third_Party/FreeRTOS/Source/timers.c ****             else
 999:Middlewares/Third_Party/FreeRTOS/Source/timers.c ****             {
1000:Middlewares/Third_Party/FreeRTOS/Source/timers.c ****                 xReturn = pdTRUE;
1001:Middlewares/Third_Party/FreeRTOS/Source/timers.c ****             }
1002:Middlewares/Third_Party/FreeRTOS/Source/timers.c ****         }
1003:Middlewares/Third_Party/FreeRTOS/Source/timers.c ****         taskEXIT_CRITICAL();
1004:Middlewares/Third_Party/FreeRTOS/Source/timers.c **** 
1005:Middlewares/Third_Party/FreeRTOS/Source/timers.c ****         return xReturn;
1006:Middlewares/Third_Party/FreeRTOS/Source/timers.c ****     } /*lint !e818 Can't be pointer to const due to the typedef. */
 1790              		.loc 1 1006 5 is_stmt 0 view .LVU509
 1791              		@ sp needed
 1792 000e 0123     		movs	r3, #1
 994:Middlewares/Third_Party/FreeRTOS/Source/timers.c ****             {
 1793              		.loc 1 994 26 view .LVU510
 1794 0010 2834     		adds	r4, r4, #40
 1795              	.LVL145:
 994:Middlewares/Third_Party/FreeRTOS/Source/timers.c ****             {
 1796              		.loc 1 994 26 view .LVU511
 1797 0012 2478     		ldrb	r4, [r4]
 1798              	.LVL146:
 994:Middlewares/Third_Party/FreeRTOS/Source/timers.c ****             {
 1799              		.loc 1 994 26 view .LVU512
 1800 0014 1C40     		ands	r4, r3
 1801              	.LVL147:
1003:Middlewares/Third_Party/FreeRTOS/Source/timers.c **** 
 1802              		.loc 1 1003 9 is_stmt 1 view .LVU513
 1803 0016 FFF7FEFF 		bl	vPortExitCritical
 1804              	.LVL148:
1005:Middlewares/Third_Party/FreeRTOS/Source/timers.c ****     } /*lint !e818 Can't be pointer to const due to the typedef. */
 1805              		.loc 1 1005 9 view .LVU514
 1806              		.loc 1 1006 5 is_stmt 0 view .LVU515
 1807 001a 2000     		movs	r0, r4
 1808              	.LVL149:
 1809              		.loc 1 1006 5 view .LVU516
 1810 001c 10BD     		pop	{r4, pc}
 1811              		.cfi_endproc
 1812              	.LFE22:
 1814              		.section	.text.pvTimerGetTimerID,"ax",%progbits
 1815              		.align	1
 1816              		.global	pvTimerGetTimerID
ARM GAS  /tmp/ccEl6umq.s 			page 58


 1817              		.syntax unified
 1818              		.code	16
 1819              		.thumb_func
 1821              	pvTimerGetTimerID:
 1822              	.LVL150:
 1823              	.LFB23:
1007:Middlewares/Third_Party/FreeRTOS/Source/timers.c **** /*-----------------------------------------------------------*/
1008:Middlewares/Third_Party/FreeRTOS/Source/timers.c **** 
1009:Middlewares/Third_Party/FreeRTOS/Source/timers.c ****     void * pvTimerGetTimerID( const TimerHandle_t xTimer )
1010:Middlewares/Third_Party/FreeRTOS/Source/timers.c ****     {
 1824              		.loc 1 1010 5 is_stmt 1 view -0
 1825              		.cfi_startproc
 1826              		@ args = 0, pretend = 0, frame = 0
 1827              		@ frame_needed = 0, uses_anonymous_args = 0
1011:Middlewares/Third_Party/FreeRTOS/Source/timers.c ****         Timer_t * const pxTimer = xTimer;
 1828              		.loc 1 1011 9 view .LVU518
1012:Middlewares/Third_Party/FreeRTOS/Source/timers.c ****         void * pvReturn;
 1829              		.loc 1 1012 9 view .LVU519
1013:Middlewares/Third_Party/FreeRTOS/Source/timers.c **** 
1014:Middlewares/Third_Party/FreeRTOS/Source/timers.c ****         configASSERT( xTimer );
 1830              		.loc 1 1014 9 view .LVU520
1010:Middlewares/Third_Party/FreeRTOS/Source/timers.c ****         Timer_t * const pxTimer = xTimer;
 1831              		.loc 1 1010 5 is_stmt 0 view .LVU521
 1832 0000 10B5     		push	{r4, lr}
 1833              		.cfi_def_cfa_offset 8
 1834              		.cfi_offset 4, -8
 1835              		.cfi_offset 14, -4
1010:Middlewares/Third_Party/FreeRTOS/Source/timers.c ****         Timer_t * const pxTimer = xTimer;
 1836              		.loc 1 1010 5 view .LVU522
 1837 0002 041E     		subs	r4, r0, #0
 1838              		.loc 1 1014 9 view .LVU523
 1839 0004 01D1     		bne	.L140
 1840              		.loc 1 1014 9 is_stmt 1 discriminator 1 view .LVU524
 1841              		.syntax divided
 1842              	@ 1014 "Middlewares/Third_Party/FreeRTOS/Source/timers.c" 1
 1843 0006 72B6     		 cpsid i 
 1844              	@ 0 "" 2
 1845              		.thumb
 1846              		.syntax unified
 1847              	.L141:
 1848              		.loc 1 1014 9 discriminator 3 view .LVU525
 1849              		.loc 1 1014 9 discriminator 3 view .LVU526
 1850 0008 FEE7     		b	.L141
 1851              	.L140:
 1852              		.loc 1 1014 31 discriminator 2 view .LVU527
1015:Middlewares/Third_Party/FreeRTOS/Source/timers.c **** 
1016:Middlewares/Third_Party/FreeRTOS/Source/timers.c ****         taskENTER_CRITICAL();
 1853              		.loc 1 1016 9 view .LVU528
 1854 000a FFF7FEFF 		bl	vPortEnterCritical
 1855              	.LVL151:
1017:Middlewares/Third_Party/FreeRTOS/Source/timers.c ****         {
1018:Middlewares/Third_Party/FreeRTOS/Source/timers.c ****             pvReturn = pxTimer->pvTimerID;
 1856              		.loc 1 1018 13 view .LVU529
1019:Middlewares/Third_Party/FreeRTOS/Source/timers.c ****         }
1020:Middlewares/Third_Party/FreeRTOS/Source/timers.c ****         taskEXIT_CRITICAL();
1021:Middlewares/Third_Party/FreeRTOS/Source/timers.c **** 
1022:Middlewares/Third_Party/FreeRTOS/Source/timers.c ****         return pvReturn;
ARM GAS  /tmp/ccEl6umq.s 			page 59


1023:Middlewares/Third_Party/FreeRTOS/Source/timers.c ****     }
 1857              		.loc 1 1023 5 is_stmt 0 view .LVU530
 1858              		@ sp needed
1018:Middlewares/Third_Party/FreeRTOS/Source/timers.c ****         }
 1859              		.loc 1 1018 22 view .LVU531
 1860 000e E469     		ldr	r4, [r4, #28]
 1861              	.LVL152:
1020:Middlewares/Third_Party/FreeRTOS/Source/timers.c **** 
 1862              		.loc 1 1020 9 is_stmt 1 view .LVU532
 1863 0010 FFF7FEFF 		bl	vPortExitCritical
 1864              	.LVL153:
1022:Middlewares/Third_Party/FreeRTOS/Source/timers.c ****     }
 1865              		.loc 1 1022 9 view .LVU533
 1866              		.loc 1 1023 5 is_stmt 0 view .LVU534
 1867 0014 2000     		movs	r0, r4
 1868              	.LVL154:
 1869              		.loc 1 1023 5 view .LVU535
 1870 0016 10BD     		pop	{r4, pc}
 1871              		.cfi_endproc
 1872              	.LFE23:
 1874              		.section	.text.vTimerSetTimerID,"ax",%progbits
 1875              		.align	1
 1876              		.global	vTimerSetTimerID
 1877              		.syntax unified
 1878              		.code	16
 1879              		.thumb_func
 1881              	vTimerSetTimerID:
 1882              	.LVL155:
 1883              	.LFB24:
1024:Middlewares/Third_Party/FreeRTOS/Source/timers.c **** /*-----------------------------------------------------------*/
1025:Middlewares/Third_Party/FreeRTOS/Source/timers.c **** 
1026:Middlewares/Third_Party/FreeRTOS/Source/timers.c ****     void vTimerSetTimerID( TimerHandle_t xTimer,
1027:Middlewares/Third_Party/FreeRTOS/Source/timers.c ****                            void * pvNewID )
1028:Middlewares/Third_Party/FreeRTOS/Source/timers.c ****     {
 1884              		.loc 1 1028 5 is_stmt 1 view -0
 1885              		.cfi_startproc
 1886              		@ args = 0, pretend = 0, frame = 0
 1887              		@ frame_needed = 0, uses_anonymous_args = 0
1029:Middlewares/Third_Party/FreeRTOS/Source/timers.c ****         Timer_t * const pxTimer = xTimer;
 1888              		.loc 1 1029 9 view .LVU537
1030:Middlewares/Third_Party/FreeRTOS/Source/timers.c **** 
1031:Middlewares/Third_Party/FreeRTOS/Source/timers.c ****         configASSERT( xTimer );
 1889              		.loc 1 1031 9 view .LVU538
1028:Middlewares/Third_Party/FreeRTOS/Source/timers.c ****         Timer_t * const pxTimer = xTimer;
 1890              		.loc 1 1028 5 is_stmt 0 view .LVU539
 1891 0000 70B5     		push	{r4, r5, r6, lr}
 1892              		.cfi_def_cfa_offset 16
 1893              		.cfi_offset 4, -16
 1894              		.cfi_offset 5, -12
 1895              		.cfi_offset 6, -8
 1896              		.cfi_offset 14, -4
1028:Middlewares/Third_Party/FreeRTOS/Source/timers.c ****         Timer_t * const pxTimer = xTimer;
 1897              		.loc 1 1028 5 view .LVU540
 1898 0002 0400     		movs	r4, r0
 1899 0004 0D00     		movs	r5, r1
 1900              		.loc 1 1031 9 view .LVU541
 1901 0006 0028     		cmp	r0, #0
ARM GAS  /tmp/ccEl6umq.s 			page 60


 1902 0008 01D1     		bne	.L143
 1903              		.loc 1 1031 9 is_stmt 1 discriminator 1 view .LVU542
 1904              		.syntax divided
 1905              	@ 1031 "Middlewares/Third_Party/FreeRTOS/Source/timers.c" 1
 1906 000a 72B6     		 cpsid i 
 1907              	@ 0 "" 2
 1908              		.thumb
 1909              		.syntax unified
 1910              	.L144:
 1911              		.loc 1 1031 9 discriminator 3 view .LVU543
 1912              		.loc 1 1031 9 discriminator 3 view .LVU544
 1913 000c FEE7     		b	.L144
 1914              	.L143:
 1915              		.loc 1 1031 31 discriminator 2 view .LVU545
1032:Middlewares/Third_Party/FreeRTOS/Source/timers.c **** 
1033:Middlewares/Third_Party/FreeRTOS/Source/timers.c ****         taskENTER_CRITICAL();
 1916              		.loc 1 1033 9 view .LVU546
 1917 000e FFF7FEFF 		bl	vPortEnterCritical
 1918              	.LVL156:
1034:Middlewares/Third_Party/FreeRTOS/Source/timers.c ****         {
1035:Middlewares/Third_Party/FreeRTOS/Source/timers.c ****             pxTimer->pvTimerID = pvNewID;
 1919              		.loc 1 1035 13 view .LVU547
1036:Middlewares/Third_Party/FreeRTOS/Source/timers.c ****         }
1037:Middlewares/Third_Party/FreeRTOS/Source/timers.c ****         taskEXIT_CRITICAL();
1038:Middlewares/Third_Party/FreeRTOS/Source/timers.c ****     }
 1920              		.loc 1 1038 5 is_stmt 0 view .LVU548
 1921              		@ sp needed
1035:Middlewares/Third_Party/FreeRTOS/Source/timers.c ****         }
 1922              		.loc 1 1035 32 view .LVU549
 1923 0012 E561     		str	r5, [r4, #28]
1037:Middlewares/Third_Party/FreeRTOS/Source/timers.c ****     }
 1924              		.loc 1 1037 9 is_stmt 1 view .LVU550
 1925 0014 FFF7FEFF 		bl	vPortExitCritical
 1926              	.LVL157:
 1927              	.LVL158:
 1928              	.LVL159:
 1929              		.loc 1 1038 5 is_stmt 0 view .LVU551
 1930 0018 70BD     		pop	{r4, r5, r6, pc}
 1931              		.cfi_endproc
 1932              	.LFE24:
 1934              		.section	.text.xTimerPendFunctionCallFromISR,"ax",%progbits
 1935              		.align	1
 1936              		.global	xTimerPendFunctionCallFromISR
 1937              		.syntax unified
 1938              		.code	16
 1939              		.thumb_func
 1941              	xTimerPendFunctionCallFromISR:
 1942              	.LVL160:
 1943              	.LFB25:
1039:Middlewares/Third_Party/FreeRTOS/Source/timers.c **** /*-----------------------------------------------------------*/
1040:Middlewares/Third_Party/FreeRTOS/Source/timers.c **** 
1041:Middlewares/Third_Party/FreeRTOS/Source/timers.c ****     #if ( INCLUDE_xTimerPendFunctionCall == 1 )
1042:Middlewares/Third_Party/FreeRTOS/Source/timers.c **** 
1043:Middlewares/Third_Party/FreeRTOS/Source/timers.c ****         BaseType_t xTimerPendFunctionCallFromISR( PendedFunction_t xFunctionToPend,
1044:Middlewares/Third_Party/FreeRTOS/Source/timers.c ****                                                   void * pvParameter1,
1045:Middlewares/Third_Party/FreeRTOS/Source/timers.c ****                                                   uint32_t ulParameter2,
1046:Middlewares/Third_Party/FreeRTOS/Source/timers.c ****                                                   BaseType_t * pxHigherPriorityTaskWoken )
ARM GAS  /tmp/ccEl6umq.s 			page 61


1047:Middlewares/Third_Party/FreeRTOS/Source/timers.c ****         {
 1944              		.loc 1 1047 9 is_stmt 1 view -0
 1945              		.cfi_startproc
 1946              		@ args = 0, pretend = 0, frame = 16
 1947              		@ frame_needed = 0, uses_anonymous_args = 0
1048:Middlewares/Third_Party/FreeRTOS/Source/timers.c ****             DaemonTaskMessage_t xMessage;
 1948              		.loc 1 1048 13 view .LVU553
1049:Middlewares/Third_Party/FreeRTOS/Source/timers.c ****             BaseType_t xReturn;
 1949              		.loc 1 1049 13 view .LVU554
1050:Middlewares/Third_Party/FreeRTOS/Source/timers.c **** 
1051:Middlewares/Third_Party/FreeRTOS/Source/timers.c ****             /* Complete the message with the function parameters and post it to the
1052:Middlewares/Third_Party/FreeRTOS/Source/timers.c ****              * daemon task. */
1053:Middlewares/Third_Party/FreeRTOS/Source/timers.c ****             xMessage.xMessageID = tmrCOMMAND_EXECUTE_CALLBACK_FROM_ISR;
 1950              		.loc 1 1053 13 view .LVU555
1047:Middlewares/Third_Party/FreeRTOS/Source/timers.c ****             DaemonTaskMessage_t xMessage;
 1951              		.loc 1 1047 9 is_stmt 0 view .LVU556
 1952 0000 1FB5     		push	{r0, r1, r2, r3, r4, lr}
 1953              		.cfi_def_cfa_offset 24
 1954              		.cfi_offset 0, -24
 1955              		.cfi_offset 1, -20
 1956              		.cfi_offset 2, -16
 1957              		.cfi_offset 3, -12
 1958              		.cfi_offset 4, -8
 1959              		.cfi_offset 14, -4
1047:Middlewares/Third_Party/FreeRTOS/Source/timers.c ****             DaemonTaskMessage_t xMessage;
 1960              		.loc 1 1047 9 view .LVU557
 1961 0002 1400     		movs	r4, r2
 1962 0004 1A00     		movs	r2, r3
 1963              	.LVL161:
 1964              		.loc 1 1053 33 view .LVU558
 1965 0006 0223     		movs	r3, #2
 1966              	.LVL162:
1054:Middlewares/Third_Party/FreeRTOS/Source/timers.c ****             xMessage.u.xCallbackParameters.pxCallbackFunction = xFunctionToPend;
 1967              		.loc 1 1054 63 view .LVU559
 1968 0008 0190     		str	r0, [sp, #4]
1055:Middlewares/Third_Party/FreeRTOS/Source/timers.c ****             xMessage.u.xCallbackParameters.pvParameter1 = pvParameter1;
1056:Middlewares/Third_Party/FreeRTOS/Source/timers.c ****             xMessage.u.xCallbackParameters.ulParameter2 = ulParameter2;
1057:Middlewares/Third_Party/FreeRTOS/Source/timers.c **** 
1058:Middlewares/Third_Party/FreeRTOS/Source/timers.c ****             xReturn = xQueueSendFromISR( xTimerQueue, &xMessage, pxHigherPriorityTaskWoken );
 1969              		.loc 1 1058 23 view .LVU560
 1970 000a 0648     		ldr	r0, .L146
 1971              	.LVL163:
1053:Middlewares/Third_Party/FreeRTOS/Source/timers.c ****             xMessage.u.xCallbackParameters.pxCallbackFunction = xFunctionToPend;
 1972              		.loc 1 1053 33 view .LVU561
 1973 000c 5B42     		rsbs	r3, r3, #0
 1974 000e 0093     		str	r3, [sp]
1054:Middlewares/Third_Party/FreeRTOS/Source/timers.c ****             xMessage.u.xCallbackParameters.pxCallbackFunction = xFunctionToPend;
 1975              		.loc 1 1054 13 is_stmt 1 view .LVU562
1055:Middlewares/Third_Party/FreeRTOS/Source/timers.c ****             xMessage.u.xCallbackParameters.pvParameter1 = pvParameter1;
 1976              		.loc 1 1055 13 view .LVU563
1055:Middlewares/Third_Party/FreeRTOS/Source/timers.c ****             xMessage.u.xCallbackParameters.pvParameter1 = pvParameter1;
 1977              		.loc 1 1055 57 is_stmt 0 view .LVU564
 1978 0010 0291     		str	r1, [sp, #8]
1056:Middlewares/Third_Party/FreeRTOS/Source/timers.c **** 
 1979              		.loc 1 1056 13 is_stmt 1 view .LVU565
 1980              		.loc 1 1058 23 is_stmt 0 view .LVU566
 1981 0012 0023     		movs	r3, #0
ARM GAS  /tmp/ccEl6umq.s 			page 62


 1982 0014 6946     		mov	r1, sp
 1983              	.LVL164:
 1984              		.loc 1 1058 23 view .LVU567
 1985 0016 0068     		ldr	r0, [r0]
1056:Middlewares/Third_Party/FreeRTOS/Source/timers.c **** 
 1986              		.loc 1 1056 57 view .LVU568
 1987 0018 0394     		str	r4, [sp, #12]
 1988              		.loc 1 1058 13 is_stmt 1 view .LVU569
 1989              		.loc 1 1058 23 is_stmt 0 view .LVU570
 1990 001a FFF7FEFF 		bl	xQueueGenericSendFromISR
 1991              	.LVL165:
1059:Middlewares/Third_Party/FreeRTOS/Source/timers.c **** 
1060:Middlewares/Third_Party/FreeRTOS/Source/timers.c ****             tracePEND_FUNC_CALL_FROM_ISR( xFunctionToPend, pvParameter1, ulParameter2, xReturn );
 1992              		.loc 1 1060 97 is_stmt 1 view .LVU571
1061:Middlewares/Third_Party/FreeRTOS/Source/timers.c **** 
1062:Middlewares/Third_Party/FreeRTOS/Source/timers.c ****             return xReturn;
 1993              		.loc 1 1062 13 view .LVU572
1063:Middlewares/Third_Party/FreeRTOS/Source/timers.c ****         }
 1994              		.loc 1 1063 9 is_stmt 0 view .LVU573
 1995 001e 04B0     		add	sp, sp, #16
 1996              		@ sp needed
 1997              	.LVL166:
 1998              		.loc 1 1063 9 view .LVU574
 1999 0020 10BD     		pop	{r4, pc}
 2000              	.L147:
 2001 0022 C046     		.align	2
 2002              	.L146:
 2003 0024 00000000 		.word	xTimerQueue
 2004              		.cfi_endproc
 2005              	.LFE25:
 2007              		.section	.text.xTimerPendFunctionCall,"ax",%progbits
 2008              		.align	1
 2009              		.global	xTimerPendFunctionCall
 2010              		.syntax unified
 2011              		.code	16
 2012              		.thumb_func
 2014              	xTimerPendFunctionCall:
 2015              	.LVL167:
 2016              	.LFB26:
1064:Middlewares/Third_Party/FreeRTOS/Source/timers.c **** 
1065:Middlewares/Third_Party/FreeRTOS/Source/timers.c ****     #endif /* INCLUDE_xTimerPendFunctionCall */
1066:Middlewares/Third_Party/FreeRTOS/Source/timers.c **** /*-----------------------------------------------------------*/
1067:Middlewares/Third_Party/FreeRTOS/Source/timers.c **** 
1068:Middlewares/Third_Party/FreeRTOS/Source/timers.c ****     #if ( INCLUDE_xTimerPendFunctionCall == 1 )
1069:Middlewares/Third_Party/FreeRTOS/Source/timers.c **** 
1070:Middlewares/Third_Party/FreeRTOS/Source/timers.c ****         BaseType_t xTimerPendFunctionCall( PendedFunction_t xFunctionToPend,
1071:Middlewares/Third_Party/FreeRTOS/Source/timers.c ****                                            void * pvParameter1,
1072:Middlewares/Third_Party/FreeRTOS/Source/timers.c ****                                            uint32_t ulParameter2,
1073:Middlewares/Third_Party/FreeRTOS/Source/timers.c ****                                            TickType_t xTicksToWait )
1074:Middlewares/Third_Party/FreeRTOS/Source/timers.c ****         {
 2017              		.loc 1 1074 9 is_stmt 1 view -0
 2018              		.cfi_startproc
 2019              		@ args = 0, pretend = 0, frame = 16
 2020              		@ frame_needed = 0, uses_anonymous_args = 0
1075:Middlewares/Third_Party/FreeRTOS/Source/timers.c ****             DaemonTaskMessage_t xMessage;
 2021              		.loc 1 1075 13 view .LVU576
1076:Middlewares/Third_Party/FreeRTOS/Source/timers.c ****             BaseType_t xReturn;
ARM GAS  /tmp/ccEl6umq.s 			page 63


 2022              		.loc 1 1076 13 view .LVU577
1077:Middlewares/Third_Party/FreeRTOS/Source/timers.c **** 
1078:Middlewares/Third_Party/FreeRTOS/Source/timers.c ****             /* This function can only be called after a timer has been created or
1079:Middlewares/Third_Party/FreeRTOS/Source/timers.c ****              * after the scheduler has been started because, until then, the timer
1080:Middlewares/Third_Party/FreeRTOS/Source/timers.c ****              * queue does not exist. */
1081:Middlewares/Third_Party/FreeRTOS/Source/timers.c ****             configASSERT( xTimerQueue );
 2023              		.loc 1 1081 13 view .LVU578
1074:Middlewares/Third_Party/FreeRTOS/Source/timers.c ****             DaemonTaskMessage_t xMessage;
 2024              		.loc 1 1074 9 is_stmt 0 view .LVU579
 2025 0000 30B5     		push	{r4, r5, lr}
 2026              		.cfi_def_cfa_offset 12
 2027              		.cfi_offset 4, -12
 2028              		.cfi_offset 5, -8
 2029              		.cfi_offset 14, -4
 2030 0002 1400     		movs	r4, r2
 2031 0004 1A00     		movs	r2, r3
 2032              	.LVL168:
 2033              		.loc 1 1081 13 view .LVU580
 2034 0006 0A4B     		ldr	r3, .L151
 2035              	.LVL169:
1074:Middlewares/Third_Party/FreeRTOS/Source/timers.c ****             DaemonTaskMessage_t xMessage;
 2036              		.loc 1 1074 9 view .LVU581
 2037 0008 0500     		movs	r5, r0
 2038              		.loc 1 1081 13 view .LVU582
 2039 000a 1868     		ldr	r0, [r3]
 2040              	.LVL170:
1074:Middlewares/Third_Party/FreeRTOS/Source/timers.c ****             DaemonTaskMessage_t xMessage;
 2041              		.loc 1 1074 9 view .LVU583
 2042 000c 85B0     		sub	sp, sp, #20
 2043              		.cfi_def_cfa_offset 32
 2044              		.loc 1 1081 13 view .LVU584
 2045 000e 0028     		cmp	r0, #0
 2046 0010 01D1     		bne	.L149
 2047              		.loc 1 1081 13 is_stmt 1 discriminator 1 view .LVU585
 2048              		.syntax divided
 2049              	@ 1081 "Middlewares/Third_Party/FreeRTOS/Source/timers.c" 1
 2050 0012 72B6     		 cpsid i 
 2051              	@ 0 "" 2
 2052              		.thumb
 2053              		.syntax unified
 2054              	.L150:
 2055              		.loc 1 1081 13 discriminator 3 view .LVU586
 2056              		.loc 1 1081 13 discriminator 3 view .LVU587
 2057 0014 FEE7     		b	.L150
 2058              	.L149:
 2059              		.loc 1 1081 40 discriminator 2 view .LVU588
1082:Middlewares/Third_Party/FreeRTOS/Source/timers.c **** 
1083:Middlewares/Third_Party/FreeRTOS/Source/timers.c ****             /* Complete the message with the function parameters and post it to the
1084:Middlewares/Third_Party/FreeRTOS/Source/timers.c ****              * daemon task. */
1085:Middlewares/Third_Party/FreeRTOS/Source/timers.c ****             xMessage.xMessageID = tmrCOMMAND_EXECUTE_CALLBACK;
 2060              		.loc 1 1085 13 view .LVU589
 2061              		.loc 1 1085 33 is_stmt 0 view .LVU590
 2062 0016 0123     		movs	r3, #1
 2063 0018 5B42     		rsbs	r3, r3, #0
 2064 001a 0093     		str	r3, [sp]
1086:Middlewares/Third_Party/FreeRTOS/Source/timers.c ****             xMessage.u.xCallbackParameters.pxCallbackFunction = xFunctionToPend;
 2065              		.loc 1 1086 13 is_stmt 1 view .LVU591
ARM GAS  /tmp/ccEl6umq.s 			page 64


1087:Middlewares/Third_Party/FreeRTOS/Source/timers.c ****             xMessage.u.xCallbackParameters.pvParameter1 = pvParameter1;
 2066              		.loc 1 1087 57 is_stmt 0 view .LVU592
 2067 001c 0291     		str	r1, [sp, #8]
1088:Middlewares/Third_Party/FreeRTOS/Source/timers.c ****             xMessage.u.xCallbackParameters.ulParameter2 = ulParameter2;
1089:Middlewares/Third_Party/FreeRTOS/Source/timers.c **** 
1090:Middlewares/Third_Party/FreeRTOS/Source/timers.c ****             xReturn = xQueueSendToBack( xTimerQueue, &xMessage, xTicksToWait );
 2068              		.loc 1 1090 23 view .LVU593
 2069 001e 0023     		movs	r3, #0
 2070 0020 6946     		mov	r1, sp
 2071              	.LVL171:
1086:Middlewares/Third_Party/FreeRTOS/Source/timers.c ****             xMessage.u.xCallbackParameters.pvParameter1 = pvParameter1;
 2072              		.loc 1 1086 63 view .LVU594
 2073 0022 0195     		str	r5, [sp, #4]
1087:Middlewares/Third_Party/FreeRTOS/Source/timers.c ****             xMessage.u.xCallbackParameters.pvParameter1 = pvParameter1;
 2074              		.loc 1 1087 13 is_stmt 1 view .LVU595
1088:Middlewares/Third_Party/FreeRTOS/Source/timers.c ****             xMessage.u.xCallbackParameters.ulParameter2 = ulParameter2;
 2075              		.loc 1 1088 13 view .LVU596
1088:Middlewares/Third_Party/FreeRTOS/Source/timers.c ****             xMessage.u.xCallbackParameters.ulParameter2 = ulParameter2;
 2076              		.loc 1 1088 57 is_stmt 0 view .LVU597
 2077 0024 0394     		str	r4, [sp, #12]
 2078              		.loc 1 1090 13 is_stmt 1 view .LVU598
 2079              		.loc 1 1090 23 is_stmt 0 view .LVU599
 2080 0026 FFF7FEFF 		bl	xQueueGenericSend
 2081              	.LVL172:
1091:Middlewares/Third_Party/FreeRTOS/Source/timers.c **** 
1092:Middlewares/Third_Party/FreeRTOS/Source/timers.c ****             tracePEND_FUNC_CALL( xFunctionToPend, pvParameter1, ulParameter2, xReturn );
 2082              		.loc 1 1092 88 is_stmt 1 view .LVU600
1093:Middlewares/Third_Party/FreeRTOS/Source/timers.c **** 
1094:Middlewares/Third_Party/FreeRTOS/Source/timers.c ****             return xReturn;
 2083              		.loc 1 1094 13 view .LVU601
1095:Middlewares/Third_Party/FreeRTOS/Source/timers.c ****         }
 2084              		.loc 1 1095 9 is_stmt 0 view .LVU602
 2085 002a 05B0     		add	sp, sp, #20
 2086              		@ sp needed
 2087              	.LVL173:
 2088              	.LVL174:
 2089              		.loc 1 1095 9 view .LVU603
 2090 002c 30BD     		pop	{r4, r5, pc}
 2091              	.L152:
 2092 002e C046     		.align	2
 2093              	.L151:
 2094 0030 00000000 		.word	xTimerQueue
 2095              		.cfi_endproc
 2096              	.LFE26:
 2098              		.section	.text.uxTimerGetTimerNumber,"ax",%progbits
 2099              		.align	1
 2100              		.global	uxTimerGetTimerNumber
 2101              		.syntax unified
 2102              		.code	16
 2103              		.thumb_func
 2105              	uxTimerGetTimerNumber:
 2106              	.LVL175:
 2107              	.LFB27:
1096:Middlewares/Third_Party/FreeRTOS/Source/timers.c **** 
1097:Middlewares/Third_Party/FreeRTOS/Source/timers.c ****     #endif /* INCLUDE_xTimerPendFunctionCall */
1098:Middlewares/Third_Party/FreeRTOS/Source/timers.c **** /*-----------------------------------------------------------*/
1099:Middlewares/Third_Party/FreeRTOS/Source/timers.c **** 
ARM GAS  /tmp/ccEl6umq.s 			page 65


1100:Middlewares/Third_Party/FreeRTOS/Source/timers.c ****     #if ( configUSE_TRACE_FACILITY == 1 )
1101:Middlewares/Third_Party/FreeRTOS/Source/timers.c **** 
1102:Middlewares/Third_Party/FreeRTOS/Source/timers.c ****         UBaseType_t uxTimerGetTimerNumber( TimerHandle_t xTimer )
1103:Middlewares/Third_Party/FreeRTOS/Source/timers.c ****         {
 2108              		.loc 1 1103 9 is_stmt 1 view -0
 2109              		.cfi_startproc
 2110              		@ args = 0, pretend = 0, frame = 0
 2111              		@ frame_needed = 0, uses_anonymous_args = 0
 2112              		@ link register save eliminated.
1104:Middlewares/Third_Party/FreeRTOS/Source/timers.c ****             return ( ( Timer_t * ) xTimer )->uxTimerNumber;
 2113              		.loc 1 1104 13 view .LVU605
 2114              		.loc 1 1104 44 is_stmt 0 discriminator 1 view .LVU606
 2115 0000 406A     		ldr	r0, [r0, #36]
 2116              	.LVL176:
1105:Middlewares/Third_Party/FreeRTOS/Source/timers.c ****         }
 2117              		.loc 1 1105 9 view .LVU607
 2118              		@ sp needed
 2119 0002 7047     		bx	lr
 2120              		.cfi_endproc
 2121              	.LFE27:
 2123              		.section	.text.vTimerSetTimerNumber,"ax",%progbits
 2124              		.align	1
 2125              		.global	vTimerSetTimerNumber
 2126              		.syntax unified
 2127              		.code	16
 2128              		.thumb_func
 2130              	vTimerSetTimerNumber:
 2131              	.LVL177:
 2132              	.LFB28:
1106:Middlewares/Third_Party/FreeRTOS/Source/timers.c **** 
1107:Middlewares/Third_Party/FreeRTOS/Source/timers.c ****     #endif /* configUSE_TRACE_FACILITY */
1108:Middlewares/Third_Party/FreeRTOS/Source/timers.c **** /*-----------------------------------------------------------*/
1109:Middlewares/Third_Party/FreeRTOS/Source/timers.c **** 
1110:Middlewares/Third_Party/FreeRTOS/Source/timers.c ****     #if ( configUSE_TRACE_FACILITY == 1 )
1111:Middlewares/Third_Party/FreeRTOS/Source/timers.c **** 
1112:Middlewares/Third_Party/FreeRTOS/Source/timers.c ****         void vTimerSetTimerNumber( TimerHandle_t xTimer,
1113:Middlewares/Third_Party/FreeRTOS/Source/timers.c ****                                    UBaseType_t uxTimerNumber )
1114:Middlewares/Third_Party/FreeRTOS/Source/timers.c ****         {
 2133              		.loc 1 1114 9 is_stmt 1 view -0
 2134              		.cfi_startproc
 2135              		@ args = 0, pretend = 0, frame = 0
 2136              		@ frame_needed = 0, uses_anonymous_args = 0
 2137              		@ link register save eliminated.
1115:Middlewares/Third_Party/FreeRTOS/Source/timers.c ****             ( ( Timer_t * ) xTimer )->uxTimerNumber = uxTimerNumber;
 2138              		.loc 1 1115 13 view .LVU609
 2139              		.loc 1 1115 53 is_stmt 0 view .LVU610
 2140 0000 4162     		str	r1, [r0, #36]
1116:Middlewares/Third_Party/FreeRTOS/Source/timers.c ****         }
 2141              		.loc 1 1116 9 view .LVU611
 2142              		@ sp needed
 2143 0002 7047     		bx	lr
 2144              		.cfi_endproc
 2145              	.LFE28:
 2147              		.section	.bss.xStaticTimerQueue.0,"aw",%nobits
 2148              		.align	2
 2151              	xStaticTimerQueue.0:
 2152 0000 00000000 		.space	80
ARM GAS  /tmp/ccEl6umq.s 			page 66


 2152      00000000 
 2152      00000000 
 2152      00000000 
 2152      00000000 
 2153              		.section	.bss.ucStaticTimerQueueStorage.1,"aw",%nobits
 2156              	ucStaticTimerQueueStorage.1:
 2157 0000 00000000 		.space	160
 2157      00000000 
 2157      00000000 
 2157      00000000 
 2157      00000000 
 2158              		.section	.bss.xLastTime.2,"aw",%nobits
 2159              		.align	2
 2162              	xLastTime.2:
 2163 0000 00000000 		.space	4
 2164              		.section	.bss.xTimerTaskHandle,"aw",%nobits
 2165              		.align	2
 2168              	xTimerTaskHandle:
 2169 0000 00000000 		.space	4
 2170              		.section	.bss.xTimerQueue,"aw",%nobits
 2171              		.align	2
 2174              	xTimerQueue:
 2175 0000 00000000 		.space	4
 2176              		.section	.bss.pxOverflowTimerList,"aw",%nobits
 2177              		.align	2
 2180              	pxOverflowTimerList:
 2181 0000 00000000 		.space	4
 2182              		.section	.bss.pxCurrentTimerList,"aw",%nobits
 2183              		.align	2
 2186              	pxCurrentTimerList:
 2187 0000 00000000 		.space	4
 2188              		.section	.bss.xActiveTimerList2,"aw",%nobits
 2189              		.align	2
 2192              	xActiveTimerList2:
 2193 0000 00000000 		.space	20
 2193      00000000 
 2193      00000000 
 2193      00000000 
 2193      00000000 
 2194              		.section	.bss.xActiveTimerList1,"aw",%nobits
 2195              		.align	2
 2198              	xActiveTimerList1:
 2199 0000 00000000 		.space	20
 2199      00000000 
 2199      00000000 
 2199      00000000 
 2199      00000000 
 2200              		.text
 2201              	.Letext0:
 2202              		.file 2 "/usr/lib/gcc/arm-none-eabi/13.2.1/include/stddef.h"
 2203              		.file 3 "/usr/lib/gcc/arm-none-eabi/13.2.1/include/stdint.h"
 2204              		.file 4 "Middlewares/Third_Party/FreeRTOS/Source/include/projdefs.h"
 2205              		.file 5 "Middlewares/Third_Party/FreeRTOS/Source/portable/GCC/ARM_CM0/portmacro.h"
 2206              		.file 6 "Middlewares/Third_Party/FreeRTOS/Source/include/FreeRTOS.h"
 2207              		.file 7 "Middlewares/Third_Party/FreeRTOS/Source/include/list.h"
 2208              		.file 8 "Middlewares/Third_Party/FreeRTOS/Source/include/task.h"
 2209              		.file 9 "Middlewares/Third_Party/FreeRTOS/Source/include/queue.h"
ARM GAS  /tmp/ccEl6umq.s 			page 67


 2210              		.file 10 "Middlewares/Third_Party/FreeRTOS/Source/include/timers.h"
 2211              		.file 11 "Middlewares/Third_Party/FreeRTOS/Source/include/portable.h"
ARM GAS  /tmp/ccEl6umq.s 			page 68


DEFINED SYMBOLS
                            *ABS*:00000000 timers.c
     /tmp/ccEl6umq.s:19     .text.prvInsertTimerInActiveList:00000000 $t
     /tmp/ccEl6umq.s:24     .text.prvInsertTimerInActiveList:00000000 prvInsertTimerInActiveList
     /tmp/ccEl6umq.s:102    .text.prvInsertTimerInActiveList:00000034 $d
     /tmp/ccEl6umq.s:2180   .bss.pxOverflowTimerList:00000000 pxOverflowTimerList
     /tmp/ccEl6umq.s:2186   .bss.pxCurrentTimerList:00000000 pxCurrentTimerList
     /tmp/ccEl6umq.s:108    .text.prvReloadTimer:00000000 $t
     /tmp/ccEl6umq.s:113    .text.prvReloadTimer:00000000 prvReloadTimer
     /tmp/ccEl6umq.s:172    .text.prvProcessExpiredTimer:00000000 $t
     /tmp/ccEl6umq.s:177    .text.prvProcessExpiredTimer:00000000 prvProcessExpiredTimer
     /tmp/ccEl6umq.s:252    .text.prvProcessExpiredTimer:00000038 $d
     /tmp/ccEl6umq.s:257    .text.prvSampleTimeNow:00000000 $t
     /tmp/ccEl6umq.s:262    .text.prvSampleTimeNow:00000000 prvSampleTimeNow
     /tmp/ccEl6umq.s:367    .text.prvSampleTimeNow:00000044 $d
     /tmp/ccEl6umq.s:2162   .bss.xLastTime.2:00000000 xLastTime.2
     /tmp/ccEl6umq.s:376    .text.prvTimerTask:00000000 $t
     /tmp/ccEl6umq.s:381    .text.prvTimerTask:00000000 prvTimerTask
     /tmp/ccEl6umq.s:542    .text.prvTimerTask:00000078 $d
     /tmp/ccEl6umq.s:750    .text.prvTimerTask:0000012c $d
     /tmp/ccEl6umq.s:2174   .bss.xTimerQueue:00000000 xTimerQueue
     /tmp/ccEl6umq.s:762    .text.prvCheckForValidListAndQueue:00000000 $t
     /tmp/ccEl6umq.s:767    .text.prvCheckForValidListAndQueue:00000000 prvCheckForValidListAndQueue
     /tmp/ccEl6umq.s:857    .text.prvCheckForValidListAndQueue:00000048 $d
     /tmp/ccEl6umq.s:2198   .bss.xActiveTimerList1:00000000 xActiveTimerList1
     /tmp/ccEl6umq.s:2192   .bss.xActiveTimerList2:00000000 xActiveTimerList2
     /tmp/ccEl6umq.s:2156   .bss.ucStaticTimerQueueStorage.1:00000000 ucStaticTimerQueueStorage.1
     /tmp/ccEl6umq.s:2151   .bss.xStaticTimerQueue.0:00000000 xStaticTimerQueue.0
     /tmp/ccEl6umq.s:872    .text.xTimerCreateTimerTask:00000000 $t
     /tmp/ccEl6umq.s:878    .text.xTimerCreateTimerTask:00000000 xTimerCreateTimerTask
     /tmp/ccEl6umq.s:967    .text.xTimerCreateTimerTask:0000004c $d
     /tmp/ccEl6umq.s:2168   .bss.xTimerTaskHandle:00000000 xTimerTaskHandle
     /tmp/ccEl6umq.s:975    .text.xTimerCreate:00000000 $t
     /tmp/ccEl6umq.s:981    .text.xTimerCreate:00000000 xTimerCreate
     /tmp/ccEl6umq.s:1107   .text.xTimerCreateStatic:00000000 $t
     /tmp/ccEl6umq.s:1113   .text.xTimerCreateStatic:00000000 xTimerCreateStatic
     /tmp/ccEl6umq.s:1280   .text.xTimerGenericCommand:00000000 $t
     /tmp/ccEl6umq.s:1286   .text.xTimerGenericCommand:00000000 xTimerGenericCommand
     /tmp/ccEl6umq.s:1390   .text.xTimerGenericCommand:00000048 $d
     /tmp/ccEl6umq.s:1395   .text.xTimerGetTimerDaemonTaskHandle:00000000 $t
     /tmp/ccEl6umq.s:1401   .text.xTimerGetTimerDaemonTaskHandle:00000000 xTimerGetTimerDaemonTaskHandle
     /tmp/ccEl6umq.s:1431   .text.xTimerGetTimerDaemonTaskHandle:00000010 $d
     /tmp/ccEl6umq.s:1436   .text.xTimerGetPeriod:00000000 $t
     /tmp/ccEl6umq.s:1442   .text.xTimerGetPeriod:00000000 xTimerGetPeriod
     /tmp/ccEl6umq.s:1478   .text.vTimerSetReloadMode:00000000 $t
     /tmp/ccEl6umq.s:1484   .text.vTimerSetReloadMode:00000000 vTimerSetReloadMode
     /tmp/ccEl6umq.s:1554   .text.xTimerGetReloadMode:00000000 $t
     /tmp/ccEl6umq.s:1560   .text.xTimerGetReloadMode:00000000 xTimerGetReloadMode
     /tmp/ccEl6umq.s:1632   .text.uxTimerGetReloadMode:00000000 $t
     /tmp/ccEl6umq.s:1638   .text.uxTimerGetReloadMode:00000000 uxTimerGetReloadMode
     /tmp/ccEl6umq.s:1661   .text.xTimerGetExpiryTime:00000000 $t
     /tmp/ccEl6umq.s:1667   .text.xTimerGetExpiryTime:00000000 xTimerGetExpiryTime
     /tmp/ccEl6umq.s:1706   .text.pcTimerGetName:00000000 $t
     /tmp/ccEl6umq.s:1712   .text.pcTimerGetName:00000000 pcTimerGetName
     /tmp/ccEl6umq.s:1748   .text.xTimerIsTimerActive:00000000 $t
     /tmp/ccEl6umq.s:1754   .text.xTimerIsTimerActive:00000000 xTimerIsTimerActive
     /tmp/ccEl6umq.s:1815   .text.pvTimerGetTimerID:00000000 $t
ARM GAS  /tmp/ccEl6umq.s 			page 69


     /tmp/ccEl6umq.s:1821   .text.pvTimerGetTimerID:00000000 pvTimerGetTimerID
     /tmp/ccEl6umq.s:1875   .text.vTimerSetTimerID:00000000 $t
     /tmp/ccEl6umq.s:1881   .text.vTimerSetTimerID:00000000 vTimerSetTimerID
     /tmp/ccEl6umq.s:1935   .text.xTimerPendFunctionCallFromISR:00000000 $t
     /tmp/ccEl6umq.s:1941   .text.xTimerPendFunctionCallFromISR:00000000 xTimerPendFunctionCallFromISR
     /tmp/ccEl6umq.s:2003   .text.xTimerPendFunctionCallFromISR:00000024 $d
     /tmp/ccEl6umq.s:2008   .text.xTimerPendFunctionCall:00000000 $t
     /tmp/ccEl6umq.s:2014   .text.xTimerPendFunctionCall:00000000 xTimerPendFunctionCall
     /tmp/ccEl6umq.s:2094   .text.xTimerPendFunctionCall:00000030 $d
     /tmp/ccEl6umq.s:2099   .text.uxTimerGetTimerNumber:00000000 $t
     /tmp/ccEl6umq.s:2105   .text.uxTimerGetTimerNumber:00000000 uxTimerGetTimerNumber
     /tmp/ccEl6umq.s:2124   .text.vTimerSetTimerNumber:00000000 $t
     /tmp/ccEl6umq.s:2130   .text.vTimerSetTimerNumber:00000000 vTimerSetTimerNumber
     /tmp/ccEl6umq.s:2148   .bss.xStaticTimerQueue.0:00000000 $d
     /tmp/ccEl6umq.s:2157   .bss.ucStaticTimerQueueStorage.1:00000000 $d
     /tmp/ccEl6umq.s:2159   .bss.xLastTime.2:00000000 $d
     /tmp/ccEl6umq.s:2165   .bss.xTimerTaskHandle:00000000 $d
     /tmp/ccEl6umq.s:2171   .bss.xTimerQueue:00000000 $d
     /tmp/ccEl6umq.s:2177   .bss.pxOverflowTimerList:00000000 $d
     /tmp/ccEl6umq.s:2183   .bss.pxCurrentTimerList:00000000 $d
     /tmp/ccEl6umq.s:2189   .bss.xActiveTimerList2:00000000 $d
     /tmp/ccEl6umq.s:2195   .bss.xActiveTimerList1:00000000 $d
     /tmp/ccEl6umq.s:552    .text.prvTimerTask:00000081 $d
     /tmp/ccEl6umq.s:552    .text.prvTimerTask:00000082 $t
                           .group:00000000 wm4.0.1a22b6a18e233ac4483d4e03a6014323
                           .group:00000000 wm4.ieeefp.h.77.fbf6f2f498a71d39a0aaf172d6680419
                           .group:00000000 wm4._newlib_version.h.4.411db44ea2338a62eca2f0777f81481b
                           .group:00000000 wm4.newlib.h.27.07bf1b8b16da454ae07478107717878b
                           .group:00000000 wm4.features.h.22.4e5514d51694f64cae235f84d9e565a5
                           .group:00000000 wm4.config.h.224.10ee1ad185d877c6e334e6581faab44d
                           .group:00000000 wm4._ansi.h.31.de524f58584151836e90d8620a16f8e8
                           .group:00000000 wm4.stdlib.h.13.4ed386f5c1a80d71e72172885d946ef2
                           .group:00000000 wm4.stddef.h.185.882514a1a6169ceba9142f401cbe27c6
                           .group:00000000 wm4.stddef.h.39.794fa375de48dda278c4aebb5c74aa5b
                           .group:00000000 wm4._default_types.h.6.959254cf5f09734ea7516c89e8bb21bd
                           .group:00000000 wm4.cdefs.h.49.70fc7af612f78ddcace70fdd90b5623b
                           .group:00000000 wm4._types.h.20.dd0d04dca3800a0d2a6129b87f3adbb2
                           .group:00000000 wm4.stddef.h.158.6f8e08a347b1cff664332fa350bfceb3
                           .group:00000000 wm4._types.h.127.3bdfe3ff8ea2d0985b03d9cbe93480e3
                           .group:00000000 wm4.reent.h.18.25503cdc8b7e55dd0d6ea7b3e5af7a03
                           .group:00000000 wm4.lock.h.2.c0958401bd0ce484d507ee19aacab817
                           .group:00000000 wm4.reent.h.78.7f0775353a33c852a1479c008f68cd03
                           .group:00000000 wm4.alloca.h.8.dfc0c703c47ec3e69746825b17d9e66d
                           .group:00000000 wm4.stdlib.h.56.f4862cfbf4363a1db01842d5bdf72c18
                           .group:00000000 wm4.stdint.h.29.6d480f4ba0f60596e88234283d42444f
                           .group:00000000 wm4.FreeRTOSConfig.h.32.4fbc611a9868fbd53ed4eacb9fd8114e
                           .group:00000000 wm4.projdefs.h.30.0702c8e11543ad65b967f8cb76fed320
                           .group:00000000 wm4.portmacro.h.31.843369dbea38d7b2939e41be1fb06b1d
                           .group:00000000 wm4.portable.h.61.be9f7fc94043ef4a5a9b3e0aa96123ec
                           .group:00000000 wm4.mpu_wrappers.h.30.2bb66a1a6b51d1b3041641542d3e6c66
                           .group:00000000 wm4.portable.h.187.30f79afec3fd80e5ecc03308b5b7a82e
                           .group:00000000 wm4.FreeRTOS.h.69.ef4231dbc21c19467c5dad60410d71fc
                           .group:00000000 wm4.list.h.59.331af9c13784c3bf1b9fce5389c35037
                           .group:00000000 wm4.task.h.56.1d19fc4e1b188ff758d8adc55348144a
                           .group:00000000 wm4.queue.h.68.d0928f5a84a6afa99ca7402e51fbd945
                           .group:00000000 wm4.timers.h.31.66ebcd2d44a2c3d69f2bf78390c55c74

ARM GAS  /tmp/ccEl6umq.s 			page 70


UNDEFINED SYMBOLS
vListInsert
uxListRemove
xTaskGetTickCount
vTaskSuspendAll
xTaskResumeAll
xQueueReceive
__gnu_thumb1_case_uqi
vQueueWaitForMessageRestricted
vPortYield
vPortFree
vPortEnterCritical
vListInitialise
xQueueGenericCreateStatic
vQueueAddToRegistry
vPortExitCritical
vApplicationGetTimerTaskMemory
xTaskCreateStatic
pvPortMalloc
vListInitialiseItem
xTaskGetSchedulerState
xQueueGenericSend
xQueueGenericSendFromISR
